id,gender,NationalITy,PlaceofBirth,StageID,GradeID,SectionID,Topic,Semester,Relation,ParentAnsweringSurvey,ParentschoolSatisfaction,StudentAbsenceDays,raisedhands,VisITedResources,AnnouncementsView,Discussion,class
0,F,Palestine,SaudiArabia,MiddleSchool,G-06,A,Geology,F,Mum,No,Good,Above-7,x>75,x>74,49<x<73,50<x<74,0
1,M,Iran,Syria,lowerlevel,G-10,A,Geology,S,Father,No,Good,Under-7,50<x<75,24<x<49,x>73,25<x<50,1
2,M,Palestine,Iraq,HighSchool,G-11,C,Chemistry,S,Mum,Yes,Bad,Under-7,50<x<75,49<x<74,49<x<73,50<x<74,1
3,F,Iran,Morocco,MiddleSchool,G-10,B,Science,F,Mum,No,Bad,Above-7,25<x<50,0<x<24,0<x<24,x>74,1
4,M,Morocco,Egypt,lowerlevel,G-06,B,English,S,Father,No,Good,Above-7,50<x<75,49<x<74,0<x<24,50<x<74,1
5,F,venzuela,Morocco,lowerlevel,G-09,B,History,F,Mum,No,Good,Under-7,25<x<50,x>74,x<0,x>74,1
6,M,KW,Iraq,MiddleSchool,G-10,C,Quran,F,Father,Yes,Bad,Under-7,25<x<50,x>74,24<x<49,25<x<50,1
7,F,Iraq,SaudiArabia,lowerlevel,G-10,B,Math,S,Father,Yes,Good,Under-7,0<x<25,49<x<74,0<x<24,1<x<25,1
8,M,SaudiArabia,venzuela,MiddleSchool,G-12,C,Science,S,Mum,No,Good,Under-7,x<0,x>74,0<x<24,25<x<50,1
9,F,Jordan,lebanon,MiddleSchool,G-10,C,History,F,Mum,Yes,Bad,Under-7,x>75,0<x<24,49<x<73,1<x<25,0
10,M,Egypt,lebanon,MiddleSchool,G-07,A,French,S,Father,No,Good,Above-7,x>75,x>74,0<x<24,x>74,1
11,M,Jordan,lebanon,MiddleSchool,G-09,C,IT,S,Father,Yes,Bad,Under-7,x>75,49<x<74,49<x<73,25<x<50,0
12,M,Syria,venzuela,lowerlevel,G-10,C,Science,S,Father,No,Good,Above-7,25<x<50,x>74,24<x<49,x>74,1
13,F,Iran,USA,HighSchool,G-10,A,English,F,Father,No,Bad,Under-7,50<x<75,x>74,x>73,50<x<74,0
14,F,Iran,Tunis,HighSchool,G-10,C,Biology,S,Father,Yes,Good,Above-7,0<x<25,x>74,0<x<24,1<x<25,1
15,M,Iran,Iraq,lowerlevel,G-12,B,Biology,S,Mum,Yes,Good,Above-7,50<x<75,49<x<74,49<x<73,50<x<74,1
16,M,Morocco,Palestine,lowerlevel,G-09,B,Biology,F,Mum,No,Bad,Under-7,25<x<50,24<x<49,49<x<73,50<x<74,1
17,M,SaudiArabia,Iraq,HighSchool,G-05,A,Chemistry,F,Father,No,Bad,Under-7,25<x<50,24<x<49,24<x<49,1<x<25,1
18,F,Jordan,Jordan,lowerlevel,G-12,A,History,S,Mum,Yes,Bad,Under-7,0<x<25,24<x<49,24<x<49,50<x<74,1
19,F,Iran,lebanon,HighSchool,G-08,B,IT,F,Mum,Yes,Bad,Above-7,50<x<75,0<x<24,0<x<24,50<x<74,1
20,F,venzuela,Morocco,HighSchool,G-07,B,Chemistry,F,Father,No,Good,Under-7,25<x<50,49<x<74,x>73,1<x<25,1
21,M,KW,USA,HighSchool,G-12,C,Math,F,Father,No,Good,Above-7,0<x<25,x>74,49<x<73,1<x<25,1
22,M,Lybia,venzuela,lowerlevel,G-06,A,Chemistry,S,Mum,No,Good,Above-7,x>75,x>74,49<x<73,1<x<25,0
23,F,Iraq,KuwaIT,HighSchool,G-07,B,Quran,S,Mum,Yes,Bad,Above-7,0<x<25,0<x<24,x>73,50<x<74,1
24,M,venzuela,Jordan,HighSchool,G-08,C,Spanish,F,Mum,Yes,Good,Under-7,0<x<25,24<x<49,0<x<24,x>74,1
25,M,USA,Iran,HighSchool,G-02,A,Math,F,Mum,Yes,Bad,Above-7,50<x<75,x>74,49<x<73,1<x<25,1
26,M,Syria,USA,MiddleSchool,G-02,C,Spanish,S,Mum,No,Bad,Above-7,25<x<50,x>74,49<x<73,25<x<50,1
27,F,Iran,Palestine,HighSchool,G-08,C,Geology,S,Father,No,Good,Under-7,25<x<50,24<x<49,24<x<49,50<x<74,1
28,M,Iraq,Tunis,MiddleSchool,G-11,C,Chemistry,S,Father,Yes,Good,Under-7,50<x<75,0<x<24,0<x<24,25<x<50,1
29,M,Palestine,Syria,HighSchool,G-02,A,History,F,Father,Yes,Bad,Under-7,0<x<25,49<x<74,49<x<73,50<x<74,1
30,M,Palestine,Tunis,MiddleSchool,G-11,A,Quran,S,Mum,No,Good,Above-7,x>75,24<x<49,0<x<24,25<x<50,1
31,M,venzuela,Jordan,MiddleSchool,G-07,B,Geology,S,Mum,Yes,Bad,Above-7,25<x<50,24<x<49,x>73,50<x<74,1
32,M,Jordan,SaudiArabia,lowerlevel,G-05,C,Quran,F,Father,No,Bad,Above-7,x>75,x>74,49<x<73,x>74,0
33,F,Lybia,Egypt,MiddleSchool,G-04,C,Chemistry,S,Mum,Yes,Good,Above-7,0<x<25,49<x<74,x>73,25<x<50,1
34,F,SaudiArabia,venzuela,HighSchool,G-02,B,Science,F,Father,No,Bad,Under-7,x>75,x>74,0<x<24,1<x<25,0
35,M,Iran,Syria,lowerlevel,G-06,C,Spanish,F,Mum,Yes,Good,Under-7,x>75,x>74,49<x<73,1<x<25,0
36,F,Palestine,Iran,HighSchool,G-02,B,Biology,S,Father,No,Bad,Above-7,0<x<25,0<x<24,24<x<49,x<1,1
37,M,venzuela,Jordan,lowerlevel,G-07,A,French,S,Father,No,Good,Above-7,25<x<50,x>74,0<x<24,x>74,1
38,F,Palestine,venzuela,HighSchool,G-12,C,Geology,F,Mum,Yes,Bad,Above-7,x>75,49<x<74,0<x<24,1<x<25,0
39,F,Syria,Egypt,MiddleSchool,G-11,C,History,S,Father,No,Good,Under-7,0<x<25,0<x<24,49<x<73,x>74,1
40,M,SaudiArabia,Tunis,HighSchool,G-09,B,Arabic,F,Father,No,Good,Under-7,0<x<25,0<x<24,x<0,50<x<74,1
41,F,SaudiArabia,Syria,lowerlevel,G-12,C,Math,F,Mum,Yes,Good,Above-7,50<x<75,24<x<49,x>73,x>74,0
42,F,SaudiArabia,Iraq,HighSchool,G-02,A,Science,F,Mum,Yes,Bad,Under-7,x>75,0<x<24,49<x<73,50<x<74,0
43,F,Morocco,Syria,MiddleSchool,G-07,A,History,S,Father,No,Good,Above-7,x>75,24<x<49,0<x<24,x>74,1
44,F,Egypt,Iran,MiddleSchool,G-09,B,Math,F,Father,Yes,Good,Under-7,50<x<75,0<x<24,x>73,1<x<25,1
45,M,lebanon,Palestine,MiddleSchool,G-04,A,History,S,Mum,No,Good,Above-7,0<x<25,24<x<49,0<x<24,25<x<50,1
46,F,Iraq,lebanon,MiddleSchool,G-10,B,French,S,Father,Yes,Bad,Under-7,x>75,x>74,x>73,50<x<74,0
47,F,Syria,USA,lowerlevel,G-02,C,Geology,F,Father,Yes,Bad,Above-7,0<x<25,49<x<74,0<x<24,50<x<74,0
48,F,Lybia,Jordan,lowerlevel,G-06,A,Chemistry,S,Mum,No,Bad,Under-7,x>75,0<x<24,x<0,1<x<25,1
49,F,Iran,Jordan,lowerlevel,G-08,B,Quran,S,Father,Yes,Bad,Above-7,25<x<50,0<x<24,0<x<24,x>74,1
50,F,SaudiArabia,Syria,MiddleSchool,G-02,C,History,S,Father,Yes,Good,Above-7,x>75,24<x<49,x>73,50<x<74,0
51,F,Jordan,Egypt,MiddleSchool,G-09,C,Quran,S,Mum,No,Bad,Under-7,25<x<50,0<x<24,0<x<24,1<x<25,1
52,F,Lybia,Jordan,lowerlevel,G-06,C,Science,F,Father,Yes,Bad,Under-7,x>75,24<x<49,24<x<49,x>74,1
53,F,Palestine,Jordan,lowerlevel,G-07,B,Geology,F,Father,Yes,Good,Above-7,50<x<75,24<x<49,49<x<73,25<x<50,1
54,M,SaudiArabia,Iran,HighSchool,G-10,B,Science,S,Mum,Yes,Good,Under-7,50<x<75,49<x<74,0<x<24,50<x<74,1
55,M,Egypt,lebanon,lowerlevel,G-10,B,Biology,F,Father,No,Good,Under-7,50<x<75,49<x<74,0<x<24,50<x<74,1
56,M,Jordan,Morocco,lowerlevel,G-06,B,IT,F,Father,No,Good,Under-7,x<0,0<x<24,49<x<73,25<x<50,1
57,M,Lybia,Syria,HighSchool,G-02,C,Math,F,Father,No,Good,Under-7,0<x<25,x<0,24<x<49,50<x<74,1
58,M,SaudiArabia,SaudiArabia,HighSchool,G-02,B,English,F,Mum,Yes,Good,Under-7,0<x<25,24<x<49,24<x<49,50<x<74,1
59,M,Iran,USA,lowerlevel,G-10,C,Biology,F,Mum,Yes,Bad,Under-7,x>75,0<x<24,x>73,1<x<25,1
60,M,lebanon,Egypt,MiddleSchool,G-08,C,History,S,Father,No,Good,Above-7,0<x<25,x>74,x>73,x>74,1
61,F,Morocco,USA,lowerlevel,G-09,C,Arabic,F,Father,No,Bad,Above-7,50<x<75,49<x<74,49<x<73,25<x<50,1
62,M,venzuela,Lybia,MiddleSchool,G-12,B,Quran,F,Father,Yes,Good,Under-7,50<x<75,x>74,0<x<24,1<x<25,1
63,M,Iran,venzuela,HighSchool,G-04,C,Geology,S,Mum,No,Bad,Above-7,x>75,x>74,x>73,1<x<25,0
64,M,venzuela,USA,MiddleSchool,G-04,B,Chemistry,F,Mum,Yes,Bad,Under-7,25<x<50,0<x<24,24<x<49,50<x<74,0
65,F,Syria,lebanon,HighSchool,G-08,C,IT,S,Father,No,Good,Above-7,x>75,49<x<74,24<x<49,x>74,1
66,F,Tunis,USA,MiddleSchool,G-07,C,Arabic,F,Mum,Yes,Bad,Under-7,25<x<50,24<x<49,0<x<24,25<x<50,1
67,M,Iraq,USA,HighSchool,G-08,C,Arabic,F,Father,No,Good,Above-7,0<x<25,x>74,24<x<49,50<x<74,1
68,F,Palestine,Jordan,MiddleSchool,G-05,C,Biology,F,Father,No,Good,Above-7,x>75,24<x<49,49<x<73,50<x<74,1
69,M,KW,lebanon,lowerlevel,G-09,A,Math,F,Mum,No,Good,Above-7,50<x<75,49<x<74,x>73,1<x<25,0
70,M,venzuela,Palestine,lowerlevel,G-11,C,History,S,Mum,No,Good,Above-7,0<x<25,0<x<24,24<x<49,1<x<25,1
71,F,USA,Syria,MiddleSchool,G-10,A,Biology,S,Mum,No,Good,Above-7,25<x<50,49<x<74,x>73,x>74,0
72,M,Morocco,lebanon,MiddleSchool,G-09,C,Quran,F,Mum,No,Bad,Above-7,0<x<25,49<x<74,49<x<73,x>74,1
73,M,Egypt,venzuela,lowerlevel,G-08,C,Geology,S,Mum,Yes,Bad,Above-7,x>75,24<x<49,49<x<73,x>74,0
74,F,venzuela,Palestine,HighSchool,G-07,B,French,S,Father,Yes,Good,Under-7,25<x<50,x>74,24<x<49,50<x<74,0
75,M,Syria,Iran,HighSchool,G-12,A,IT,S,Father,Yes,Bad,Above-7,0<x<25,x>74,49<x<73,50<x<74,1
76,F,Tunis,Jordan,HighSchool,G-07,A,Quran,F,Mum,Yes,Good,Above-7,0<x<25,24<x<49,0<x<24,1<x<25,1
77,F,Syria,lebanon,HighSchool,G-05,B,Science,F,Mum,No,Bad,Above-7,25<x<50,x>74,24<x<49,x>74,1
78,M,Egypt,USA,lowerlevel,G-02,B,Geology,S,Mum,No,Bad,Above-7,x>75,0<x<24,0<x<24,1<x<25,1
79,M,SaudiArabia,Egypt,MiddleSchool,G-12,B,Science,S,Father,Yes,Bad,Above-7,x>75,0<x<24,x>73,x>74,1
80,M,Jordan,lebanon,MiddleSchool,G-07,B,Chemistry,F,Father,No,Good,Above-7,25<x<50,x>74,0<x<24,x>74,1
81,F,Jordan,lebanon,HighSchool,G-10,A,Biology,S,Father,No,Bad,Above-7,50<x<75,0<x<24,x>73,1<x<25,1
82,F,Iran,Tunis,HighSchool,G-08,C,Spanish,F,Mum,No,Bad,Above-7,0<x<25,24<x<49,49<x<73,1<x<25,1
83,M,Tunis,Lybia,MiddleSchool,G-12,A,Math,F,Mum,No,Bad,Above-7,0<x<25,24<x<49,49<x<73,25<x<50,1
84,M,Morocco,Iraq,HighSchool,G-06,B,Spanish,S,Mum,Yes,Good,Under-7,x>75,x>74,x>73,50<x<74,0
85,F,SaudiArabia,KuwaIT,MiddleSchool,G-10,A,Quran,S,Father,No,Good,Under-7,50<x<75,24<x<49,0<x<24,x<1,1
86,F,Lybia,Syria,MiddleSchool,G-11,A,IT,S,Father,Yes,Good,Under-7,50<x<75,49<x<74,49<x<73,25<x<50,1
87,F,Tunis,SaudiArabia,HighSchool,G-10,A,Arabic,F,Father,Yes,Good,Above-7,x>75,x>74,49<x<73,25<x<50,0
88,F,Iraq,Jordan,lowerlevel,G-04,C,Spanish,F,Father,No,Good,Above-7,x>75,0<x<24,49<x<73,25<x<50,1
89,F,Iran,USA,HighSchool,G-12,C,Spanish,F,Father,Yes,Good,Above-7,25<x<50,0<x<24,x>73,1<x<25,1
90,M,lebanon,Iran,lowerlevel,G-11,A,Science,S,Mum,Yes,Bad,Under-7,25<x<50,24<x<49,x>73,25<x<50,1
91,F,Syria,Morocco,MiddleSchool,G-11,B,Geology,S,Mum,Yes,Bad,Above-7,50<x<75,24<x<49,0<x<24,x>74,1
92,M,KW,venzuela,MiddleSchool,G-10,C,IT,S,Father,No,Good,Under-7,25<x<50,49<x<74,49<x<73,25<x<50,1
93,M,Palestine,Tunis,HighSchool,G-07,C,French,F,Mum,Yes,Bad,Above-7,x>75,0<x<24,24<x<49,1<x<25,1
94,F,Tunis,Tunis,HighSchool,G-07,B,IT,F,Mum,No,Good,Under-7,50<x<75,49<x<74,24<x<49,1<x<25,1
95,F,KW,Palestine,lowerlevel,G-02,B,IT,S,Mum,No,Bad,Above-7,25<x<50,49<x<74,x>73,25<x<50,1
96,F,Palestine,Palestine,HighSchool,G-10,A,English,S,Father,No,Good,Above-7,x>75,24<x<49,24<x<49,50<x<74,1
97,F,Syria,Palestine,lowerlevel,G-10,A,Chemistry,F,Mum,Yes,Bad,Under-7,x>75,x>74,49<x<73,x>74,0
98,M,Palestine,Palestine,MiddleSchool,G-07,A,Quran,F,Mum,Yes,Bad,Under-7,0<x<25,x>74,49<x<73,1<x<25,1
99,M,Egypt,Syria,MiddleSchool,G-08,B,Spanish,S,Mum,Yes,Good,Above-7,50<x<75,x>74,49<x<73,1<x<25,1
100,M,USA,KuwaIT,lowerlevel,G-04,B,Science,F,Mum,No,Bad,Under-7,0<x<25,x>74,24<x<49,50<x<74,1
101,M,Lybia,Egypt,lowerlevel,G-06,A,French,S,Mum,Yes,Bad,Under-7,25<x<50,x<0,24<x<49,1<x<25,1
102,M,Lybia,Syria,lowerlevel,G-04,C,Math,F,Mum,Yes,Bad,Under-7,x>75,24<x<49,24<x<49,50<x<74,1
103,F,Syria,Iran,lowerlevel,G-06,C,Arabic,S,Mum,Yes,Bad,Above-7,x>75,x>74,24<x<49,x>74,0
104,F,Iraq,Palestine,HighSchool,G-06,B,IT,F,Mum,No,Bad,Above-7,25<x<50,24<x<49,0<x<24,25<x<50,1
105,M,Iraq,Jordan,HighSchool,G-09,C,French,F,Mum,No,Bad,Under-7,0<x<25,x>74,0<x<24,25<x<50,1
106,M,Syria,Lybia,lowerlevel,G-07,C,Geology,S,Mum,No,Good,Under-7,0<x<25,49<x<74,0<x<24,25<x<50,1
107,F,venzuela,USA,lowerlevel,G-04,C,French,S,Mum,No,Bad,Above-7,x>75,x>74,49<x<73,1<x<25,0
108,M,Jordan,KuwaIT,HighSchool,G-07,A,Science,F,Father,Yes,Good,Above-7,0<x<25,49<x<74,0<x<24,25<x<50,1
109,M,Egypt,Morocco,MiddleSchool,G-07,B,Quran,S,Father,No,Good,Above-7,x>75,0<x<24,0<x<24,1<x<25,1
110,F,Syria,KuwaIT,lowerlevel,G-08,C,Chemistry,F,Father,No,Good,Above-7,x>75,24<x<49,0<x<24,1<x<25,1
111,F,Jordan,USA,HighSchool,G-02,C,Chemistry,F,Mum,No,Good,Above-7,50<x<75,0<x<24,49<x<73,50<x<74,1
112,F,Tunis,Tunis,MiddleSchool,G-11,A,Math,F,Mum,Yes,Bad,Above-7,0<x<25,49<x<74,0<x<24,x>74,1
113,F,Palestine,USA,HighSchool,G-07,C,Biology,S,Mum,No,Bad,Under-7,x>75,24<x<49,24<x<49,1<x<25,1
114,M,USA,Tunis,lowerlevel,G-02,A,Spanish,F,Mum,Yes,Bad,Above-7,0<x<25,x>74,x>73,25<x<50,1
115,F,Lybia,USA,MiddleSchool,G-04,A,Science,S,Mum,No,Good,Under-7,x>75,49<x<74,x>73,25<x<50,0
116,F,Iran,Syria,lowerlevel,G-12,B,Quran,S,Mum,Yes,Bad,Above-7,0<x<25,24<x<49,x>73,25<x<50,1
117,F,Palestine,Lybia,lowerlevel,G-02,C,History,S,Mum,No,Bad,Above-7,0<x<25,x>74,24<x<49,50<x<74,1
118,F,Tunis,venzuela,lowerlevel,G-09,B,Quran,S,Father,Yes,Good,Above-7,50<x<75,x>74,x>73,1<x<25,1
119,M,Egypt,Palestine,MiddleSchool,G-11,C,English,S,Mum,No,Bad,Under-7,0<x<25,49<x<74,x>73,25<x<50,1
120,M,Jordan,Syria,lowerlevel,G-11,C,History,F,Father,Yes,Bad,Above-7,50<x<75,49<x<74,x>73,25<x<50,1
121,M,USA,Egypt,MiddleSchool,G-08,B,Arabic,F,Father,Yes,Bad,Above-7,x>75,0<x<24,0<x<24,1<x<25,1
122,F,Egypt,Iran,lowerlevel,G-11,C,Math,F,Father,Yes,Bad,Above-7,50<x<75,49<x<74,0<x<24,25<x<50,1
123,F,Iraq,Morocco,MiddleSchool,G-10,C,French,F,Father,Yes,Bad,Above-7,x>75,0<x<24,0<x<24,50<x<74,1
124,M,Tunis,Iran,lowerlevel,G-09,C,History,S,Mum,Yes,Bad,Above-7,0<x<25,x>74,24<x<49,25<x<50,1
125,F,Palestine,Tunis,HighSchool,G-06,A,Spanish,S,Mum,No,Good,Under-7,x>75,49<x<74,24<x<49,50<x<74,1
126,F,Syria,Tunis,HighSchool,G-12,C,Geology,F,Father,No,Good,Under-7,25<x<50,49<x<74,24<x<49,x>74,1
127,M,KW,Lybia,HighSchool,G-04,B,Science,F,Father,No,Bad,Above-7,0<x<25,x>74,0<x<24,x>74,1
128,M,venzuela,KuwaIT,MiddleSchool,G-08,B,English,F,Mum,Yes,Good,Above-7,x>75,49<x<74,24<x<49,x>74,1
129,M,Morocco,Egypt,HighSchool,G-07,B,Biology,F,Father,No,Good,Under-7,x>75,24<x<49,24<x<49,25<x<50,1
130,M,SaudiArabia,Jordan,MiddleSchool,G-11,B,English,F,Mum,No,Bad,Above-7,x>75,24<x<49,49<x<73,50<x<74,1
131,F,SaudiArabia,lebanon,HighSchool,G-10,A,English,S,Mum,No,Good,Under-7,x>75,49<x<74,24<x<49,x>74,0
132,F,KW,lebanon,MiddleSchool,G-08,C,Quran,S,Father,No,Good,Above-7,x>75,x>74,24<x<49,25<x<50,0
133,M,Morocco,Tunis,HighSchool,G-06,B,Spanish,S,Mum,Yes,Good,Under-7,0<x<25,0<x<24,49<x<73,1<x<25,1
134,M,Lybia,Morocco,lowerlevel,G-05,B,Quran,S,Mum,Yes,Bad,Under-7,x>75,x>74,0<x<24,1<x<25,0
135,M,Egypt,SaudiArabia,MiddleSchool,G-11,C,History,S,Father,No,Bad,Under-7,0<x<25,x>74,0<x<24,25<x<50,1
136,M,Morocco,Tunis,lowerlevel,G-10,A,Spanish,S,Father,Yes,Good,Under-7,25<x<50,x>74,0<x<24,25<x<50,1
137,F,Iran,KuwaIT,HighSchool,G-02,B,Biology,S,Mum,No,Good,Above-7,x>75,0<x<24,49<x<73,50<x<74,1
138,F,Morocco,Iran,lowerlevel,G-10,A,Arabic,S,Mum,Yes,Bad,Above-7,0<x<25,24<x<49,24<x<49,x<1,1
139,F,Egypt,Iraq,MiddleSchool,G-09,A,Spanish,S,Mum,Yes,Good,Under-7,25<x<50,0<x<24,24<x<49,25<x<50,1
140,F,Morocco,KuwaIT,lowerlevel,G-06,A,IT,F,Father,Yes,Good,Under-7,x>75,x>74,49<x<73,25<x<50,1
141,M,Egypt,SaudiArabia,MiddleSchool,G-08,A,Science,S,Mum,Yes,Good,Under-7,25<x<50,49<x<74,24<x<49,1<x<25,1
142,F,Jordan,Morocco,lowerlevel,G-06,A,English,S,Mum,No,Bad,Above-7,25<x<50,49<x<74,0<x<24,1<x<25,1
143,F,Lybia,Tunis,MiddleSchool,G-08,C,Quran,S,Mum,No,Bad,Under-7,x>75,x>74,0<x<24,1<x<25,0
144,M,Egypt,Syria,MiddleSchool,G-04,C,Science,S,Father,No,Good,Above-7,50<x<75,x>74,49<x<73,1<x<25,1
145,F,Egypt,Iran,MiddleSchool,G-10,C,English,F,Mum,No,Bad,Above-7,0<x<25,x>74,49<x<73,25<x<50,1
146,M,Egypt,Palestine,lowerlevel,G-02,C,English,F,Mum,Yes,Bad,Under-7,25<x<50,0<x<24,24<x<49,1<x<25,1
147,F,Palestine,Iraq,lowerlevel,G-11,B,Biology,F,Mum,Yes,Bad,Under-7,0<x<25,24<x<49,x>73,1<x<25,1
148,M,Egypt,Morocco,MiddleSchool,G-07,B,Quran,F,Father,No,Good,Above-7,0<x<25,49<x<74,0<x<24,1<x<25,1
149,F,Iraq,USA,lowerlevel,G-08,B,Geology,F,Father,No,Bad,Above-7,25<x<50,0<x<24,49<x<73,25<x<50,1
150,F,Morocco,Lybia,MiddleSchool,G-12,C,Chemistry,F,Mum,No,Good,Under-7,0<x<25,24<x<49,49<x<73,1<x<25,1
151,M,Morocco,Tunis,lowerlevel,G-02,B,Arabic,F,Father,Yes,Good,Under-7,25<x<50,49<x<74,0<x<24,1<x<25,1
152,M,Iraq,KuwaIT,HighSchool,G-12,C,English,F,Mum,Yes,Bad,Under-7,x>75,24<x<49,49<x<73,x>74,0
153,M,lebanon,Tunis,HighSchool,G-07,A,History,S,Mum,Yes,Bad,Above-7,50<x<75,0<x<24,0<x<24,x>74,0
154,F,venzuela,Jordan,lowerlevel,G-06,A,History,S,Mum,Yes,Good,Above-7,x<0,x>74,24<x<49,x>74,1
155,M,Lybia,venzuela,HighSchool,G-10,B,History,F,Father,No,Good,Under-7,x>75,0<x<24,24<x<49,25<x<50,1
156,M,Iraq,Lybia,lowerlevel,G-06,B,Biology,S,Father,Yes,Bad,Under-7,x>75,0<x<24,24<x<49,50<x<74,1
157,F,Syria,Palestine,MiddleSchool,G-07,A,Geology,S,Mum,No,Bad,Under-7,50<x<75,x>74,x>73,25<x<50,0
158,F,KW,USA,lowerlevel,G-12,A,Biology,F,Father,Yes,Good,Under-7,x>75,0<x<24,x>73,25<x<50,0
159,M,Iraq,Syria,MiddleSchool,G-12,C,Math,F,Father,No,Bad,Under-7,x>75,24<x<49,0<x<24,50<x<74,1
160,F,Egypt,Tunis,HighSchool,G-06,C,Chemistry,S,Father,Yes,Good,Above-7,0<x<25,49<x<74,x>73,x>74,0
161,F,USA,Palestine,lowerlevel,G-07,C,Quran,S,Father,No,Good,Under-7,0<x<25,x>74,24<x<49,1<x<25,1
162,M,Egypt,Palestine,lowerlevel,G-02,B,Quran,F,Father,No,Bad,Under-7,x>75,x>74,49<x<73,50<x<74,1
163,M,Syria,Egypt,MiddleSchool,G-04,C,English,F,Mum,No,Bad,Under-7,0<x<25,0<x<24,24<x<49,x>74,1
164,F,Syria,lebanon,HighSchool,G-02,C,Quran,S,Mum,No,Good,Above-7,0<x<25,0<x<24,0<x<24,50<x<74,1
165,M,Palestine,Tunis,lowerlevel,G-02,C,Science,F,Mum,Yes,Good,Above-7,0<x<25,x>74,0<x<24,50<x<74,1
166,M,Iraq,Jordan,MiddleSchool,G-12,A,IT,F,Mum,No,Bad,Under-7,50<x<75,49<x<74,x>73,25<x<50,1
167,F,Palestine,Jordan,HighSchool,G-04,B,Biology,S,Mum,Yes,Good,Under-7,25<x<50,0<x<24,49<x<73,1<x<25,1
168,F,Egypt,Egypt,HighSchool,G-09,B,Math,S,Father,No,Good,Under-7,x>75,0<x<24,24<x<49,x>74,1
169,F,Iran,USA,HighSchool,G-04,A,Geology,S,Mum,Yes,Good,Under-7,x>75,x>74,49<x<73,50<x<74,0
170,F,Palestine,Palestine,MiddleSchool,G-08,C,English,F,Father,No,Good,Above-7,50<x<75,0<x<24,x>73,1<x<25,1
171,M,lebanon,Egypt,MiddleSchool,G-06,B,History,S,Mum,Yes,Bad,Under-7,25<x<50,49<x<74,0<x<24,x>74,1
172,F,venzuela,Tunis,lowerlevel,G-11,C,IT,F,Mum,No,Good,Under-7,0<x<25,x>74,49<x<73,50<x<74,0
173,F,SaudiArabia,SaudiArabia,MiddleSchool,G-07,A,French,F,Father,No,Bad,Under-7,0<x<25,x>74,x>73,x>74,1
174,M,Tunis,lebanon,lowerlevel,G-07,C,Spanish,S,Mum,Yes,Good,Under-7,50<x<75,0<x<24,x<0,1<x<25,1
175,M,SaudiArabia,SaudiArabia,MiddleSchool,G-09,A,History,F,Mum,Yes,Good,Under-7,50<x<75,0<x<24,24<x<49,25<x<50,1
176,F,Iraq,Syria,MiddleSchool,G-10,C,History,S,Mum,No,Bad,Under-7,50<x<75,49<x<74,x>73,x>74,0
177,F,USA,Morocco,MiddleSchool,G-08,C,Chemistry,S,Father,No,Bad,Above-7,x>75,49<x<74,49<x<73,25<x<50,1
178,M,Egypt,Lybia,MiddleSchool,G-02,C,French,F,Mum,No,Bad,Above-7,25<x<50,24<x<49,0<x<24,25<x<50,1
179,F,Palestine,Lybia,lowerlevel,G-02,A,IT,S,Mum,No,Good,Above-7,x>75,49<x<74,49<x<73,1<x<25,1
180,M,Egypt,Lybia,lowerlevel,G-04,C,Chemistry,F,Father,No,Good,Above-7,50<x<75,49<x<74,0<x<24,x>74,1
181,F,Iran,Morocco,MiddleSchool,G-04,C,IT,F,Father,No,Good,Under-7,50<x<75,x>74,24<x<49,1<x<25,1
182,F,Egypt,USA,HighSchool,G-07,B,Quran,S,Father,Yes,Good,Under-7,25<x<50,49<x<74,0<x<24,50<x<74,1
183,M,Syria,Syria,lowerlevel,G-11,B,History,S,Mum,No,Good,Above-7,25<x<50,0<x<24,x>73,x>74,1
184,F,Morocco,Syria,lowerlevel,G-05,C,Arabic,F,Father,Yes,Good,Under-7,x>75,49<x<74,0<x<24,25<x<50,0
185,F,Lybia,KuwaIT,lowerlevel,G-12,B,Math,S,Father,No,Bad,Under-7,50<x<75,0<x<24,0<x<24,25<x<50,1
186,F,USA,KuwaIT,MiddleSchool,G-12,A,Science,F,Mum,Yes,Good,Under-7,x>75,x>74,24<x<49,x>74,0
187,M,venzuela,venzuela,HighSchool,G-02,C,French,F,Father,Yes,Good,Under-7,25<x<50,24<x<49,x>73,1<x<25,0
188,M,KW,Morocco,lowerlevel,G-12,B,English,F,Father,Yes,Bad,Above-7,x>75,49<x<74,x>73,1<x<25,1
189,M,Jordan,Egypt,MiddleSchool,G-06,C,Chemistry,S,Father,Yes,Bad,Above-7,x>75,49<x<74,x>73,25<x<50,1
190,M,Tunis,Jordan,lowerlevel,G-11,B,Science,F,Mum,No,Bad,Under-7,50<x<75,0<x<24,49<x<73,25<x<50,1
191,M,Tunis,USA,MiddleSchool,G-05,A,French,S,Father,Yes,Bad,Above-7,50<x<75,24<x<49,0<x<24,25<x<50,1
192,F,SaudiArabia,Lybia,HighSchool,G-06,B,English,S,Father,No,Good,Under-7,0<x<25,49<x<74,x>73,25<x<50,1
193,M,Palestine,lebanon,MiddleSchool,G-11,A,Science,S,Father,Yes,Bad,Above-7,0<x<25,x>74,49<x<73,50<x<74,1
194,M,lebanon,USA,lowerlevel,G-11,A,IT,F,Mum,No,Bad,Under-7,50<x<75,24<x<49,0<x<24,50<x<74,1
195,M,Morocco,KuwaIT,lowerlevel,G-10,A,Science,F,Mum,Yes,Good,Above-7,x>75,0<x<24,49<x<73,25<x<50,1
196,M,Egypt,KuwaIT,lowerlevel,G-07,B,Biology,S,Father,No,Good,Above-7,0<x<25,x>74,49<x<73,25<x<50,1
197,M,KW,SaudiArabia,MiddleSchool,G-07,B,Chemistry,S,Mum,No,Good,Above-7,25<x<50,24<x<49,24<x<49,50<x<74,1
198,M,Tunis,Morocco,HighSchool,G-02,A,English,F,Mum,Yes,Bad,Above-7,0<x<25,24<x<49,24<x<49,1<x<25,1
199,F,Tunis,Jordan,lowerlevel,G-05,B,Science,F,Mum,Yes,Good,Under-7,25<x<50,x>74,0<x<24,25<x<50,1
200,M,SaudiArabia,Iran,lowerlevel,G-07,A,French,S,Mum,No,Good,Above-7,0<x<25,0<x<24,x<0,1<x<25,1
201,M,Lybia,USA,lowerlevel,G-02,A,Arabic,F,Mum,Yes,Good,Under-7,0<x<25,49<x<74,24<x<49,x>74,1
202,M,Tunis,Palestine,lowerlevel,G-08,B,English,S,Father,No,Good,Under-7,x>75,0<x<24,0<x<24,1<x<25,1
203,M,lebanon,KuwaIT,lowerlevel,G-08,A,English,S,Father,No,Good,Under-7,25<x<50,x>74,49<x<73,x>74,1
204,M,Egypt,Morocco,HighSchool,G-05,C,Chemistry,S,Father,Yes,Bad,Above-7,25<x<50,0<x<24,x>73,25<x<50,1
205,M,Iraq,Egypt,MiddleSchool,G-02,C,Quran,F,Mum,Yes,Good,Under-7,x>75,x>74,24<x<49,x>74,0
206,F,SaudiArabia,Palestine,HighSchool,G-05,C,Science,S,Father,Yes,Bad,Above-7,50<x<75,24<x<49,49<x<73,x>74,1
207,M,lebanon,Palestine,lowerlevel,G-05,B,French,F,Mum,Yes,Good,Above-7,50<x<75,0<x<24,24<x<49,1<x<25,1
208,M,USA,KuwaIT,MiddleSchool,G-12,A,Chemistry,F,Father,Yes,Bad,Above-7,x>75,x>74,24<x<49,1<x<25,1
209,F,Lybia,lebanon,MiddleSchool,G-09,A,English,S,Mum,No,Bad,Above-7,50<x<75,x>74,x>73,1<x<25,1
210,F,Iraq,lebanon,MiddleSchool,G-04,C,Arabic,F,Mum,No,Good,Under-7,25<x<50,x>74,x>73,50<x<74,0
211,F,KW,venzuela,lowerlevel,G-07,B,Quran,F,Father,No,Good,Under-7,0<x<25,0<x<24,x>73,1<x<25,1
212,F,SaudiArabia,venzuela,MiddleSchool,G-08,A,Spanish,S,Mum,Yes,Bad,Above-7,x>75,x>74,x>73,x>74,0
213,M,Iran,Morocco,MiddleSchool,G-08,B,Spanish,S,Father,Yes,Good,Above-7,0<x<25,49<x<74,0<x<24,50<x<74,1
214,M,lebanon,venzuela,MiddleSchool,G-05,B,IT,F,Father,No,Good,Above-7,0<x<25,49<x<74,0<x<24,50<x<74,1
215,M,SaudiArabia,Egypt,lowerlevel,G-04,C,Math,F,Father,Yes,Bad,Under-7,50<x<75,x>74,0<x<24,1<x<25,1
216,M,KW,KuwaIT,lowerlevel,G-11,B,English,S,Mum,Yes,Bad,Under-7,50<x<75,49<x<74,24<x<49,1<x<25,1
217,M,Egypt,lebanon,HighSchool,G-07,A,IT,S,Father,Yes,Good,Above-7,x>75,x>74,x>73,x>74,0
218,F,venzuela,Palestine,MiddleSchool,G-08,B,Science,F,Father,Yes,Bad,Under-7,25<x<50,x>74,x<0,50<x<74,1
219,F,Tunis,SaudiArabia,lowerlevel,G-05,A,Biology,S,Father,No,Bad,Under-7,0<x<25,49<x<74,49<x<73,50<x<74,0
220,F,Morocco,Lybia,lowerlevel,G-04,C,Math,F,Mum,Yes,Good,Under-7,x>75,x>74,0<x<24,50<x<74,0
221,F,USA,lebanon,HighSchool,G-09,C,History,S,Mum,Yes,Good,Above-7,x>75,0<x<24,24<x<49,50<x<74,0
222,M,Tunis,SaudiArabia,lowerlevel,G-07,A,Science,S,Mum,No,Good,Under-7,25<x<50,x>74,0<x<24,25<x<50,1
223,F,venzuela,lebanon,lowerlevel,G-07,C,Chemistry,S,Father,Yes,Good,Above-7,x>75,x>74,0<x<24,25<x<50,0
224,M,venzuela,Morocco,MiddleSchool,G-11,A,Biology,F,Father,Yes,Good,Under-7,25<x<50,0<x<24,24<x<49,1<x<25,1
225,F,USA,Iran,HighSchool,G-11,A,Math,F,Father,No,Bad,Above-7,x>75,x>74,0<x<24,1<x<25,1
226,F,USA,Lybia,MiddleSchool,G-02,B,Science,S,Mum,Yes,Bad,Above-7,50<x<75,0<x<24,0<x<24,1<x<25,1
227,F,Iran,Egypt,HighSchool,G-04,B,Science,S,Mum,Yes,Bad,Above-7,x>75,0<x<24,24<x<49,x>74,1
228,M,Syria,lebanon,MiddleSchool,G-05,C,Biology,S,Mum,No,Bad,Above-7,50<x<75,x>74,24<x<49,x>74,0
229,F,Egypt,Egypt,MiddleSchool,G-10,C,Math,F,Father,No,Good,Above-7,25<x<50,24<x<49,24<x<49,x>74,1
230,F,Iraq,Lybia,MiddleSchool,G-08,C,Science,S,Mum,No,Good,Under-7,0<x<25,0<x<24,24<x<49,x>74,1
231,M,Iraq,Iraq,lowerlevel,G-04,A,Math,S,Father,Yes,Good,Above-7,0<x<25,0<x<24,49<x<73,x>74,1
232,F,SaudiArabia,Egypt,lowerlevel,G-02,A,English,F,Mum,Yes,Bad,Under-7,x>75,0<x<24,24<x<49,50<x<74,1
233,F,USA,Lybia,lowerlevel,G-05,C,IT,F,Mum,Yes,Bad,Above-7,0<x<25,0<x<24,49<x<73,25<x<50,1
234,F,SaudiArabia,Morocco,HighSchool,G-05,C,Chemistry,S,Mum,No,Bad,Under-7,50<x<75,x>74,0<x<24,1<x<25,1
235,M,venzuela,Iran,MiddleSchool,G-11,A,Math,F,Father,No,Bad,Under-7,x>75,0<x<24,49<x<73,1<x<25,1
236,F,Egypt,Tunis,HighSchool,G-02,C,IT,S,Mum,No,Good,Under-7,x>75,x>74,49<x<73,50<x<74,0
237,F,Jordan,USA,lowerlevel,G-02,C,Chemistry,F,Father,No,Good,Above-7,0<x<25,49<x<74,0<x<24,50<x<74,1
238,M,Iraq,Iran,lowerlevel,G-12,A,Science,S,Father,Yes,Bad,Under-7,25<x<50,49<x<74,49<x<73,50<x<74,1
239,F,lebanon,Jordan,lowerlevel,G-06,A,Math,S,Mum,Yes,Bad,Under-7,50<x<75,49<x<74,x>73,25<x<50,1
240,M,Syria,Syria,MiddleSchool,G-10,A,Arabic,S,Father,No,Good,Above-7,x>75,49<x<74,24<x<49,1<x<25,1
241,M,KW,KuwaIT,MiddleSchool,G-06,C,Biology,F,Mum,Yes,Bad,Above-7,50<x<75,x>74,49<x<73,x>74,0
242,F,Lybia,USA,HighSchool,G-05,B,Spanish,F,Mum,No,Good,Above-7,x>75,49<x<74,x>73,x>74,0
243,F,Egypt,Jordan,MiddleSchool,G-09,A,Math,F,Mum,Yes,Good,Under-7,50<x<75,49<x<74,24<x<49,1<x<25,1
244,M,Egypt,Lybia,lowerlevel,G-06,B,French,F,Mum,No,Bad,Above-7,x>75,49<x<74,24<x<49,50<x<74,1
245,F,venzuela,Iraq,lowerlevel,G-06,B,Arabic,F,Mum,Yes,Good,Under-7,0<x<25,x<0,24<x<49,50<x<74,1
246,M,Tunis,Palestine,lowerlevel,G-11,A,Spanish,S,Father,Yes,Good,Under-7,0<x<25,24<x<49,0<x<24,25<x<50,1
247,F,Morocco,Morocco,MiddleSchool,G-06,C,Quran,S,Father,No,Good,Above-7,50<x<75,49<x<74,x>73,50<x<74,1
248,F,Iran,Iran,lowerlevel,G-04,A,Quran,F,Mum,Yes,Good,Above-7,0<x<25,0<x<24,0<x<24,1<x<25,1
249,F,Jordan,Morocco,MiddleSchool,G-02,A,IT,S,Mum,Yes,Good,Above-7,x>75,0<x<24,0<x<24,50<x<74,1
250,M,Lybia,venzuela,HighSchool,G-12,A,Quran,F,Mum,Yes,Good,Under-7,x>75,49<x<74,x>73,50<x<74,0
251,M,Egypt,Morocco,MiddleSchool,G-06,B,French,F,Mum,Yes,Bad,Above-7,x>75,0<x<24,x>73,1<x<25,1
252,F,Palestine,Jordan,lowerlevel,G-12,B,Quran,F,Mum,No,Good,Above-7,0<x<25,24<x<49,0<x<24,x>74,1
253,F,Egypt,Jordan,HighSchool,G-07,A,Science,F,Father,Yes,Bad,Under-7,25<x<50,24<x<49,0<x<24,1<x<25,1
254,M,KW,Palestine,lowerlevel,G-09,A,Geology,S,Mum,Yes,Bad,Above-7,25<x<50,49<x<74,49<x<73,1<x<25,1
255,F,Palestine,lebanon,lowerlevel,G-05,A,History,S,Mum,No,Bad,Under-7,x>75,24<x<49,49<x<73,1<x<25,0
256,M,Egypt,venzuela,HighSchool,G-10,A,Chemistry,S,Mum,Yes,Good,Under-7,x>75,24<x<49,24<x<49,x>74,0
257,F,Egypt,lebanon,lowerlevel,G-10,B,History,F,Mum,Yes,Bad,Above-7,x>75,0<x<24,24<x<49,25<x<50,1
258,M,USA,Iran,lowerlevel,G-11,A,English,F,Mum,No,Good,Above-7,x>75,49<x<74,24<x<49,25<x<50,1
259,F,venzuela,Tunis,lowerlevel,G-05,A,French,S,Mum,No,Good,Under-7,50<x<75,x>74,49<x<73,1<x<25,0
260,M,Morocco,Lybia,lowerlevel,G-04,A,IT,S,Mum,Yes,Good,Under-7,25<x<50,49<x<74,0<x<24,25<x<50,1
261,F,Morocco,KuwaIT,MiddleSchool,G-08,C,Spanish,S,Father,Yes,Bad,Under-7,0<x<25,x>74,24<x<49,25<x<50,1
262,M,Palestine,lebanon,MiddleSchool,G-11,C,Spanish,F,Father,No,Good,Above-7,0<x<25,x>74,24<x<49,1<x<25,1
263,F,Syria,Iran,HighSchool,G-05,B,Spanish,F,Father,No,Good,Under-7,x>75,x<0,24<x<49,x>74,1
264,M,Tunis,KuwaIT,lowerlevel,G-05,C,Science,S,Father,No,Good,Above-7,0<x<25,x>74,x>73,x>74,1
265,F,Palestine,USA,MiddleSchool,G-05,A,Spanish,S,Father,No,Bad,Under-7,25<x<50,0<x<24,24<x<49,25<x<50,1
266,F,Syria,SaudiArabia,HighSchool,G-05,B,Spanish,S,Mum,Yes,Bad,Under-7,x>75,49<x<74,49<x<73,50<x<74,0
267,F,venzuela,Tunis,MiddleSchool,G-04,B,Quran,S,Father,No,Bad,Above-7,0<x<25,x>74,49<x<73,x>74,1
268,F,Syria,Egypt,MiddleSchool,G-05,A,Geology,S,Father,No,Good,Above-7,50<x<75,0<x<24,49<x<73,50<x<74,1
269,F,venzuela,Iran,lowerlevel,G-08,B,English,F,Mum,Yes,Good,Above-7,25<x<50,0<x<24,0<x<24,x>74,1
270,F,Morocco,Iraq,lowerlevel,G-10,A,Biology,S,Father,No,Good,Under-7,x>75,24<x<49,x>73,1<x<25,1
271,M,Tunis,SaudiArabia,lowerlevel,G-04,C,English,F,Mum,Yes,Bad,Under-7,x>75,x>74,49<x<73,x>74,0
272,M,Egypt,Syria,lowerlevel,G-09,B,English,S,Father,Yes,Good,Above-7,50<x<75,24<x<49,0<x<24,1<x<25,1
273,F,SaudiArabia,Lybia,HighSchool,G-08,B,Math,F,Father,No,Bad,Under-7,50<x<75,x>74,24<x<49,x<1,1
274,F,lebanon,Jordan,lowerlevel,G-12,C,English,S,Mum,Yes,Bad,Under-7,25<x<50,0<x<24,x<0,1<x<25,1
275,M,Syria,USA,lowerlevel,G-02,C,Spanish,F,Father,No,Good,Above-7,x>75,x>74,x>73,1<x<25,0
276,M,Palestine,SaudiArabia,HighSchool,G-10,B,English,F,Father,No,Bad,Above-7,0<x<25,49<x<74,0<x<24,1<x<25,1
277,M,Morocco,Lybia,HighSchool,G-08,A,Math,S,Father,No,Good,Above-7,25<x<50,49<x<74,24<x<49,x>74,1
278,M,KW,USA,MiddleSchool,G-06,C,Math,S,Mum,Yes,Good,Under-7,x>75,x>74,24<x<49,1<x<25,0
279,F,venzuela,Jordan,MiddleSchool,G-11,A,English,S,Mum,Yes,Good,Under-7,x>75,24<x<49,49<x<73,25<x<50,0
280,F,Morocco,venzuela,MiddleSchool,G-11,B,Arabic,S,Mum,Yes,Good,Under-7,25<x<50,0<x<24,24<x<49,1<x<25,1
281,M,USA,lebanon,lowerlevel,G-09,A,Science,F,Mum,Yes,Good,Under-7,25<x<50,24<x<49,49<x<73,x>74,1
282,M,Lybia,Tunis,HighSchool,G-05,B,Quran,S,Mum,Yes,Good,Under-7,50<x<75,49<x<74,x>73,25<x<50,0
283,M,Iraq,lebanon,MiddleSchool,G-04,B,French,F,Mum,Yes,Bad,Under-7,x>75,49<x<74,x>73,x>74,0
284,F,USA,Iran,MiddleSchool,G-11,B,IT,S,Mum,Yes,Bad,Under-7,50<x<75,x>74,24<x<49,25<x<50,1
285,F,USA,Morocco,MiddleSchool,G-07,C,Spanish,S,Mum,Yes,Bad,Above-7,x>75,24<x<49,49<x<73,1<x<25,1
286,M,KW,USA,lowerlevel,G-05,C,Arabic,F,Mum,Yes,Good,Above-7,25<x<50,x>74,24<x<49,25<x<50,1
287,M,Tunis,USA,lowerlevel,G-02,A,Biology,S,Mum,No,Bad,Under-7,50<x<75,49<x<74,24<x<49,1<x<25,0
288,F,Syria,Morocco,MiddleSchool,G-10,C,IT,S,Father,No,Bad,Under-7,50<x<75,x>74,24<x<49,25<x<50,1
289,M,lebanon,Palestine,lowerlevel,G-08,C,IT,S,Mum,Yes,Bad,Above-7,0<x<25,24<x<49,49<x<73,1<x<25,1
290,F,Iraq,Syria,lowerlevel,G-05,B,Biology,F,Mum,Yes,Bad,Above-7,50<x<75,49<x<74,24<x<49,x>74,1
291,M,lebanon,venzuela,MiddleSchool,G-10,C,History,S,Father,Yes,Good,Above-7,0<x<25,24<x<49,24<x<49,25<x<50,1
292,M,Egypt,Iran,lowerlevel,G-12,B,Spanish,F,Mum,Yes,Bad,Above-7,0<x<25,0<x<24,49<x<73,25<x<50,1
293,F,Iraq,Morocco,lowerlevel,G-05,B,Quran,S,Father,Yes,Good,Above-7,x>75,24<x<49,49<x<73,1<x<25,1
294,M,lebanon,Iran,lowerlevel,G-07,A,Chemistry,F,Mum,No,Good,Under-7,0<x<25,0<x<24,49<x<73,25<x<50,1
295,M,USA,Iraq,HighSchool,G-02,A,Chemistry,F,Father,No,Bad,Under-7,x>75,0<x<24,24<x<49,50<x<74,1
296,M,Morocco,KuwaIT,lowerlevel,G-11,C,History,S,Father,Yes,Bad,Above-7,0<x<25,49<x<74,x>73,1<x<25,1
297,M,KW,Jordan,HighSchool,G-10,A,Chemistry,S,Father,Yes,Good,Above-7,0<x<25,x>74,24<x<49,1<x<25,1
298,M,Lybia,Jordan,HighSchool,G-12,A,English,F,Mum,Yes,Bad,Above-7,0<x<25,x>74,24<x<49,x>74,1
299,M,Lybia,Iran,lowerlevel,G-11,C,Chemistry,S,Father,No,Good,Above-7,25<x<50,x>74,x>73,x<1,1
300,M,Palestine,USA,HighSchool,G-09,A,Science,S,Father,Yes,Good,Above-7,x<0,49<x<74,0<x<24,x>74,1
301,F,KW,Lybia,lowerlevel,G-11,A,Arabic,S,Father,No,Bad,Under-7,0<x<25,x>74,49<x<73,x>74,1
302,M,Morocco,Tunis,lowerlevel,G-08,B,Math,S,Father,Yes,Good,Above-7,0<x<25,0<x<24,49<x<73,x>74,1
303,M,lebanon,Lybia,lowerlevel,G-10,B,Science,S,Mum,Yes,Bad,Above-7,50<x<75,49<x<74,0<x<24,x>74,1
304,F,SaudiArabia,KuwaIT,HighSchool,G-08,A,Geology,S,Mum,Yes,Bad,Under-7,25<x<50,24<x<49,0<x<24,50<x<74,1
305,M,USA,USA,lowerlevel,G-10,B,English,S,Father,No,Good,Above-7,0<x<25,x>74,49<x<73,50<x<74,1
306,F,Iraq,SaudiArabia,HighSchool,G-08,A,Chemistry,F,Father,Yes,Good,Above-7,0<x<25,49<x<74,24<x<49,25<x<50,1
307,M,Tunis,Morocco,MiddleSchool,G-10,C,Geology,F,Mum,No,Good,Above-7,0<x<25,x>74,x>73,25<x<50,1
308,M,Syria,Morocco,HighSchool,G-06,C,Chemistry,S,Mum,No,Bad,Above-7,0<x<25,0<x<24,0<x<24,x>74,1
309,M,Iraq,KuwaIT,HighSchool,G-11,C,Chemistry,S,Mum,Yes,Bad,Under-7,25<x<50,0<x<24,49<x<73,1<x<25,1
310,M,SaudiArabia,Iran,MiddleSchool,G-12,B,Biology,S,Father,No,Good,Above-7,x>75,x>74,49<x<73,x>74,1
311,F,SaudiArabia,SaudiArabia,MiddleSchool,G-02,B,IT,F,Mum,No,Bad,Under-7,0<x<25,x>74,24<x<49,50<x<74,0
312,M,Morocco,Palestine,lowerlevel,G-12,B,Quran,F,Father,No,Good,Under-7,25<x<50,x>74,x>73,1<x<25,1
313,M,Jordan,Iran,HighSchool,G-09,B,Science,S,Father,Yes,Bad,Above-7,x>75,0<x<24,0<x<24,50<x<74,1
314,F,SaudiArabia,Tunis,HighSchool,G-07,A,Spanish,S,Mum,Yes,Bad,Under-7,50<x<75,0<x<24,24<x<49,1<x<25,1
315,F,Iraq,Jordan,HighSchool,G-09,B,English,F,Father,No,Bad,Above-7,25<x<50,24<x<49,x>73,25<x<50,1
316,M,SaudiArabia,USA,MiddleSchool,G-08,C,Spanish,S,Father,Yes,Good,Under-7,0<x<25,x>74,x>73,50<x<74,1
317,M,Iraq,Iraq,HighSchool,G-05,A,Arabic,F,Mum,No,Good,Above-7,50<x<75,49<x<74,49<x<73,x>74,0
318,M,Morocco,SaudiArabia,HighSchool,G-11,A,Geology,S,Mum,Yes,Bad,Under-7,0<x<25,24<x<49,0<x<24,1<x<25,1
319,F,Tunis,Morocco,HighSchool,G-11,B,English,F,Mum,No,Good,Under-7,x>75,24<x<49,0<x<24,50<x<74,1
320,M,KW,Palestine,HighSchool,G-09,B,Science,S,Mum,Yes,Bad,Under-7,x>75,x>74,x>73,x>74,0
321,M,Lybia,USA,HighSchool,G-08,C,Quran,S,Father,Yes,Good,Under-7,50<x<75,0<x<24,0<x<24,x>74,1
322,M,USA,SaudiArabia,lowerlevel,G-02,B,Spanish,S,Father,Yes,Good,Under-7,0<x<25,49<x<74,24<x<49,1<x<25,1
323,F,Syria,Morocco,MiddleSchool,G-12,A,IT,S,Father,Yes,Bad,Under-7,0<x<25,x>74,x>73,1<x<25,1
324,F,KW,Iraq,MiddleSchool,G-07,C,Chemistry,S,Mum,No,Bad,Under-7,0<x<25,24<x<49,24<x<49,50<x<74,1
325,F,Tunis,lebanon,MiddleSchool,G-11,A,French,S,Mum,Yes,Bad,Above-7,0<x<25,x>74,0<x<24,25<x<50,1
326,F,Iraq,Iraq,MiddleSchool,G-05,C,Biology,S,Mum,Yes,Bad,Above-7,x>75,x>74,24<x<49,1<x<25,0
327,M,Palestine,Palestine,HighSchool,G-08,C,Arabic,F,Mum,Yes,Good,Above-7,50<x<75,49<x<74,49<x<73,x>74,1
328,F,Jordan,USA,HighSchool,G-11,C,History,F,Mum,No,Good,Above-7,25<x<50,24<x<49,49<x<73,x>74,1
329,M,Palestine,Jordan,lowerlevel,G-08,C,Chemistry,S,Mum,Yes,Good,Above-7,25<x<50,0<x<24,49<x<73,25<x<50,1
330,M,lebanon,Iran,lowerlevel,G-02,B,Science,F,Mum,No,Good,Under-7,50<x<75,24<x<49,24<x<49,25<x<50,1
331,F,SaudiArabia,Tunis,MiddleSchool,G-02,B,Spanish,S,Mum,Yes,Good,Under-7,x>75,0<x<24,0<x<24,1<x<25,1
332,M,Iraq,Iraq,lowerlevel,G-07,B,Math,F,Father,No,Bad,Under-7,0<x<25,49<x<74,x<0,25<x<50,1
333,M,USA,Iran,MiddleSchool,G-05,A,Quran,S,Father,Yes,Bad,Under-7,50<x<75,x>74,0<x<24,x>74,1
334,F,KW,lebanon,lowerlevel,G-06,A,Math,F,Father,Yes,Good,Under-7,x>75,0<x<24,0<x<24,50<x<74,1
335,F,USA,lebanon,lowerlevel,G-11,B,Chemistry,F,Mum,No,Good,Under-7,0<x<25,x>74,0<x<24,1<x<25,1
336,F,lebanon,Palestine,MiddleSchool,G-07,B,Quran,S,Father,No,Good,Above-7,x>75,49<x<74,49<x<73,x>74,1
337,M,lebanon,Lybia,lowerlevel,G-07,A,Science,F,Father,Yes,Good,Under-7,25<x<50,49<x<74,x>73,25<x<50,1
338,M,Egypt,Lybia,lowerlevel,G-05,C,Quran,S,Father,Yes,Bad,Under-7,25<x<50,49<x<74,x>73,1<x<25,1
339,F,USA,Iran,HighSchool,G-06,A,English,F,Father,No,Bad,Under-7,50<x<75,49<x<74,0<x<24,50<x<74,1
340,M,KW,venzuela,lowerlevel,G-06,B,French,F,Father,No,Good,Under-7,25<x<50,24<x<49,0<x<24,50<x<74,1
341,F,Palestine,Tunis,MiddleSchool,G-06,A,History,F,Mum,No,Good,Under-7,50<x<75,0<x<24,x>73,25<x<50,0
342,M,Jordan,Morocco,HighSchool,G-10,B,Biology,S,Mum,Yes,Bad,Above-7,0<x<25,0<x<24,24<x<49,50<x<74,1
343,M,Palestine,SaudiArabia,HighSchool,G-11,C,Spanish,F,Mum,No,Bad,Above-7,25<x<50,0<x<24,0<x<24,x>74,1
344,M,venzuela,SaudiArabia,lowerlevel,G-07,A,Math,S,Father,No,Good,Above-7,x>75,0<x<24,24<x<49,50<x<74,1
345,F,Tunis,KuwaIT,MiddleSchool,G-10,C,History,S,Mum,Yes,Good,Under-7,x<0,x>74,x>73,1<x<25,1
346,F,Tunis,KuwaIT,MiddleSchool,G-08,B,Chemistry,F,Mum,No,Good,Under-7,50<x<75,0<x<24,24<x<49,1<x<25,1
347,M,Jordan,lebanon,HighSchool,G-05,A,English,S,Mum,Yes,Good,Above-7,x>75,x>74,x>73,25<x<50,0
348,F,Syria,Iraq,lowerlevel,G-10,B,Biology,S,Mum,Yes,Bad,Above-7,0<x<25,49<x<74,0<x<24,25<x<50,1
349,F,Palestine,Palestine,HighSchool,G-08,A,Science,F,Father,Yes,Good,Above-7,25<x<50,24<x<49,49<x<73,50<x<74,1
350,F,Palestine,lebanon,lowerlevel,G-07,A,French,F,Mum,No,Bad,Above-7,x>75,24<x<49,24<x<49,50<x<74,0
351,F,SaudiArabia,Jordan,HighSchool,G-07,A,Geology,F,Mum,Yes,Good,Under-7,25<x<50,24<x<49,49<x<73,25<x<50,1
352,M,KW,Jordan,MiddleSchool,G-05,A,IT,S,Father,Yes,Good,Above-7,25<x<50,0<x<24,49<x<73,1<x<25,1
353,M,SaudiArabia,Morocco,HighSchool,G-11,C,Spanish,S,Mum,Yes,Bad,Above-7,25<x<50,0<x<24,24<x<49,x>74,1
354,F,SaudiArabia,Egypt,MiddleSchool,G-12,A,IT,F,Father,Yes,Bad,Under-7,25<x<50,x>74,x>73,x>74,1
355,F,venzuela,venzuela,lowerlevel,G-11,A,Quran,F,Father,No,Bad,Above-7,x>75,24<x<49,x>73,50<x<74,0
356,M,Lybia,Jordan,HighSchool,G-11,A,Science,F,Mum,No,Good,Above-7,x>75,x>74,49<x<73,1<x<25,1
357,F,USA,Morocco,HighSchool,G-11,A,French,F,Father,No,Good,Above-7,x>75,49<x<74,0<x<24,50<x<74,1
358,M,Syria,SaudiArabia,MiddleSchool,G-04,C,French,S,Father,No,Bad,Under-7,x>75,49<x<74,0<x<24,50<x<74,0
359,F,SaudiArabia,Egypt,HighSchool,G-04,B,Geology,S,Father,Yes,Good,Above-7,50<x<75,0<x<24,x>73,25<x<50,1
360,F,Jordan,Iraq,lowerlevel,G-05,C,Science,F,Mum,No,Good,Above-7,50<x<75,x>74,24<x<49,25<x<50,1
361,F,Iraq,Tunis,lowerlevel,G-05,C,History,S,Father,Yes,Bad,Above-7,0<x<25,0<x<24,0<x<24,x>74,1
362,F,KW,Tunis,HighSchool,G-07,A,Science,F,Mum,No,Good,Under-7,x>75,x>74,0<x<24,x>74,0
363,M,SaudiArabia,Jordan,HighSchool,G-08,A,History,S,Father,No,Bad,Above-7,0<x<25,49<x<74,0<x<24,25<x<50,1
364,F,USA,Lybia,MiddleSchool,G-09,C,Quran,S,Mum,Yes,Bad,Above-7,50<x<75,x>74,0<x<24,x>74,0
365,M,Syria,Morocco,HighSchool,G-05,A,History,S,Mum,Yes,Bad,Above-7,50<x<75,0<x<24,49<x<73,x>74,1
366,M,USA,USA,MiddleSchool,G-07,B,History,S,Mum,No,Good,Above-7,0<x<25,0<x<24,49<x<73,50<x<74,1
367,M,Palestine,Jordan,HighSchool,G-04,A,English,F,Mum,No,Bad,Under-7,50<x<75,0<x<24,24<x<49,25<x<50,1
368,M,Morocco,Iraq,lowerlevel,G-05,B,English,F,Father,No,Bad,Above-7,0<x<25,49<x<74,24<x<49,x>74,1
369,M,Tunis,Lybia,HighSchool,G-08,B,Arabic,F,Mum,No,Bad,Under-7,x>75,0<x<24,x>73,25<x<50,1
370,M,lebanon,Morocco,HighSchool,G-09,A,IT,S,Father,Yes,Good,Above-7,50<x<75,0<x<24,x>73,25<x<50,1
371,F,KW,KuwaIT,lowerlevel,G-04,A,Biology,F,Mum,Yes,Bad,Above-7,x>75,x>74,0<x<24,1<x<25,1
372,F,USA,SaudiArabia,lowerlevel,G-08,B,Quran,F,Mum,No,Bad,Under-7,50<x<75,0<x<24,0<x<24,50<x<74,1
373,F,SaudiArabia,Iran,lowerlevel,G-11,C,Biology,F,Father,No,Good,Above-7,x>75,49<x<74,49<x<73,1<x<25,1
374,F,KW,venzuela,MiddleSchool,G-11,C,Science,S,Mum,Yes,Good,Above-7,0<x<25,49<x<74,24<x<49,25<x<50,1
375,F,Lybia,Egypt,HighSchool,G-12,C,Math,F,Mum,No,Bad,Above-7,x<0,24<x<49,49<x<73,50<x<74,1
376,M,Syria,Egypt,HighSchool,G-05,A,French,F,Father,Yes,Good,Above-7,25<x<50,49<x<74,x>73,25<x<50,1
377,M,Tunis,Syria,MiddleSchool,G-10,C,English,S,Mum,Yes,Bad,Above-7,50<x<75,0<x<24,24<x<49,x>74,1
378,M,Iran,USA,lowerlevel,G-08,A,Biology,F,Mum,No,Bad,Above-7,x>75,x>74,0<x<24,25<x<50,1
379,M,Syria,Syria,HighSchool,G-04,B,IT,F,Mum,Yes,Bad,Under-7,50<x<75,49<x<74,x<0,1<x<25,1
380,F,Tunis,Palestine,HighSchool,G-12,A,History,F,Mum,No,Bad,Above-7,x>75,x<0,x>73,25<x<50,1
381,F,KW,Tunis,lowerlevel,G-02,B,Quran,S,Father,No,Good,Under-7,0<x<25,x>74,49<x<73,1<x<25,1
382,F,venzuela,Syria,MiddleSchool,G-11,C,Biology,F,Mum,Yes,Good,Above-7,50<x<75,24<x<49,24<x<49,25<x<50,0
383,M,lebanon,Tunis,MiddleSchool,G-09,C,Science,F,Mum,Yes,Good,Under-7,0<x<25,49<x<74,49<x<73,x>74,1
384,M,venzuela,Egypt,lowerlevel,G-02,C,IT,F,Father,Yes,Good,Above-7,0<x<25,x>74,24<x<49,x>74,1
385,M,USA,venzuela,MiddleSchool,G-08,A,Geology,F,Father,Yes,Bad,Under-7,0<x<25,24<x<49,24<x<49,1<x<25,1
386,M,Syria,Jordan,HighSchool,G-09,A,French,F,Father,Yes,Bad,Under-7,x>75,0<x<24,49<x<73,25<x<50,1
387,F,lebanon,Syria,HighSchool,G-07,A,English,S,Father,No,Good,Above-7,0<x<25,24<x<49,49<x<73,1<x<25,1
388,F,Palestine,lebanon,MiddleSchool,G-09,B,Math,F,Father,Yes,Good,Under-7,50<x<75,x>74,0<x<24,50<x<74,1
389,F,Egypt,SaudiArabia,HighSchool,G-02,A,Quran,F,Father,Yes,Good,Above-7,0<x<25,24<x<49,24<x<49,25<x<50,1
390,M,Iran,Morocco,MiddleSchool,G-10,C,Biology,F,Mum,Yes,Bad,Above-7,25<x<50,24<x<49,49<x<73,1<x<25,1
391,M,Egypt,venzuela,MiddleSchool,G-10,A,Math,F,Father,No,Good,Under-7,50<x<75,x>74,24<x<49,1<x<25,1
392,F,Lybia,USA,lowerlevel,G-09,A,History,F,Father,No,Good,Above-7,25<x<50,x>74,0<x<24,50<x<74,1
393,M,lebanon,Iran,MiddleSchool,G-09,C,French,S,Mum,No,Bad,Above-7,0<x<25,24<x<49,24<x<49,x>74,1
394,F,Syria,Morocco,MiddleSchool,G-11,B,Spanish,F,Father,Yes,Good,Under-7,50<x<75,49<x<74,0<x<24,25<x<50,1
395,M,Morocco,Egypt,lowerlevel,G-12,C,Math,S,Father,Yes,Good,Above-7,0<x<25,0<x<24,0<x<24,25<x<50,1
396,M,Morocco,Iraq,lowerlevel,G-12,C,Science,S,Mum,Yes,Good,Under-7,0<x<25,x>74,0<x<24,1<x<25,1
397,F,SaudiArabia,Jordan,lowerlevel,G-08,B,Biology,F,Mum,Yes,Good,Above-7,0<x<25,49<x<74,24<x<49,1<x<25,1
398,F,venzuela,SaudiArabia,MiddleSchool,G-05,C,Spanish,F,Mum,No,Good,Above-7,50<x<75,49<x<74,24<x<49,1<x<25,1
399,M,Iraq,Iraq,lowerlevel,G-07,A,History,F,Father,No,Good,Above-7,25<x<50,0<x<24,49<x<73,25<x<50,1
400,F,Lybia,USA,HighSchool,G-08,B,IT,F,Father,Yes,Bad,Under-7,0<x<25,24<x<49,24<x<49,1<x<25,1
401,M,Iran,KuwaIT,HighSchool,G-09,B,Arabic,S,Father,No,Bad,Above-7,50<x<75,x>74,x>73,25<x<50,1
402,F,venzuela,SaudiArabia,lowerlevel,G-02,A,IT,F,Mum,Yes,Bad,Under-7,50<x<75,24<x<49,24<x<49,25<x<50,0
403,M,lebanon,Tunis,lowerlevel,G-07,A,IT,S,Father,Yes,Good,Above-7,50<x<75,0<x<24,49<x<73,25<x<50,1
404,F,lebanon,Egypt,lowerlevel,G-11,B,English,F,Father,No,Bad,Above-7,25<x<50,24<x<49,24<x<49,1<x<25,1
405,M,Jordan,SaudiArabia,MiddleSchool,G-09,A,Spanish,F,Father,No,Bad,Above-7,x>75,0<x<24,24<x<49,1<x<25,1
406,F,Morocco,Iran,HighSchool,G-12,C,English,F,Father,No,Bad,Above-7,x>75,24<x<49,0<x<24,x>74,1
407,M,Syria,venzuela,MiddleSchool,G-12,C,Quran,S,Mum,Yes,Bad,Above-7,0<x<25,49<x<74,0<x<24,1<x<25,1
408,F,Jordan,SaudiArabia,lowerlevel,G-09,C,French,S,Father,Yes,Good,Above-7,0<x<25,24<x<49,24<x<49,25<x<50,1
409,F,Iraq,lebanon,MiddleSchool,G-08,B,Science,S,Father,Yes,Bad,Under-7,x>75,0<x<24,0<x<24,50<x<74,0
410,M,KW,KuwaIT,MiddleSchool,G-02,C,Chemistry,S,Mum,Yes,Bad,Under-7,25<x<50,x>74,49<x<73,1<x<25,1
411,F,Iraq,Morocco,HighSchool,G-08,C,Quran,F,Father,No,Good,Under-7,25<x<50,24<x<49,49<x<73,x>74,1
412,M,Iraq,Lybia,MiddleSchool,G-12,C,French,F,Father,No,Bad,Under-7,x>75,24<x<49,x>73,25<x<50,1
413,F,Lybia,SaudiArabia,lowerlevel,G-06,A,History,S,Father,No,Good,Above-7,25<x<50,49<x<74,24<x<49,25<x<50,1
414,M,Palestine,Egypt,HighSchool,G-07,C,Biology,S,Father,Yes,Good,Under-7,0<x<25,49<x<74,0<x<24,50<x<74,1
415,M,Lybia,Tunis,MiddleSchool,G-12,C,Quran,S,Mum,Yes,Bad,Under-7,x>75,49<x<74,0<x<24,1<x<25,0
416,M,Morocco,Syria,MiddleSchool,G-12,C,IT,F,Mum,Yes,Bad,Above-7,x>75,49<x<74,x>73,50<x<74,0
417,F,Iran,USA,MiddleSchool,G-07,B,Chemistry,S,Mum,Yes,Bad,Above-7,0<x<25,x>74,24<x<49,25<x<50,1
418,F,Palestine,Morocco,lowerlevel,G-12,C,Geology,S,Father,Yes,Bad,Above-7,0<x<25,24<x<49,0<x<24,1<x<25,1
419,M,Syria,venzuela,MiddleSchool,G-04,A,Science,F,Father,No,Good,Above-7,25<x<50,x>74,0<x<24,50<x<74,1
420,F,Iran,Palestine,MiddleSchool,G-07,C,Math,S,Mum,No,Good,Under-7,x>75,0<x<24,24<x<49,25<x<50,1
421,F,Iraq,lebanon,MiddleSchool,G-05,C,Arabic,S,Father,No,Good,Under-7,25<x<50,24<x<49,24<x<49,x<1,1
422,F,Egypt,Palestine,lowerlevel,G-10,A,IT,F,Mum,Yes,Good,Under-7,25<x<50,24<x<49,0<x<24,x>74,1
423,M,USA,Egypt,HighSchool,G-04,A,Arabic,S,Mum,Yes,Bad,Above-7,25<x<50,24<x<49,24<x<49,25<x<50,1
424,F,Palestine,Tunis,HighSchool,G-07,C,Math,S,Father,No,Good,Under-7,25<x<50,x>74,x>73,25<x<50,1
425,F,Syria,Morocco,MiddleSchool,G-08,B,French,S,Father,Yes,Good,Under-7,0<x<25,0<x<24,x>73,50<x<74,1
426,F,Jordan,venzuela,lowerlevel,G-09,B,Chemistry,S,Mum,No,Bad,Under-7,x>75,x>74,0<x<24,50<x<74,0
427,F,Syria,SaudiArabia,lowerlevel,G-11,C,Biology,S,Mum,Yes,Bad,Under-7,0<x<25,24<x<49,24<x<49,25<x<50,1
428,F,Jordan,USA,MiddleSchool,G-10,B,History,S,Father,No,Bad,Above-7,0<x<25,24<x<49,0<x<24,25<x<50,1
429,M,SaudiArabia,venzuela,HighSchool,G-07,B,IT,S,Mum,No,Bad,Above-7,50<x<75,0<x<24,49<x<73,1<x<25,1
430,F,Lybia,Egypt,HighSchool,G-08,B,English,S,Father,Yes,Good,Under-7,0<x<25,0<x<24,0<x<24,x>74,1
431,F,lebanon,Palestine,lowerlevel,G-09,B,Geology,F,Mum,No,Bad,Above-7,50<x<75,24<x<49,0<x<24,50<x<74,1
432,M,Egypt,venzuela,lowerlevel,G-10,B,Quran,S,Father,No,Bad,Above-7,x<0,24<x<49,0<x<24,50<x<74,1
433,F,Tunis,Lybia,MiddleSchool,G-02,A,Chemistry,F,Father,Yes,Bad,Under-7,25<x<50,0<x<24,24<x<49,25<x<50,1
434,F,Syria,KuwaIT,HighSchool,G-02,C,Spanish,F,Mum,Yes,Good,Above-7,0<x<25,24<x<49,49<x<73,50<x<74,1
435,F,KW,venzuela,MiddleSchool,G-02,A,Biology,F,Mum,No,Bad,Above-7,25<x<50,49<x<74,24<x<49,50<x<74,1
436,F,Lybia,SaudiArabia,lowerlevel,G-11,A,Biology,F,Father,Yes,Bad,Under-7,50<x<75,49<x<74,24<x<49,50<x<74,0
437,F,lebanon,Palestine,HighSchool,G-12,A,Quran,F,Mum,No,Bad,Above-7,x>75,0<x<24,0<x<24,x>74,0
438,F,Egypt,Lybia,HighSchool,G-11,B,Science,S,Father,Yes,Bad,Under-7,50<x<75,49<x<74,24<x<49,25<x<50,1
439,M,Lybia,Iran,lowerlevel,G-08,A,Science,S,Mum,No,Bad,Above-7,0<x<25,x>74,49<x<73,50<x<74,1
440,F,Iraq,Iraq,HighSchool,G-11,C,IT,F,Mum,Yes,Good,Under-7,50<x<75,24<x<49,0<x<24,x>74,1
441,F,Iran,Tunis,lowerlevel,G-08,A,Math,F,Father,Yes,Good,Under-7,25<x<50,24<x<49,x<0,50<x<74,1
442,F,Palestine,Iran,HighSchool,G-04,C,Geology,F,Father,No,Bad,Under-7,0<x<25,49<x<74,x>73,25<x<50,1
443,M,KW,venzuela,HighSchool,G-08,B,History,F,Mum,Yes,Good,Above-7,0<x<25,0<x<24,49<x<73,1<x<25,1
444,F,Syria,SaudiArabia,lowerlevel,G-11,A,History,S,Mum,No,Good,Under-7,0<x<25,0<x<24,24<x<49,1<x<25,1
445,F,Palestine,Palestine,MiddleSchool,G-02,A,Science,F,Father,Yes,Bad,Above-7,x>75,49<x<74,49<x<73,1<x<25,0
446,F,Palestine,Tunis,lowerlevel,G-06,B,Science,F,Father,No,Bad,Under-7,50<x<75,0<x<24,49<x<73,1<x<25,1
447,M,Tunis,Jordan,lowerlevel,G-07,C,French,F,Mum,Yes,Good,Above-7,50<x<75,x>74,49<x<73,25<x<50,1
448,F,Morocco,lebanon,lowerlevel,G-10,B,IT,F,Mum,Yes,Bad,Above-7,25<x<50,x>74,x>73,50<x<74,0
449,F,USA,Lybia,HighSchool,G-11,A,Arabic,S,Father,No,Bad,Above-7,x>75,24<x<49,49<x<73,1<x<25,1
450,M,Palestine,lebanon,MiddleSchool,G-09,A,Geology,F,Father,Yes,Good,Above-7,x>75,x>74,x>73,x>74,0
451,M,Iran,Syria,MiddleSchool,G-02,A,Science,S,Mum,Yes,Good,Above-7,0<x<25,x>74,49<x<73,1<x<25,0
452,F,Morocco,Iran,HighSchool,G-09,A,Geology,F,Mum,Yes,Good,Above-7,0<x<25,x>74,24<x<49,1<x<25,1
453,M,Palestine,Syria,MiddleSchool,G-06,A,History,F,Father,No,Good,Under-7,25<x<50,x>74,0<x<24,x>74,1
454,F,Lybia,Egypt,HighSchool,G-04,B,Chemistry,S,Mum,No,Bad,Under-7,25<x<50,0<x<24,49<x<73,50<x<74,1
455,M,Egypt,Iran,HighSchool,G-10,C,French,F,Mum,No,Good,Under-7,x>75,0<x<24,0<x<24,25<x<50,1
456,M,Jordan,Jordan,lowerlevel,G-07,B,Spanish,S,Mum,Yes,Good,Under-7,50<x<75,24<x<49,49<x<73,x>74,0
457,F,Iran,lebanon,MiddleSchool,G-07,C,French,F,Father,No,Bad,Under-7,0<x<25,49<x<74,x<0,x<1,1
458,F,Palestine,lebanon,lowerlevel,G-09,C,Spanish,S,Father,Yes,Bad,Above-7,50<x<75,49<x<74,24<x<49,25<x<50,1
459,M,Egypt,Palestine,lowerlevel,G-06,C,Science,F,Mum,No,Bad,Above-7,x>75,0<x<24,49<x<73,50<x<74,1
460,M,USA,Iran,HighSchool,G-02,A,French,F,Father,No,Bad,Above-7,50<x<75,24<x<49,0<x<24,x>74,1
461,F,lebanon,Tunis,MiddleSchool,G-12,B,Spanish,S,Father,Yes,Good,Above-7,0<x<25,x>74,49<x<73,50<x<74,1
462,F,venzuela,Palestine,lowerlevel,G-08,A,Geology,S,Father,Yes,Good,Above-7,50<x<75,x>74,24<x<49,1<x<25,1
463,F,Palestine,Tunis,lowerlevel,G-09,A,Science,S,Father,No,Bad,Under-7,25<x<50,24<x<49,x>73,25<x<50,1
464,M,KW,Morocco,lowerlevel,G-11,B,Spanish,F,Mum,No,Bad,Above-7,0<x<25,49<x<74,49<x<73,25<x<50,1
465,M,Egypt,USA,lowerlevel,G-12,B,Arabic,F,Father,Yes,Bad,Under-7,50<x<75,24<x<49,24<x<49,1<x<25,1
466,M,Palestine,Palestine,lowerlevel,G-05,B,French,F,Mum,Yes,Good,Above-7,0<x<25,x>74,x>73,1<x<25,1
467,M,Morocco,Syria,HighSchool,G-07,A,Science,F,Father,Yes,Good,Above-7,x>75,0<x<24,0<x<24,x>74,1
468,F,Iraq,Palestine,HighSchool,G-06,B,Biology,F,Father,No,Bad,Above-7,25<x<50,x>74,0<x<24,x>74,1
469,M,USA,SaudiArabia,lowerlevel,G-05,A,French,F,Father,Yes,Good,Under-7,0<x<25,49<x<74,24<x<49,25<x<50,1
470,F,Iran,USA,HighSchool,G-11,B,Chemistry,S,Mum,Yes,Bad,Under-7,0<x<25,x>74,24<x<49,50<x<74,0
471,F,SaudiArabia,lebanon,MiddleSchool,G-06,A,Spanish,F,Father,No,Bad,Under-7,25<x<50,49<x<74,24<x<49,1<x<25,1
472,M,Morocco,venzuela,lowerlevel,G-08,B,Quran,F,Father,Yes,Good,Under-7,50<x<75,0<x<24,24<x<49,25<x<50,1
473,F,SaudiArabia,Iraq,MiddleSchool,G-05,B,Arabic,S,Mum,No,Good,Above-7,x>75,24<x<49,24<x<49,50<x<74,1
474,M,Jordan,Morocco,lowerlevel,G-07,C,Biology,S,Mum,Yes,Bad,Above-7,25<x<50,24<x<49,24<x<49,1<x<25,1
475,M,Iraq,Tunis,MiddleSchool,G-09,B,French,F,Mum,Yes,Bad,Above-7,50<x<75,0<x<24,24<x<49,25<x<50,1
476,M,Iraq,Palestine,lowerlevel,G-09,A,Arabic,F,Father,No,Bad,Under-7,x>75,49<x<74,0<x<24,1<x<25,1
477,F,Tunis,KuwaIT,lowerlevel,G-09,C,English,S,Mum,Yes,Bad,Under-7,0<x<25,49<x<74,0<x<24,25<x<50,1
478,F,USA,USA,MiddleSchool,G-06,C,Chemistry,S,Mum,Yes,Good,Above-7,x>75,0<x<24,24<x<49,1<x<25,0
479,M,Tunis,Tunis,lowerlevel,G-05,A,Math,F,Father,Yes,Good,Under-7,x>75,x>74,x>73,1<x<25,0
480,M,USA,Iraq,HighSchool,G-02,A,Biology,F,Mum,Yes,Good,Under-7,50<x<75,49<x<74,x>73,1<x<25,0
481,F,Lybia,Iraq,HighSchool,G-07,C,IT,F,Mum,No,Bad,Above-7,50<x<75,49<x<74,24<x<49,x>74,1
482,M,Egypt,USA,MiddleSchool,G-08,A,Chemistry,S,Father,Yes,Bad,Above-7,50<x<75,x>74,24<x<49,1<x<25,1
483,F,Egypt,USA,lowerlevel,G-09,A,IT,F,Father,Yes,Bad,Under-7,x>75,0<x<24,x>73,50<x<74,0
484,F,Egypt,venzuela,MiddleSchool,G-09,C,Arabic,F,Mum,Yes,Bad,Under-7,50<x<75,0<x<24,0<x<24,x>74,1
485,M,Iran,Iran,MiddleSchool,G-05,B,French,S,Father,No,Bad,Above-7,0<x<25,24<x<49,0<x<24,25<x<50,1
486,M,USA,Syria,MiddleSchool,G-02,C,Biology,S,Mum,No,Bad,Above-7,0<x<25,x<0,24<x<49,50<x<74,1
487,M,Egypt,Morocco,MiddleSchool,G-12,C,Geology,F,Father,No,Good,Above-7,x>75,0<x<24,x>73,25<x<50,1
488,F,Tunis,Syria,lowerlevel,G-04,A,IT,F,Father,No,Bad,Under-7,x>75,x>74,0<x<24,1<x<25,1
489,M,Iran,USA,HighSchool,G-09,B,Arabic,S,Father,Yes,Good,Above-7,0<x<25,49<x<74,49<x<73,1<x<25,1
490,M,Syria,SaudiArabia,HighSchool,G-12,C,Arabic,F,Mum,Yes,Good,Under-7,x>75,0<x<24,24<x<49,x>74,0
491,M,Iraq,KuwaIT,MiddleSchool,G-12,A,History,F,Father,No,Bad,Under-7,25<x<50,24<x<49,24<x<49,x>74,1
492,F,Lybia,USA,MiddleSchool,G-12,B,French,S,Father,Yes,Good,Above-7,25<x<50,49<x<74,0<x<24,x>74,1
493,M,Iraq,Morocco,HighSchool,G-11,C,Biology,S,Father,No,Good,Under-7,0<x<25,0<x<24,x>73,50<x<74,1
494,M,Egypt,venzuela,HighSchool,G-12,C,IT,F,Father,Yes,Good,Under-7,x>75,x>74,49<x<73,1<x<25,0
495,F,lebanon,lebanon,lowerlevel,G-05,C,Arabic,S,Father,Yes,Good,Above-7,x>75,0<x<24,24<x<49,1<x<25,0
496,M,KW,Iran,HighSchool,G-12,C,Quran,S,Mum,No,Bad,Under-7,25<x<50,49<x<74,24<x<49,25<x<50,1
497,M,Iraq,lebanon,lowerlevel,G-06,C,Spanish,F,Father,Yes,Bad,Under-7,25<x<50,x>74,24<x<49,25<x<50,1
498,M,Morocco,USA,lowerlevel,G-04,C,IT,S,Mum,No,Bad,Under-7,x>75,0<x<24,24<x<49,50<x<74,0
499,F,Egypt,Tunis,HighSchool,G-08,C,French,F,Father,Yes,Good,Under-7,0<x<25,x>74,49<x<73,1<x<25,0
500,F,Palestine,USA,lowerlevel,G-05,A,Spanish,F,Mum,No,Good,Under-7,0<x<25,49<x<74,49<x<73,25<x<50,1
501,F,Morocco,Tunis,MiddleSchool,G-11,A,Chemistry,F,Mum,Yes,Good,Above-7,0<x<25,24<x<49,24<x<49,50<x<74,1
502,M,Egypt,lebanon,lowerlevel,G-09,B,Quran,F,Father,No,Good,Above-7,x>75,0<x<24,24<x<49,25<x<50,1
503,F,Iran,Egypt,lowerlevel,G-11,B,IT,S,Father,Yes,Bad,Above-7,50<x<75,24<x<49,0<x<24,x>74,1
504,F,Morocco,Syria,lowerlevel,G-10,A,Arabic,F,Father,No,Good,Above-7,50<x<75,49<x<74,24<x<49,25<x<50,1
505,M,venzuela,Syria,HighSchool,G-05,A,English,F,Mum,No,Bad,Above-7,x>75,24<x<49,24<x<49,1<x<25,0
506,M,KW,Iran,lowerlevel,G-08,A,Quran,S,Father,Yes,Good,Above-7,50<x<75,x>74,0<x<24,x>74,1
507,M,KW,Syria,MiddleSchool,G-11,A,Quran,S,Mum,Yes,Bad,Under-7,x>75,x>74,24<x<49,1<x<25,0
508,M,Jordan,SaudiArabia,lowerlevel,G-02,B,English,S,Father,No,Good,Above-7,50<x<75,0<x<24,0<x<24,25<x<50,1
509,M,Syria,SaudiArabia,lowerlevel,G-02,B,Chemistry,F,Mum,No,Bad,Under-7,x>75,0<x<24,0<x<24,25<x<50,1
510,M,Iran,USA,lowerlevel,G-02,B,Chemistry,F,Father,Yes,Bad,Above-7,x>75,24<x<49,0<x<24,1<x<25,1
511,M,Egypt,SaudiArabia,MiddleSchool,G-08,A,Spanish,S,Mum,Yes,Bad,Above-7,0<x<25,24<x<49,49<x<73,x>74,1
512,F,venzuela,Palestine,MiddleSchool,G-09,C,French,F,Mum,Yes,Good,Under-7,x>75,49<x<74,24<x<49,50<x<74,0
513,M,KW,Egypt,MiddleSchool,G-04,C,Math,S,Father,Yes,Bad,Above-7,x>75,0<x<24,0<x<24,x>74,1
514,F,SaudiArabia,Syria,MiddleSchool,G-08,B,Chemistry,S,Father,No,Bad,Above-7,50<x<75,x>74,x>73,x>74,1
515,M,Iraq,Iraq,MiddleSchool,G-07,A,Chemistry,F,Father,No,Bad,Above-7,50<x<75,24<x<49,0<x<24,25<x<50,1
516,F,Lybia,Tunis,lowerlevel,G-04,C,IT,S,Mum,Yes,Good,Under-7,x>75,0<x<24,x>73,25<x<50,0
517,F,Iran,Palestine,HighSchool,G-06,B,English,S,Father,No,Good,Under-7,0<x<25,x>74,0<x<24,1<x<25,1
518,M,KW,Morocco,MiddleSchool,G-02,C,Biology,F,Father,Yes,Good,Above-7,0<x<25,0<x<24,24<x<49,50<x<74,1
519,F,venzuela,Palestine,MiddleSchool,G-02,B,Science,S,Mum,Yes,Good,Under-7,50<x<75,x>74,24<x<49,x>74,0
520,M,venzuela,Iraq,HighSchool,G-08,A,Spanish,S,Mum,No,Bad,Under-7,0<x<25,x>74,0<x<24,1<x<25,1
521,F,Egypt,Syria,lowerlevel,G-09,C,History,F,Father,No,Good,Under-7,50<x<75,0<x<24,24<x<49,x>74,1
522,F,Iran,Iran,MiddleSchool,G-04,C,Arabic,S,Mum,Yes,Bad,Under-7,0<x<25,49<x<74,0<x<24,25<x<50,1
523,M,Tunis,Morocco,HighSchool,G-07,B,Biology,S,Father,Yes,Good,Above-7,x>75,24<x<49,x>73,1<x<25,1
524,M,venzuela,Morocco,HighSchool,G-12,A,Chemistry,S,Mum,No,Bad,Under-7,0<x<25,49<x<74,49<x<73,25<x<50,1
525,M,Morocco,Lybia,HighSchool,G-12,C,History,F,Mum,Yes,Good,Above-7,50<x<75,x>74,x>73,x>74,1
526,M,Iran,Syria,lowerlevel,G-10,B,Science,S,Father,Yes,Good,Above-7,25<x<50,0<x<24,24<x<49,50<x<74,1
527,M,Palestine,Syria,HighSchool,G-11,A,Science,S,Father,Yes,Good,Under-7,25<x<50,49<x<74,49<x<73,1<x<25,1
528,F,Iran,lebanon,HighSchool,G-10,C,Arabic,S,Mum,Yes,Bad,Above-7,0<x<25,0<x<24,24<x<49,1<x<25,1
529,F,Egypt,KuwaIT,HighSchool,G-11,C,Arabic,S,Mum,Yes,Bad,Above-7,50<x<75,x>74,0<x<24,50<x<74,0
530,F,venzuela,Egypt,lowerlevel,G-09,C,Math,S,Father,Yes,Good,Under-7,0<x<25,x>74,0<x<24,1<x<25,1
531,F,Jordan,Palestine,MiddleSchool,G-02,A,Math,S,Mum,Yes,Good,Above-7,50<x<75,x>74,49<x<73,25<x<50,1
532,F,USA,Iraq,HighSchool,G-04,A,Spanish,S,Mum,Yes,Good,Above-7,x>75,0<x<24,0<x<24,x>74,1
533,F,SaudiArabia,Iraq,HighSchool,G-02,A,Biology,S,Mum,No,Bad,Under-7,50<x<75,x>74,x>73,1<x<25,1
534,M,lebanon,Syria,MiddleSchool,G-12,B,Chemistry,S,Father,No,Bad,Under-7,x<0,x>74,49<x<73,1<x<25,1
535,F,Syria,Jordan,lowerlevel,G-11,A,IT,S,Father,No,Good,Under-7,0<x<25,49<x<74,0<x<24,25<x<50,1
536,F,KW,lebanon,MiddleSchool,G-07,C,Spanish,S,Father,Yes,Bad,Above-7,25<x<50,x>74,49<x<73,x>74,1
537,M,Morocco,KuwaIT,MiddleSchool,G-11,B,Geology,F,Mum,Yes,Good,Above-7,25<x<50,0<x<24,49<x<73,1<x<25,1
538,F,Iraq,Iran,MiddleSchool,G-07,C,Math,F,Father,Yes,Bad,Under-7,25<x<50,x>74,24<x<49,25<x<50,1
539,F,KW,Iraq,lowerlevel,G-04,C,Chemistry,F,Father,No,Bad,Above-7,25<x<50,49<x<74,0<x<24,x>74,1
540,M,Lybia,Egypt,lowerlevel,G-09,A,IT,S,Mum,Yes,Bad,Above-7,x<0,24<x<49,x>73,25<x<50,1
541,F,Jordan,Syria,MiddleSchool,G-07,B,Quran,F,Father,No,Bad,Under-7,25<x<50,0<x<24,0<x<24,25<x<50,1
542,M,Lybia,SaudiArabia,lowerlevel,G-02,B,Science,S,Father,Yes,Good,Under-7,0<x<25,49<x<74,24<x<49,x>74,1
543,M,Tunis,Iraq,HighSchool,G-04,A,IT,S,Father,No,Good,Above-7,x>75,24<x<49,x>73,1<x<25,1
544,M,USA,Palestine,HighSchool,G-05,A,English,F,Mum,Yes,Good,Above-7,50<x<75,x>74,49<x<73,25<x<50,0
545,F,Syria,Palestine,MiddleSchool,G-02,B,Spanish,S,Mum,Yes,Good,Above-7,x>75,49<x<74,0<x<24,25<x<50,0
546,F,KW,Tunis,MiddleSchool,G-10,C,Biology,S,Mum,No,Bad,Under-7,0<x<25,0<x<24,24<x<49,25<x<50,1
547,M,USA,Iraq,MiddleSchool,G-12,A,Spanish,S,Mum,Yes,Good,Under-7,25<x<50,0<x<24,24<x<49,x<1,1
548,F,USA,Palestine,MiddleSchool,G-11,C,Math,S,Father,No,Good,Under-7,50<x<75,24<x<49,x>73,25<x<50,1
549,M,Iran,Palestine,HighSchool,G-09,A,Spanish,S,Mum,Yes,Good,Under-7,x>75,0<x<24,0<x<24,25<x<50,1
550,F,Syria,Jordan,lowerlevel,G-06,C,Quran,S,Mum,No,Bad,Above-7,25<x<50,49<x<74,49<x<73,25<x<50,1
551,M,Iraq,Jordan,MiddleSchool,G-12,A,French,F,Father,No,Bad,Above-7,0<x<25,x>74,x>73,1<x<25,1
552,M,KW,Iran,lowerlevel,G-07,B,Quran,F,Father,No,Good,Above-7,x>75,24<x<49,0<x<24,50<x<74,1
553,F,Iran,Lybia,lowerlevel,G-11,B,Science,F,Mum,Yes,Good,Under-7,0<x<25,24<x<49,24<x<49,50<x<74,1
554,F,KW,Lybia,MiddleSchool,G-09,A,Math,F,Mum,Yes,Good,Under-7,0<x<25,x<0,x<0,1<x<25,1
555,F,USA,lebanon,MiddleSchool,G-08,C,Arabic,F,Mum,Yes,Bad,Above-7,25<x<50,0<x<24,49<x<73,25<x<50,0
556,M,Iraq,Iraq,lowerlevel,G-02,B,Biology,F,Father,Yes,Bad,Under-7,25<x<50,0<x<24,24<x<49,50<x<74,1
557,M,Jordan,Morocco,HighSchool,G-11,B,French,S,Father,Yes,Good,Under-7,50<x<75,0<x<24,24<x<49,25<x<50,1
558,F,Jordan,Iraq,MiddleSchool,G-04,C,History,S,Mum,Yes,Good,Above-7,25<x<50,x>74,49<x<73,1<x<25,1
559,F,Palestine,venzuela,MiddleSchool,G-05,B,Arabic,F,Father,Yes,Good,Under-7,25<x<50,0<x<24,0<x<24,25<x<50,1
560,F,Morocco,KuwaIT,MiddleSchool,G-10,A,Arabic,F,Mum,Yes,Good,Under-7,0<x<25,x>74,0<x<24,1<x<25,1
561,M,Tunis,Tunis,MiddleSchool,G-02,B,French,F,Father,Yes,Bad,Under-7,0<x<25,24<x<49,24<x<49,50<x<74,0
562,F,Palestine,Iraq,MiddleSchool,G-02,B,Chemistry,F,Father,Yes,Bad,Above-7,50<x<75,0<x<24,0<x<24,x>74,1
563,F,Iran,Morocco,MiddleSchool,G-11,A,English,S,Father,No,Good,Under-7,25<x<50,x>74,x>73,1<x<25,1
564,F,Jordan,USA,lowerlevel,G-08,B,History,F,Father,Yes,Good,Under-7,50<x<75,49<x<74,0<x<24,x>74,1
565,M,SaudiArabia,Lybia,HighSchool,G-09,B,French,S,Mum,Yes,Bad,Under-7,0<x<25,49<x<74,x>73,50<x<74,1
566,M,SaudiArabia,SaudiArabia,lowerlevel,G-04,B,Quran,S,Father,No,Good,Above-7,25<x<50,0<x<24,0<x<24,25<x<50,1
567,F,Palestine,USA,HighSchool,G-06,B,History,F,Mum,Yes,Bad,Under-7,0<x<25,0<x<24,24<x<49,x>74,1
568,M,Egypt,SaudiArabia,lowerlevel,G-06,A,Arabic,F,Father,Yes,Bad,Under-7,x>75,24<x<49,49<x<73,x>74,0
569,F,Syria,Tunis,HighSchool,G-11,C,Quran,F,Mum,Yes,Bad,Above-7,x>75,49<x<74,0<x<24,50<x<74,1
570,F,lebanon,Palestine,MiddleSchool,G-05,A,Geology,F,Father,Yes,Good,Above-7,25<x<50,0<x<24,24<x<49,1<x<25,1
571,F,venzuela,venzuela,HighSchool,G-12,C,French,F,Father,No,Good,Above-7,0<x<25,49<x<74,24<x<49,50<x<74,1
572,F,Tunis,SaudiArabia,lowerlevel,G-04,C,History,S,Father,No,Bad,Above-7,0<x<25,x>74,24<x<49,x>74,1
573,F,SaudiArabia,SaudiArabia,HighSchool,G-11,B,Arabic,F,Mum,Yes,Bad,Under-7,50<x<75,49<x<74,49<x<73,25<x<50,0
574,F,Tunis,Iran,HighSchool,G-07,C,Spanish,S,Mum,Yes,Bad,Under-7,0<x<25,49<x<74,24<x<49,50<x<74,1
575,F,Lybia,Palestine,HighSchool,G-06,A,Geology,S,Mum,No,Good,Under-7,50<x<75,0<x<24,0<x<24,25<x<50,1
576,M,KW,Syria,HighSchool,G-07,C,English,S,Mum,No,Good,Above-7,25<x<50,x>74,24<x<49,25<x<50,1
577,F,Palestine,Iraq,MiddleSchool,G-09,A,Biology,S,Father,No,Good,Above-7,x>75,x>74,49<x<73,25<x<50,1
578,F,Iran,SaudiArabia,MiddleSchool,G-07,A,History,F,Mum,Yes,Bad,Above-7,x>75,24<x<49,49<x<73,25<x<50,1
579,F,KW,KuwaIT,HighSchool,G-06,B,Math,F,Father,No,Bad,Above-7,0<x<25,x>74,49<x<73,50<x<74,1
580,F,Iran,Jordan,lowerlevel,G-07,B,French,F,Mum,Yes,Bad,Under-7,0<x<25,49<x<74,24<x<49,25<x<50,1
581,F,Jordan,Morocco,HighSchool,G-05,A,Spanish,F,Father,No,Good,Above-7,x>75,49<x<74,49<x<73,x>74,1
582,M,Egypt,Lybia,lowerlevel,G-06,C,French,S,Mum,Yes,Good,Under-7,25<x<50,24<x<49,x>73,25<x<50,1
583,M,Palestine,USA,MiddleSchool,G-05,A,English,F,Mum,Yes,Bad,Under-7,0<x<25,0<x<24,0<x<24,x>74,1
584,F,Iran,Iran,MiddleSchool,G-10,A,Quran,F,Father,No,Good,Above-7,x>75,49<x<74,x>73,25<x<50,1
585,F,USA,lebanon,lowerlevel,G-09,A,Chemistry,F,Father,No,Good,Under-7,0<x<25,49<x<74,x>73,25<x<50,1
586,M,SaudiArabia,Morocco,HighSchool,G-10,A,Spanish,F,Mum,No,Good,Above-7,50<x<75,24<x<49,0<x<24,x>74,1
587,F,USA,venzuela,MiddleSchool,G-06,A,Math,F,Mum,Yes,Bad,Under-7,50<x<75,x>74,24<x<49,25<x<50,0
588,M,SaudiArabia,Iran,lowerlevel,G-05,B,Math,F,Mum,Yes,Good,Under-7,x>75,x>74,24<x<49,25<x<50,1
589,F,Egypt,Iran,HighSchool,G-08,A,Spanish,F,Father,Yes,Bad,Above-7,50<x<75,0<x<24,24<x<49,x>74,1
590,F,Iran,Morocco,lowerlevel,G-02,C,Quran,S,Father,Yes,Good,Under-7,25<x<50,49<x<74,0<x<24,1<x<25,1
591,M,lebanon,Egypt,MiddleSchool,G-08,A,Science,S,Father,Yes,Bad,Under-7,25<x<50,49<x<74,49<x<73,1<x<25,1
592,F,Palestine,Iraq,MiddleSchool,G-04,B,IT,S,Mum,No,Good,Under-7,25<x<50,0<x<24,0<x<24,x>74,1
593,M,Jordan,Iran,HighSchool,G-11,C,English,F,Father,No,Bad,Under-7,0<x<25,49<x<74,0<x<24,x>74,1
594,F,Palestine,Morocco,MiddleSchool,G-12,C,Geology,S,Mum,No,Bad,Above-7,50<x<75,x>74,0<x<24,25<x<50,1
595,M,Iraq,Palestine,lowerlevel,G-09,A,Science,F,Father,Yes,Bad,Under-7,25<x<50,0<x<24,49<x<73,x>74,1
596,F,Tunis,Iraq,lowerlevel,G-11,C,Quran,F,Father,Yes,Good,Above-7,50<x<75,24<x<49,x>73,1<x<25,1
597,F,lebanon,Iran,HighSchool,G-09,C,Science,S,Mum,No,Good,Above-7,0<x<25,49<x<74,49<x<73,1<x<25,1
598,F,Palestine,KuwaIT,MiddleSchool,G-02,B,Chemistry,S,Father,Yes,Good,Under-7,x>75,0<x<24,0<x<24,x>74,1
599,F,Palestine,Iran,MiddleSchool,G-05,C,Spanish,S,Father,Yes,Bad,Above-7,50<x<75,0<x<24,x<0,25<x<50,1
600,F,Iran,KuwaIT,HighSchool,G-10,B,Spanish,S,Father,No,Bad,Above-7,x>75,0<x<24,49<x<73,25<x<50,1
601,F,lebanon,USA,HighSchool,G-05,A,Quran,S,Mum,Yes,Good,Under-7,0<x<25,0<x<24,x>73,25<x<50,1
602,F,Tunis,Syria,MiddleSchool,G-04,B,Science,F,Father,No,Good,Under-7,50<x<75,x>74,x>73,50<x<74,0
603,M,Morocco,Palestine,HighSchool,G-02,A,History,S,Father,Yes,Bad,Above-7,0<x<25,49<x<74,x>73,x>74,1
604,F,lebanon,Palestine,MiddleSchool,G-11,B,Biology,S,Mum,Yes,Good,Under-7,25<x<50,0<x<24,0<x<24,50<x<74,1
605,F,Morocco,Syria,MiddleSchool,G-06,B,Chemistry,F,Father,Yes,Good,Above-7,x>75,0<x<24,0<x<24,25<x<50,1
606,F,Jordan,venzuela,lowerlevel,G-02,B,Spanish,S,Father,No,Good,Under-7,50<x<75,0<x<24,0<x<24,x>74,1
607,M,lebanon,Palestine,HighSchool,G-11,B,Quran,F,Mum,No,Good,Under-7,x>75,49<x<74,0<x<24,25<x<50,0
608,F,Lybia,Syria,MiddleSchool,G-12,B,Biology,F,Mum,Yes,Good,Above-7,0<x<25,24<x<49,24<x<49,1<x<25,1
609,M,venzuela,Tunis,lowerlevel,G-06,B,Quran,F,Father,Yes,Bad,Under-7,25<x<50,x>74,49<x<73,x>74,0
610,M,Morocco,Morocco,HighSchool,G-04,C,Geology,F,Mum,No,Bad,Above-7,x>75,24<x<49,0<x<24,50<x<74,1
611,F,Iraq,venzuela,MiddleSchool,G-05,C,IT,F,Father,No,Bad,Under-7,x>75,0<x<24,x>73,25<x<50,1
612,F,SaudiArabia,Iraq,HighSchool,G-07,B,French,F,Mum,Yes,Good,Above-7,x>75,49<x<74,x>73,x>74,1
613,F,Lybia,venzuela,lowerlevel,G-07,C,Chemistry,F,Mum,Yes,Good,Under-7,50<x<75,24<x<49,0<x<24,50<x<74,0
614,F,Morocco,KuwaIT,HighSchool,G-07,C,Geology,S,Mum,Yes,Bad,Above-7,25<x<50,24<x<49,0<x<24,25<x<50,1
615,M,USA,Iraq,HighSchool,G-09,A,Arabic,S,Father,No,Bad,Above-7,50<x<75,x>74,24<x<49,x>74,1
616,F,KW,KuwaIT,MiddleSchool,G-05,A,Quran,F,Mum,Yes,Bad,Under-7,x>75,0<x<24,x>73,1<x<25,1
617,F,KW,lebanon,lowerlevel,G-08,B,Chemistry,F,Father,Yes,Good,Under-7,0<x<25,0<x<24,0<x<24,x>74,1
618,M,KW,Morocco,HighSchool,G-07,B,Geology,S,Mum,Yes,Bad,Above-7,x>75,24<x<49,0<x<24,1<x<25,1
619,F,venzuela,Iraq,lowerlevel,G-05,A,English,S,Mum,No,Bad,Under-7,0<x<25,24<x<49,49<x<73,x>74,1
620,F,USA,Palestine,HighSchool,G-11,A,Quran,F,Mum,No,Good,Under-7,0<x<25,49<x<74,0<x<24,25<x<50,1
621,M,Jordan,Morocco,lowerlevel,G-08,C,IT,F,Mum,No,Bad,Under-7,0<x<25,x>74,49<x<73,x>74,1
622,M,Palestine,Morocco,lowerlevel,G-09,B,French,F,Father,Yes,Good,Above-7,x>75,49<x<74,24<x<49,x>74,1
623,M,Iran,USA,lowerlevel,G-12,C,Geology,F,Father,Yes,Good,Above-7,x>75,49<x<74,24<x<49,25<x<50,1
624,M,Syria,Iran,MiddleSchool,G-12,A,Quran,S,Father,No,Bad,Under-7,50<x<75,x>74,0<x<24,x>74,1
625,F,Lybia,KuwaIT,HighSchool,G-07,C,French,S,Father,Yes,Bad,Above-7,50<x<75,24<x<49,0<x<24,x>74,1
626,M,Jordan,Lybia,HighSchool,G-10,A,Spanish,S,Mum,No,Bad,Under-7,0<x<25,49<x<74,0<x<24,50<x<74,1
627,F,Jordan,USA,HighSchool,G-05,C,Chemistry,F,Mum,Yes,Good,Under-7,x>75,24<x<49,49<x<73,1<x<25,0
628,F,Jordan,Morocco,lowerlevel,G-12,C,Science,F,Father,No,Good,Above-7,x>75,49<x<74,0<x<24,25<x<50,1
629,F,Syria,Morocco,HighSchool,G-06,C,Arabic,F,Mum,Yes,Good,Above-7,25<x<50,x>74,x>73,x>74,0
630,F,Jordan,KuwaIT,lowerlevel,G-11,B,Geology,F,Mum,No,Bad,Under-7,x>75,0<x<24,0<x<24,50<x<74,1
631,F,Syria,lebanon,lowerlevel,G-06,B,Quran,S,Mum,Yes,Good,Under-7,50<x<75,49<x<74,24<x<49,50<x<74,0
632,M,lebanon,venzuela,MiddleSchool,G-06,A,Math,S,Father,Yes,Good,Under-7,x>75,49<x<74,0<x<24,50<x<74,0
633,M,Tunis,venzuela,MiddleSchool,G-08,C,French,S,Mum,Yes,Bad,Above-7,0<x<25,0<x<24,0<x<24,25<x<50,1
634,M,USA,lebanon,MiddleSchool,G-02,B,Geology,S,Father,Yes,Bad,Above-7,0<x<25,x>74,24<x<49,x>74,0
635,F,USA,Egypt,HighSchool,G-06,C,French,S,Father,No,Good,Above-7,0<x<25,x>74,49<x<73,50<x<74,1
636,F,Morocco,Iraq,MiddleSchool,G-05,B,English,F,Mum,Yes,Bad,Above-7,50<x<75,0<x<24,49<x<73,1<x<25,1
637,F,Iran,Palestine,lowerlevel,G-06,A,History,S,Mum,Yes,Bad,Under-7,x>75,24<x<49,49<x<73,25<x<50,0
638,F,KW,KuwaIT,MiddleSchool,G-11,A,Biology,F,Mum,No,Good,Under-7,25<x<50,0<x<24,0<x<24,x>74,1
639,M,Syria,lebanon,lowerlevel,G-06,B,Math,F,Mum,No,Good,Above-7,x>75,x>74,x>73,50<x<74,0
640,F,lebanon,venzuela,lowerlevel,G-05,B,Spanish,F,Mum,No,Bad,Under-7,50<x<75,24<x<49,24<x<49,25<x<50,1
641,M,Jordan,Lybia,MiddleSchool,G-02,A,Science,S,Mum,Yes,Good,Under-7,50<x<75,49<x<74,0<x<24,50<x<74,1
642,M,SaudiArabia,Iran,lowerlevel,G-08,C,Chemistry,S,Father,No,Bad,Under-7,50<x<75,x>74,49<x<73,50<x<74,1
643,M,Lybia,venzuela,HighSchool,G-05,C,IT,S,Father,No,Good,Under-7,0<x<25,0<x<24,x>73,50<x<74,1
644,M,Syria,Lybia,lowerlevel,G-02,C,Science,S,Father,No,Good,Above-7,0<x<25,0<x<24,x>73,25<x<50,1
645,M,lebanon,Syria,lowerlevel,G-06,B,Geology,F,Father,Yes,Good,Under-7,50<x<75,x>74,0<x<24,1<x<25,0
646,M,Tunis,KuwaIT,HighSchool,G-06,B,Biology,F,Mum,Yes,Good,Under-7,50<x<75,49<x<74,24<x<49,x>74,0
647,M,lebanon,Tunis,HighSchool,G-04,C,English,S,Father,Yes,Bad,Above-7,0<x<25,49<x<74,x>73,25<x<50,0
648,M,KW,Lybia,HighSchool,G-09,C,French,F,Father,No,Bad,Above-7,0<x<25,24<x<49,x>73,50<x<74,1
649,M,Lybia,venzuela,MiddleSchool,G-08,C,Biology,S,Father,Yes,Good,Above-7,0<x<25,49<x<74,24<x<49,x>74,1
650,F,Iran,Lybia,lowerlevel,G-07,B,IT,S,Mum,No,Good,Above-7,0<x<25,0<x<24,0<x<24,25<x<50,1
651,M,Iraq,Egypt,HighSchool,G-10,A,Spanish,F,Mum,No,Good,Under-7,0<x<25,x>74,49<x<73,50<x<74,1
652,F,USA,Lybia,HighSchool,G-04,A,History,S,Mum,No,Good,Above-7,50<x<75,0<x<24,24<x<49,50<x<74,1
653,F,Tunis,venzuela,lowerlevel,G-12,A,Spanish,F,Father,No,Good,Under-7,0<x<25,24<x<49,x>73,50<x<74,1
654,M,lebanon,USA,HighSchool,G-07,A,Arabic,F,Mum,No,Bad,Above-7,50<x<75,0<x<24,24<x<49,25<x<50,0
655,F,Palestine,Palestine,MiddleSchool,G-02,B,English,S,Mum,No,Good,Above-7,25<x<50,24<x<49,x>73,25<x<50,1
656,M,SaudiArabia,Iraq,lowerlevel,G-10,C,Science,S,Mum,Yes,Bad,Under-7,0<x<25,49<x<74,49<x<73,x>74,1
657,F,Lybia,venzuela,MiddleSchool,G-08,C,History,F,Father,Yes,Bad,Under-7,25<x<50,0<x<24,24<x<49,25<x<50,1
658,M,Morocco,Morocco,MiddleSchool,G-11,C,IT,S,Father,Yes,Bad,Above-7,x>75,49<x<74,x>73,x>74,1
659,F,USA,SaudiArabia,HighSchool,G-07,C,Quran,F,Mum,No,Bad,Under-7,x>75,24<x<49,24<x<49,x>74,1
660,M,Jordan,Morocco,lowerlevel,G-07,A,Science,F,Father,No,Bad,Under-7,25<x<50,0<x<24,24<x<49,1<x<25,1
661,F,Tunis,Morocco,HighSchool,G-02,B,Geology,S,Mum,No,Bad,Under-7,25<x<50,x>74,x>73,1<x<25,1
662,M,SaudiArabia,Iran,HighSchool,G-06,B,Geology,S,Father,No,Good,Under-7,25<x<50,x>74,x>73,1<x<25,1
663,M,Palestine,Syria,lowerlevel,G-07,B,French,F,Mum,No,Good,Under-7,50<x<75,49<x<74,x<0,25<x<50,1
664,F,Tunis,Iran,lowerlevel,G-12,A,English,F,Father,No,Bad,Under-7,0<x<25,24<x<49,24<x<49,1<x<25,1
665,F,Syria,KuwaIT,HighSchool,G-12,C,Arabic,S,Father,No,Good,Above-7,0<x<25,0<x<24,24<x<49,25<x<50,1
666,M,Lybia,KuwaIT,lowerlevel,G-08,B,French,S,Father,Yes,Good,Above-7,x>75,x>74,49<x<73,25<x<50,1
667,M,Tunis,Iran,lowerlevel,G-12,C,French,F,Mum,Yes,Good,Above-7,x>75,24<x<49,0<x<24,50<x<74,1
668,M,KW,Iraq,HighSchool,G-11,A,Quran,F,Father,Yes,Good,Under-7,x>75,x>74,x>73,50<x<74,1
669,F,lebanon,USA,HighSchool,G-06,A,History,F,Father,Yes,Bad,Under-7,0<x<25,24<x<49,24<x<49,1<x<25,1
670,M,Palestine,SaudiArabia,MiddleSchool,G-11,B,Geology,F,Father,Yes,Good,Above-7,0<x<25,x>74,x>73,50<x<74,1
671,M,Jordan,Morocco,lowerlevel,G-12,B,Quran,S,Mum,Yes,Bad,Under-7,50<x<75,49<x<74,24<x<49,50<x<74,0
672,F,Jordan,Syria,lowerlevel,G-07,A,Math,S,Mum,No,Good,Under-7,25<x<50,x>74,49<x<73,x>74,0
673,M,Morocco,SaudiArabia,lowerlevel,G-10,B,IT,S,Mum,Yes,Bad,Above-7,50<x<75,24<x<49,49<x<73,50<x<74,0
674,F,Egypt,Tunis,MiddleSchool,G-05,A,Arabic,S,Mum,No,Bad,Under-7,0<x<25,49<x<74,24<x<49,1<x<25,1
675,M,Egypt,KuwaIT,lowerlevel,G-11,B,Math,F,Father,Yes,Bad,Under-7,50<x<75,49<x<74,49<x<73,25<x<50,1
676,F,USA,Syria,lowerlevel,G-07,B,Spanish,S,Mum,No,Good,Under-7,x>75,x>74,0<x<24,50<x<74,1
677,F,Morocco,lebanon,lowerlevel,G-07,A,Quran,F,Father,Yes,Good,Above-7,x>75,x>74,24<x<49,1<x<25,0
678,M,USA,KuwaIT,MiddleSchool,G-10,B,Arabic,S,Father,Yes,Good,Under-7,50<x<75,x>74,0<x<24,50<x<74,1
679,M,Iran,Iran,lowerlevel,G-11,B,IT,F,Mum,Yes,Bad,Above-7,50<x<75,0<x<24,0<x<24,1<x<25,1
680,F,Jordan,venzuela,MiddleSchool,G-12,A,Geology,S,Mum,No,Bad,Under-7,0<x<25,49<x<74,0<x<24,x>74,1
681,M,Syria,Syria,HighSchool,G-06,B,English,F,Mum,No,Good,Under-7,25<x<50,0<x<24,0<x<24,25<x<50,1
682,M,Egypt,KuwaIT,MiddleSchool,G-05,C,IT,F,Mum,Yes,Good,Above-7,50<x<75,0<x<24,x>73,50<x<74,1
683,F,Iran,Egypt,lowerlevel,G-12,A,Spanish,S,Mum,Yes,Good,Above-7,0<x<25,0<x<24,0<x<24,1<x<25,1
684,M,USA,venzuela,MiddleSchool,G-04,C,Math,S,Father,No,Bad,Under-7,x>75,49<x<74,0<x<24,25<x<50,1
685,F,Egypt,venzuela,lowerlevel,G-07,A,IT,F,Father,No,Good,Above-7,x>75,0<x<24,24<x<49,1<x<25,1
686,M,Morocco,Iraq,HighSchool,G-10,B,French,S,Mum,No,Good,Above-7,x>75,49<x<74,x>73,1<x<25,1
687,M,Palestine,Iran,HighSchool,G-07,C,History,S,Mum,No,Good,Under-7,25<x<50,0<x<24,24<x<49,25<x<50,1
688,M,Egypt,Palestine,HighSchool,G-11,B,Spanish,F,Father,No,Good,Above-7,x>75,49<x<74,24<x<49,25<x<50,1
689,M,lebanon,lebanon,MiddleSchool,G-06,C,Biology,F,Mum,Yes,Good,Above-7,0<x<25,0<x<24,x>73,x>74,0
690,F,SaudiArabia,Palestine,MiddleSchool,G-05,C,Biology,S,Father,Yes,Good,Under-7,25<x<50,x>74,49<x<73,50<x<74,0
691,M,SaudiArabia,USA,lowerlevel,G-08,A,Biology,S,Mum,Yes,Good,Under-7,0<x<25,x>74,x>73,1<x<25,0
692,F,Lybia,lebanon,MiddleSchool,G-04,B,French,S,Mum,No,Good,Under-7,25<x<50,49<x<74,x>73,1<x<25,0
693,M,Iraq,Morocco,lowerlevel,G-08,C,Spanish,S,Father,Yes,Good,Above-7,0<x<25,49<x<74,24<x<49,1<x<25,1
694,M,Syria,USA,MiddleSchool,G-05,A,Chemistry,S,Mum,Yes,Good,Above-7,50<x<75,49<x<74,0<x<24,25<x<50,0
695,M,lebanon,USA,lowerlevel,G-12,C,Math,F,Mum,No,Bad,Under-7,0<x<25,0<x<24,x>73,x>74,1
696,F,SaudiArabia,USA,MiddleSchool,G-11,C,Arabic,S,Mum,Yes,Good,Under-7,0<x<25,x>74,0<x<24,1<x<25,1
697,F,USA,Lybia,HighSchool,G-05,B,Chemistry,S,Father,Yes,Bad,Above-7,50<x<75,x>74,49<x<73,25<x<50,0
698,F,KW,Iraq,MiddleSchool,G-11,A,Quran,S,Mum,Yes,Good,Under-7,x>75,49<x<74,x>73,50<x<74,0
699,F,KW,Iran,MiddleSchool,G-11,A,Quran,S,Mum,Yes,Bad,Under-7,25<x<50,0<x<24,49<x<73,1<x<25,1
700,M,Iraq,USA,lowerlevel,G-04,B,Math,F,Mum,No,Bad,Above-7,0<x<25,49<x<74,24<x<49,x>74,1
701,F,venzuela,lebanon,MiddleSchool,G-12,B,French,F,Father,No,Good,Above-7,0<x<25,49<x<74,0<x<24,25<x<50,1
702,M,Iran,venzuela,MiddleSchool,G-04,B,Math,S,Mum,No,Good,Above-7,0<x<25,x>74,49<x<73,1<x<25,1
703,F,Morocco,Morocco,MiddleSchool,G-09,A,Arabic,S,Mum,No,Good,Above-7,50<x<75,0<x<24,x>73,25<x<50,1
704,F,Tunis,venzuela,HighSchool,G-10,C,History,F,Mum,No,Good,Above-7,0<x<25,49<x<74,24<x<49,25<x<50,1
705,F,USA,KuwaIT,HighSchool,G-07,B,IT,S,Mum,No,Bad,Above-7,0<x<25,0<x<24,49<x<73,50<x<74,1
706,F,Iraq,SaudiArabia,HighSchool,G-09,A,History,S,Father,Yes,Bad,Above-7,x>75,0<x<24,0<x<24,25<x<50,1
707,F,Egypt,Egypt,HighSchool,G-05,A,Biology,S,Father,No,Bad,Above-7,x>75,24<x<49,49<x<73,1<x<25,1
708,M,Lybia,Egypt,MiddleSchool,G-08,A,Arabic,S,Father,No,Bad,Above-7,x>75,49<x<74,x>73,50<x<74,1
709,F,venzuela,Tunis,HighSchool,G-06,C,Chemistry,S,Father,Yes,Bad,Under-7,50<x<75,0<x<24,x>73,1<x<25,0
710,M,Palestine,Iran,HighSchool,G-05,A,Biology,F,Mum,No,Bad,Above-7,0<x<25,0<x<24,49<x<73,50<x<74,1
711,M,Jordan,Tunis,lowerlevel,G-10,C,Biology,S,Mum,Yes,Good,Under-7,x>75,x>74,24<x<49,1<x<25,1
712,F,lebanon,Jordan,HighSchool,G-05,C,IT,F,Mum,Yes,Bad,Above-7,x>75,24<x<49,49<x<73,x>74,1
713,F,Iraq,lebanon,MiddleSchool,G-12,A,English,S,Mum,Yes,Bad,Under-7,x<0,0<x<24,x>73,50<x<74,1
714,F,venzuela,lebanon,lowerlevel,G-04,B,Arabic,F,Father,No,Bad,Above-7,25<x<50,24<x<49,24<x<49,1<x<25,1
715,F,Syria,USA,HighSchool,G-12,C,IT,S,Mum,No,Bad,Under-7,50<x<75,x>74,0<x<24,x>74,0
716,M,USA,Palestine,lowerlevel,G-06,A,English,F,Mum,No,Bad,Above-7,x>75,0<x<24,49<x<73,1<x<25,1
717,F,Syria,Jordan,MiddleSchool,G-08,A,French,S,Father,Yes,Good,Under-7,25<x<50,x<0,x>73,50<x<74,1
718,F,Egypt,Jordan,HighSchool,G-06,A,Chemistry,S,Father,No,Good,Above-7,25<x<50,0<x<24,49<x<73,x>74,1
719,F,SaudiArabia,SaudiArabia,HighSchool,G-05,A,English,S,Mum,No,Good,Under-7,0<x<25,24<x<49,24<x<49,x>74,1
720,F,Tunis,Jordan,MiddleSchool,G-06,B,Science,F,Mum,Yes,Good,Under-7,25<x<50,24<x<49,0<x<24,x>74,1
721,F,SaudiArabia,Morocco,MiddleSchool,G-04,A,Math,S,Mum,No,Bad,Under-7,0<x<25,0<x<24,49<x<73,25<x<50,1
722,F,Palestine,Syria,MiddleSchool,G-10,A,Quran,F,Mum,Yes,Bad,Above-7,25<x<50,24<x<49,0<x<24,x>74,1
723,M,venzuela,Morocco,MiddleSchool,G-10,C,English,F,Father,No,Bad,Under-7,x>75,x>74,49<x<73,1<x<25,1
724,M,Palestine,KuwaIT,HighSchool,G-05,A,Geology,S,Mum,Yes,Good,Above-7,0<x<25,x>74,0<x<24,x>74,1
725,M,venzuela,Iran,lowerlevel,G-07,A,Spanish,F,Father,No,Good,Above-7,0<x<25,24<x<49,0<x<24,50<x<74,1
726,M,Morocco,Iraq,lowerlevel,G-11,A,French,S,Father,Yes,Bad,Under-7,0<x<25,49<x<74,0<x<24,1<x<25,1
727,M,lebanon,KuwaIT,MiddleSchool,G-11,C,Science,F,Mum,Yes,Bad,Above-7,x>75,49<x<74,0<x<24,1<x<25,1
728,F,Tunis,Egypt,HighSchool,G-12,A,Quran,S,Mum,No,Bad,Under-7,25<x<50,0<x<24,x>73,1<x<25,1
729,M,Tunis,Palestine,HighSchool,G-04,B,History,F,Father,No,Bad,Under-7,25<x<50,49<x<74,24<x<49,50<x<74,1
730,M,Palestine,Morocco,MiddleSchool,G-05,C,English,S,Father,Yes,Bad,Above-7,0<x<25,0<x<24,0<x<24,25<x<50,1
731,F,KW,Tunis,lowerlevel,G-07,A,History,S,Mum,No,Good,Above-7,0<x<25,x>74,x>73,25<x<50,1
732,M,Jordan,lebanon,HighSchool,G-09,A,IT,F,Mum,Yes,Bad,Under-7,x>75,24<x<49,24<x<49,25<x<50,1
733,M,USA,Syria,lowerlevel,G-04,C,Arabic,S,Mum,Yes,Bad,Above-7,0<x<25,0<x<24,0<x<24,x>74,1
734,F,Syria,Egypt,MiddleSchool,G-10,B,Spanish,S,Father,No,Bad,Under-7,50<x<75,0<x<24,49<x<73,25<x<50,1
735,F,Lybia,Morocco,MiddleSchool,G-07,B,Math,S,Father,Yes,Good,Above-7,25<x<50,24<x<49,x>73,50<x<74,1
736,F,KW,Palestine,MiddleSchool,G-02,B,Science,S,Mum,Yes,Good,Under-7,50<x<75,0<x<24,24<x<49,50<x<74,0
737,F,SaudiArabia,Syria,lowerlevel,G-04,A,Biology,F,Father,No,Good,Under-7,x>75,0<x<24,0<x<24,50<x<74,0
738,M,Syria,Palestine,lowerlevel,G-09,B,Geology,S,Father,No,Good,Above-7,x>75,24<x<49,24<x<49,50<x<74,1
739,F,venzuela,Morocco,lowerlevel,G-12,C,Science,S,Mum,No,Good,Above-7,x>75,49<x<74,49<x<73,x>74,0
740,M,Tunis,KuwaIT,HighSchool,G-08,B,Arabic,F,Mum,Yes,Bad,Under-7,x>75,24<x<49,x>73,x>74,1
741,F,Syria,Egypt,lowerlevel,G-11,C,English,S,Mum,No,Bad,Under-7,0<x<25,0<x<24,49<x<73,25<x<50,1
742,M,Tunis,Jordan,HighSchool,G-06,B,Chemistry,F,Father,Yes,Good,Above-7,x>75,0<x<24,49<x<73,25<x<50,1
743,F,Palestine,Tunis,HighSchool,G-09,A,French,F,Mum,Yes,Bad,Above-7,25<x<50,x>74,0<x<24,25<x<50,1
744,F,Syria,Lybia,lowerlevel,G-12,C,Math,F,Mum,Yes,Good,Above-7,25<x<50,49<x<74,24<x<49,x>74,1
745,F,Egypt,KuwaIT,MiddleSchool,G-02,C,Biology,F,Father,No,Bad,Under-7,25<x<50,0<x<24,49<x<73,25<x<50,1
746,F,SaudiArabia,lebanon,HighSchool,G-08,A,Math,F,Father,Yes,Bad,Above-7,0<x<25,49<x<74,24<x<49,1<x<25,1
747,M,Morocco,Iraq,lowerlevel,G-06,B,English,S,Father,No,Good,Above-7,x>75,49<x<74,0<x<24,1<x<25,1
748,M,Palestine,SaudiArabia,HighSchool,G-11,C,Science,S,Father,Yes,Bad,Above-7,0<x<25,49<x<74,0<x<24,50<x<74,1
749,M,SaudiArabia,Tunis,HighSchool,G-08,C,Biology,F,Mum,Yes,Good,Above-7,50<x<75,x>74,x>73,x>74,0
750,M,Iraq,lebanon,HighSchool,G-04,A,Math,F,Father,No,Bad,Under-7,0<x<25,49<x<74,0<x<24,1<x<25,1
751,F,Tunis,Morocco,MiddleSchool,G-02,A,Math,S,Father,Yes,Good,Above-7,0<x<25,24<x<49,49<x<73,1<x<25,1
752,M,KW,Egypt,HighSchool,G-09,B,Biology,S,Mum,No,Bad,Above-7,50<x<75,x>74,49<x<73,1<x<25,1
753,F,venzuela,Tunis,HighSchool,G-12,A,Chemistry,S,Father,Yes,Bad,Above-7,50<x<75,0<x<24,49<x<73,x>74,0
754,M,Iraq,Jordan,lowerlevel,G-02,A,Biology,F,Father,Yes,Bad,Under-7,25<x<50,49<x<74,0<x<24,x>74,1
755,M,Egypt,venzuela,MiddleSchool,G-07,A,Science,F,Father,No,Bad,Under-7,0<x<25,0<x<24,24<x<49,x>74,1
756,F,Jordan,Iraq,MiddleSchool,G-10,A,Chemistry,F,Mum,Yes,Bad,Under-7,x>75,x>74,49<x<73,1<x<25,1
757,M,KW,Lybia,HighSchool,G-05,C,Geology,F,Mum,Yes,Bad,Above-7,25<x<50,24<x<49,0<x<24,1<x<25,1
758,F,USA,Syria,MiddleSchool,G-10,B,Spanish,F,Father,No,Good,Above-7,0<x<25,49<x<74,0<x<24,x>74,1
759,F,Lybia,Lybia,MiddleSchool,G-11,B,Chemistry,F,Mum,No,Bad,Above-7,25<x<50,x<0,49<x<73,1<x<25,1
760,F,Iran,Palestine,lowerlevel,G-05,A,Quran,S,Mum,No,Good,Above-7,25<x<50,24<x<49,0<x<24,50<x<74,1
761,F,USA,Lybia,HighSchool,G-06,B,Spanish,F,Mum,No,Good,Under-7,25<x<50,0<x<24,49<x<73,50<x<74,1
762,M,Iraq,Syria,HighSchool,G-09,B,Math,S,Mum,No,Good,Above-7,x>75,24<x<49,49<x<73,1<x<25,0
763,F,KW,Morocco,MiddleSchool,G-02,B,English,S,Father,Yes,Good,Above-7,x>75,49<x<74,x<0,25<x<50,1
764,M,lebanon,KuwaIT,lowerlevel,G-05,C,Geology,S,Mum,Yes,Good,Under-7,50<x<75,x>74,49<x<73,1<x<25,0
765,F,Iraq,Egypt,HighSchool,G-08,C,Arabic,S,Mum,Yes,Good,Above-7,0<x<25,49<x<74,49<x<73,1<x<25,1
766,F,Jordan,Morocco,lowerlevel,G-08,B,IT,S,Mum,Yes,Bad,Under-7,50<x<75,x<0,x>73,25<x<50,1
767,F,Tunis,SaudiArabia,lowerlevel,G-08,C,Science,F,Mum,Yes,Good,Under-7,0<x<25,0<x<24,x>73,25<x<50,1
768,M,KW,Egypt,HighSchool,G-09,A,Quran,S,Mum,No,Good,Under-7,x<0,49<x<74,x>73,50<x<74,1
769,M,KW,Egypt,MiddleSchool,G-09,B,History,S,Father,Yes,Good,Under-7,50<x<75,x>74,0<x<24,x>74,1
770,F,venzuela,Jordan,MiddleSchool,G-08,B,French,S,Father,No,Good,Above-7,50<x<75,24<x<49,24<x<49,25<x<50,1
771,F,Syria,Tunis,HighSchool,G-12,A,IT,F,Mum,Yes,Bad,Under-7,50<x<75,0<x<24,49<x<73,x>74,0
772,F,lebanon,Syria,MiddleSchool,G-02,B,English,S,Father,Yes,Good,Above-7,50<x<75,49<x<74,49<x<73,x>74,0
773,M,Iran,Palestine,lowerlevel,G-12,B,Chemistry,F,Mum,No,Bad,Under-7,x>75,49<x<74,24<x<49,x>74,0
774,M,Jordan,lebanon,HighSchool,G-05,A,Chemistry,S,Father,Yes,Good,Under-7,25<x<50,0<x<24,0<x<24,1<x<25,1
775,M,lebanon,SaudiArabia,MiddleSchool,G-12,B,Spanish,S,Father,Yes,Good,Under-7,50<x<75,49<x<74,x>73,1<x<25,1
776,M,Tunis,venzuela,lowerlevel,G-05,B,Arabic,F,Father,Yes,Good,Under-7,25<x<50,x>74,24<x<49,x>74,0
777,F,Jordan,Palestine,MiddleSchool,G-11,C,Quran,F,Mum,No,Good,Under-7,50<x<75,x>74,x>73,x>74,1
778,M,Egypt,Morocco,lowerlevel,G-07,A,Quran,S,Father,Yes,Good,Under-7,50<x<75,49<x<74,24<x<49,25<x<50,1
779,M,Morocco,Morocco,lowerlevel,G-07,B,Geology,F,Father,No,Good,Under-7,x>75,0<x<24,x>73,1<x<25,1
780,M,lebanon,venzuela,HighSchool,G-08,B,French,S,Mum,Yes,Good,Under-7,0<x<25,x>74,0<x<24,x>74,0
781,F,Syria,venzuela,lowerlevel,G-12,B,IT,S,Mum,No,Good,Under-7,x>75,0<x<24,0<x<24,x>74,0
782,F,Jordan,Jordan,MiddleSchool,G-08,B,History,S,Father,No,Bad,Above-7,50<x<75,0<x<24,x>73,1<x<25,1
783,F,Morocco,Palestine,lowerlevel,G-04,A,Geology,F,Father,Yes,Good,Above-7,50<x<75,24<x<49,0<x<24,1<x<25,1
784,M,Iraq,Jordan,HighSchool,G-08,B,Geology,S,Father,No,Good,Under-7,0<x<25,0<x<24,24<x<49,1<x<25,1
785,F,Egypt,Morocco,lowerlevel,G-11,A,Science,F,Father,No,Bad,Under-7,0<x<25,0<x<24,49<x<73,x>74,1
786,F,Egypt,lebanon,HighSchool,G-08,B,French,S,Father,Yes,Good,Above-7,x>75,x>74,24<x<49,50<x<74,0
787,M,Iran,SaudiArabia,MiddleSchool,G-04,B,Chemistry,F,Father,No,Good,Above-7,x>75,24<x<49,24<x<49,25<x<50,1
788,M,Morocco,lebanon,lowerlevel,G-09,C,Biology,S,Father,Yes,Bad,Under-7,0<x<25,24<x<49,0<x<24,50<x<74,1
789,M,Tunis,SaudiArabia,lowerlevel,G-12,B,Quran,S,Father,No,Good,Under-7,25<x<50,49<x<74,24<x<49,x>74,1
790,F,venzuela,venzuela,MiddleSchool,G-06,A,Science,F,Father,Yes,Bad,Above-7,0<x<25,24<x<49,49<x<73,1<x<25,1
791,F,SaudiArabia,SaudiArabia,MiddleSchool,G-08,C,Arabic,S,Father,Yes,Bad,Under-7,50<x<75,0<x<24,49<x<73,x>74,1
792,M,Iran,Lybia,lowerlevel,G-09,C,Quran,S,Mum,No,Bad,Above-7,50<x<75,0<x<24,x>73,25<x<50,1
793,M,Tunis,USA,HighSchool,G-06,B,English,F,Mum,Yes,Bad,Under-7,x>75,24<x<49,0<x<24,x>74,0
794,F,Morocco,SaudiArabia,HighSchool,G-04,B,Science,F,Mum,Yes,Bad,Above-7,0<x<25,0<x<24,0<x<24,1<x<25,1
795,M,Iran,Palestine,HighSchool,G-05,A,Geology,S,Mum,No,Bad,Above-7,50<x<75,x>74,24<x<49,1<x<25,1
796,F,Tunis,Iran,HighSchool,G-09,C,Spanish,S,Father,No,Bad,Above-7,25<x<50,x>74,24<x<49,50<x<74,1
797,M,Lybia,Iraq,lowerlevel,G-02,A,English,F,Mum,No,Bad,Above-7,x>75,x>74,x>73,25<x<50,1
798,F,venzuela,USA,MiddleSchool,G-06,B,Arabic,S,Mum,Yes,Bad,Above-7,0<x<25,0<x<24,0<x<24,1<x<25,1
799,M,Palestine,Jordan,HighSchool,G-11,A,Arabic,S,Father,No,Bad,Under-7,25<x<50,0<x<24,0<x<24,50<x<74,1
800,F,KW,Syria,lowerlevel,G-08,C,English,S,Mum,Yes,Bad,Above-7,0<x<25,0<x<24,49<x<73,50<x<74,1
801,F,KW,Iraq,lowerlevel,G-05,C,Arabic,S,Father,No,Good,Above-7,50<x<75,x>74,24<x<49,x>74,1
802,F,venzuela,Lybia,HighSchool,G-05,B,French,S,Father,No,Bad,Above-7,x>75,0<x<24,0<x<24,x>74,1
803,F,Tunis,Egypt,lowerlevel,G-12,B,Spanish,F,Father,Yes,Bad,Under-7,x>75,x>74,49<x<73,1<x<25,1
804,M,Palestine,Syria,HighSchool,G-12,C,History,S,Mum,No,Bad,Under-7,25<x<50,49<x<74,49<x<73,50<x<74,1
805,M,Morocco,SaudiArabia,lowerlevel,G-09,B,Geology,S,Mum,No,Good,Above-7,x>75,24<x<49,0<x<24,25<x<50,1
806,M,Egypt,SaudiArabia,lowerlevel,G-06,B,Math,S,Mum,No,Bad,Under-7,x>75,x>74,49<x<73,50<x<74,0
807,M,Palestine,venzuela,lowerlevel,G-02,A,Geology,S,Father,Yes,Bad,Above-7,50<x<75,x>74,24<x<49,25<x<50,0
808,F,Jordan,Tunis,lowerlevel,G-10,B,Chemistry,F,Mum,No,Good,Under-7,25<x<50,x>74,0<x<24,x>74,0
809,M,Palestine,lebanon,MiddleSchool,G-09,B,History,S,Mum,No,Bad,Under-7,0<x<25,49<x<74,x<0,25<x<50,1
810,F,Egypt,Palestine,MiddleSchool,G-09,C,Science,F,Mum,Yes,Good,Above-7,25<x<50,x>74,49<x<73,50<x<74,1
811,M,venzuela,Morocco,lowerlevel,G-06,C,French,S,Mum,No,Good,Under-7,0<x<25,24<x<49,49<x<73,x>74,1
812,F,USA,Lybia,MiddleSchool,G-04,B,Chemistry,F,Father,Yes,Bad,Under-7,0<x<25,24<x<49,0<x<24,25<x<50,1
813,M,lebanon,KuwaIT,HighSchool,G-08,B,Geology,F,Father,Yes,Bad,Above-7,25<x<50,24<x<49,x>73,25<x<50,1
814,F,lebanon,USA,lowerlevel,G-07,C,Quran,S,Father,Yes,Bad,Under-7,x>75,0<x<24,49<x<73,x>74,0
815,M,Iran,Syria,lowerlevel,G-02,B,Quran,S,Mum,Yes,Bad,Above-7,x>75,x>74,49<x<73,x>74,0
816,M,USA,Egypt,HighSchool,G-07,C,English,F,Mum,Yes,Good,Above-7,50<x<75,24<x<49,24<x<49,50<x<74,1
817,M,SaudiArabia,Syria,HighSchool,G-04,C,French,F,Mum,Yes,Bad,Above-7,25<x<50,0<x<24,x>73,x>74,1
818,M,lebanon,USA,lowerlevel,G-10,B,Chemistry,F,Mum,Yes,Good,Above-7,x>75,0<x<24,x>73,x>74,0
819,M,Palestine,Palestine,MiddleSchool,G-04,B,Biology,F,Mum,No,Good,Above-7,50<x<75,0<x<24,x>73,x>74,1
820,F,Syria,Syria,lowerlevel,G-04,A,Chemistry,S,Mum,No,Good,Under-7,x>75,49<x<74,24<x<49,1<x<25,0
821,F,Syria,Iraq,lowerlevel,G-09,C,Math,F,Mum,No,Good,Above-7,50<x<75,x>74,49<x<73,50<x<74,1
822,F,Palestine,venzuela,lowerlevel,G-08,A,Arabic,S,Father,Yes,Good,Above-7,50<x<75,49<x<74,x>73,25<x<50,1
823,F,Iraq,USA,HighSchool,G-05,B,Biology,S,Father,No,Bad,Under-7,0<x<25,0<x<24,49<x<73,50<x<74,1
824,F,Morocco,venzuela,MiddleSchool,G-09,C,French,F,Mum,Yes,Good,Under-7,x>75,0<x<24,49<x<73,25<x<50,0
825,M,Palestine,USA,MiddleSchool,G-11,B,French,S,Mum,Yes,Bad,Above-7,0<x<25,49<x<74,0<x<24,25<x<50,1
826,F,Egypt,KuwaIT,lowerlevel,G-08,A,Arabic,F,Mum,No,Good,Under-7,0<x<25,0<x<24,24<x<49,50<x<74,1
827,F,lebanon,Iran,lowerlevel,G-02,C,Science,F,Mum,No,Bad,Under-7,50<x<75,49<x<74,0<x<24,25<x<50,1
828,F,Iran,SaudiArabia,MiddleSchool,G-04,A,Geology,F,Mum,No,Bad,Under-7,0<x<25,x>74,24<x<49,1<x<25,1
829,M,venzuela,lebanon,lowerlevel,G-09,C,Quran,S,Father,No,Bad,Under-7,50<x<75,0<x<24,x>73,x>74,1
830,M,Iran,Egypt,MiddleSchool,G-12,A,Biology,F,Mum,No,Good,Under-7,x>75,0<x<24,24<x<49,1<x<25,1
831,F,Jordan,Morocco,HighSchool,G-10,A,Arabic,F,Father,Yes,Good,Above-7,0<x<25,0<x<24,x<0,25<x<50,1
832,M,Palestine,Lybia,HighSchool,G-05,A,Geology,S,Mum,No,Good,Under-7,x>75,x>74,0<x<24,25<x<50,1
833,F,Jordan,lebanon,MiddleSchool,G-07,A,Arabic,S,Father,No,Bad,Under-7,x>75,0<x<24,49<x<73,25<x<50,1
834,M,Iraq,Tunis,HighSchool,G-09,C,History,S,Father,Yes,Good,Under-7,0<x<25,0<x<24,49<x<73,50<x<74,1
835,M,USA,Palestine,lowerlevel,G-06,B,Arabic,F,Father,Yes,Good,Under-7,0<x<25,0<x<24,24<x<49,25<x<50,1
836,M,Syria,lebanon,MiddleSchool,G-05,A,Arabic,F,Father,No,Bad,Above-7,0<x<25,x>74,x>73,25<x<50,1
837,M,Iraq,Morocco,MiddleSchool,G-10,C,Spanish,F,Father,Yes,Bad,Under-7,0<x<25,x>74,24<x<49,x>74,1
838,M,USA,Iraq,lowerlevel,G-04,C,IT,S,Mum,No,Good,Above-7,50<x<75,x>74,0<x<24,x>74,1
839,M,Morocco,venzuela,lowerlevel,G-10,A,Math,F,Father,No,Good,Under-7,0<x<25,49<x<74,x>73,50<x<74,1
840,M,Egypt,Tunis,HighSchool,G-11,B,French,S,Father,Yes,Good,Under-7,x>75,0<x<24,49<x<73,x>74,0
841,F,Lybia,KuwaIT,lowerlevel,G-07,B,History,F,Father,Yes,Good,Above-7,0<x<25,24<x<49,x<0,50<x<74,1
842,M,lebanon,Iraq,HighSchool,G-02,B,Science,S,Mum,Yes,Bad,Under-7,25<x<50,0<x<24,24<x<49,25<x<50,1
843,F,Syria,Palestine,lowerlevel,G-08,C,Quran,S,Mum,Yes,Good,Above-7,0<x<25,0<x<24,24<x<49,25<x<50,1
844,M,USA,Lybia,MiddleSchool,G-05,B,Biology,F,Mum,No,Bad,Under-7,50<x<75,0<x<24,0<x<24,x>74,1
845,M,SaudiArabia,Palestine,lowerlevel,G-10,A,English,F,Mum,Yes,Good,Above-7,x>75,x>74,0<x<24,1<x<25,1
846,F,Jordan,Jordan,MiddleSchool,G-06,B,Science,F,Father,No,Bad,Above-7,25<x<50,x>74,0<x<24,1<x<25,1
847,F,Syria,Egypt,HighSchool,G-09,C,History,F,Father,Yes,Bad,Above-7,0<x<25,24<x<49,24<x<49,x>74,1
848,M,Iran,Jordan,lowerlevel,G-05,B,Chemistry,F,Mum,Yes,Bad,Above-7,0<x<25,0<x<24,49<x<73,1<x<25,1
849,M,USA,KuwaIT,lowerlevel,G-11,C,History,S,Father,No,Bad,Under-7,25<x<50,x>74,0<x<24,50<x<74,1
850,M,Tunis,KuwaIT,lowerlevel,G-12,A,History,S,Father,Yes,Bad,Above-7,25<x<50,49<x<74,24<x<49,50<x<74,1
851,M,Iraq,Tunis,lowerlevel,G-04,B,Arabic,F,Father,Yes,Bad,Under-7,50<x<75,49<x<74,49<x<73,50<x<74,0
852,M,Egypt,Jordan,lowerlevel,G-04,A,Math,F,Father,No,Good,Under-7,x>75,49<x<74,x>73,1<x<25,0
853,M,lebanon,Morocco,HighSchool,G-11,C,Geology,F,Mum,Yes,Bad,Above-7,x>75,x>74,0<x<24,x>74,0
854,F,Iraq,SaudiArabia,lowerlevel,G-02,C,Biology,F,Mum,No,Bad,Above-7,25<x<50,49<x<74,24<x<49,x<1,1
855,F,Syria,lebanon,MiddleSchool,G-06,C,Chemistry,S,Mum,No,Good,Under-7,x>75,49<x<74,49<x<73,50<x<74,0
856,M,lebanon,USA,MiddleSchool,G-07,B,Arabic,S,Father,Yes,Bad,Above-7,25<x<50,x>74,0<x<24,1<x<25,1
857,M,KW,Iraq,HighSchool,G-06,A,Quran,S,Father,Yes,Good,Above-7,50<x<75,0<x<24,0<x<24,50<x<74,1
858,F,USA,Tunis,HighSchool,G-12,C,English,F,Mum,Yes,Bad,Above-7,25<x<50,x>74,24<x<49,50<x<74,0
859,M,Egypt,KuwaIT,HighSchool,G-11,A,History,F,Father,Yes,Bad,Above-7,0<x<25,49<x<74,0<x<24,1<x<25,1
860,F,Tunis,Jordan,HighSchool,G-02,B,IT,F,Mum,Yes,Good,Above-7,0<x<25,0<x<24,49<x<73,25<x<50,1
861,F,lebanon,SaudiArabia,lowerlevel,G-02,B,Quran,F,Mum,Yes,Good,Above-7,0<x<25,x>74,49<x<73,25<x<50,0
862,M,venzuela,Iraq,HighSchool,G-06,B,Math,S,Father,No,Bad,Under-7,50<x<75,x>74,24<x<49,50<x<74,1
863,F,Tunis,SaudiArabia,lowerlevel,G-07,A,Biology,F,Mum,No,Bad,Above-7,x>75,24<x<49,49<x<73,25<x<50,0
864,M,venzuela,USA,lowerlevel,G-04,B,Arabic,S,Father,No,Bad,Above-7,50<x<75,24<x<49,24<x<49,x>74,0
865,F,KW,Lybia,MiddleSchool,G-02,B,Biology,F,Father,Yes,Bad,Above-7,50<x<75,24<x<49,x>73,25<x<50,1
866,F,SaudiArabia,USA,HighSchool,G-04,A,Biology,F,Father,Yes,Bad,Above-7,25<x<50,x>74,49<x<73,25<x<50,0
867,F,lebanon,lebanon,MiddleSchool,G-05,C,Quran,F,Mum,Yes,Good,Above-7,50<x<75,24<x<49,24<x<49,1<x<25,0
868,F,Tunis,Iran,lowerlevel,G-10,C,Geology,F,Mum,Yes,Good,Above-7,x>75,24<x<49,49<x<73,1<x<25,1
869,F,USA,KuwaIT,lowerlevel,G-02,B,Arabic,S,Mum,No,Good,Under-7,x>75,24<x<49,24<x<49,x>74,1
870,M,Syria,venzuela,lowerlevel,G-06,A,Math,F,Father,No,Good,Under-7,0<x<25,x<0,24<x<49,x<1,1
871,M,USA,lebanon,HighSchool,G-02,C,Spanish,F,Mum,No,Good,Above-7,25<x<50,0<x<24,24<x<49,x>74,1
872,M,venzuela,KuwaIT,HighSchool,G-09,C,Quran,S,Father,Yes,Good,Under-7,50<x<75,49<x<74,24<x<49,50<x<74,1
873,M,Palestine,SaudiArabia,MiddleSchool,G-12,B,Spanish,F,Mum,Yes,Bad,Above-7,x>75,x<0,49<x<73,25<x<50,1
874,M,venzuela,Jordan,HighSchool,G-07,A,English,F,Father,No,Bad,Under-7,50<x<75,0<x<24,x<0,50<x<74,1
875,M,Tunis,Lybia,lowerlevel,G-06,C,History,S,Mum,Yes,Good,Under-7,0<x<25,0<x<24,24<x<49,x>74,1
876,M,USA,lebanon,HighSchool,G-05,C,French,S,Mum,Yes,Bad,Above-7,50<x<75,x>74,24<x<49,1<x<25,0
877,F,USA,Iran,MiddleSchool,G-05,C,Quran,F,Father,Yes,Bad,Above-7,50<x<75,0<x<24,24<x<49,50<x<74,1
878,F,USA,Iran,MiddleSchool,G-04,C,Science,S,Mum,No,Bad,Under-7,0<x<25,x>74,49<x<73,50<x<74,1
879,F,venzuela,USA,HighSchool,G-11,A,History,S,Mum,No,Good,Under-7,25<x<50,0<x<24,0<x<24,25<x<50,1
880,M,venzuela,Iran,HighSchool,G-05,A,Biology,F,Mum,Yes,Bad,Under-7,25<x<50,x>74,24<x<49,x>74,1
881,F,Egypt,Palestine,HighSchool,G-04,A,Science,F,Father,Yes,Good,Above-7,0<x<25,24<x<49,0<x<24,1<x<25,1
882,M,Iraq,lebanon,HighSchool,G-02,B,Science,S,Mum,No,Bad,Under-7,50<x<75,49<x<74,0<x<24,50<x<74,0
883,M,Lybia,Jordan,MiddleSchool,G-02,A,English,F,Mum,Yes,Bad,Above-7,0<x<25,49<x<74,x>73,1<x<25,1
884,M,KW,Iraq,lowerlevel,G-04,A,English,S,Mum,Yes,Bad,Under-7,0<x<25,49<x<74,49<x<73,1<x<25,1
885,M,Tunis,Egypt,MiddleSchool,G-08,A,Biology,F,Father,No,Good,Above-7,25<x<50,24<x<49,0<x<24,50<x<74,1
886,M,Lybia,SaudiArabia,lowerlevel,G-07,C,Spanish,S,Mum,No,Bad,Above-7,0<x<25,x>74,49<x<73,x>74,1
887,M,Palestine,Jordan,MiddleSchool,G-06,B,French,F,Father,No,Good,Above-7,50<x<75,x>74,24<x<49,1<x<25,1
888,F,Iraq,SaudiArabia,HighSchool,G-04,A,Science,F,Mum,Yes,Good,Above-7,50<x<75,x>74,x>73,x>74,0
889,M,Tunis,SaudiArabia,MiddleSchool,G-05,A,Quran,F,Mum,No,Good,Above-7,0<x<25,49<x<74,x>73,x>74,1
890,M,Tunis,Lybia,MiddleSchool,G-11,A,Geology,S,Father,No,Good,Above-7,25<x<50,0<x<24,x>73,1<x<25,1
891,F,USA,Morocco,lowerlevel,G-06,C,Math,F,Mum,No,Bad,Under-7,25<x<50,0<x<24,49<x<73,1<x<25,1
892,F,venzuela,venzuela,lowerlevel,G-09,A,Math,F,Mum,No,Bad,Above-7,0<x<25,x>74,24<x<49,1<x<25,1
893,F,Egypt,KuwaIT,HighSchool,G-07,C,Science,F,Mum,No,Bad,Under-7,50<x<75,24<x<49,x>73,25<x<50,1
894,F,Lybia,Morocco,HighSchool,G-11,C,Chemistry,S,Father,No,Good,Above-7,0<x<25,x>74,x>73,25<x<50,1
895,M,Palestine,lebanon,HighSchool,G-12,C,Quran,F,Mum,Yes,Good,Under-7,0<x<25,0<x<24,x>73,1<x<25,1
896,M,Iraq,Iraq,HighSchool,G-06,C,Quran,F,Mum,Yes,Good,Above-7,0<x<25,0<x<24,0<x<24,50<x<74,1
897,M,venzuela,lebanon,lowerlevel,G-12,B,Geology,S,Mum,No,Good,Above-7,0<x<25,24<x<49,24<x<49,1<x<25,1
898,M,Palestine,Morocco,MiddleSchool,G-11,A,English,F,Mum,No,Bad,Under-7,25<x<50,x>74,x<0,25<x<50,1
899,M,Lybia,Tunis,HighSchool,G-05,A,Geology,F,Mum,No,Bad,Above-7,50<x<75,x>74,49<x<73,50<x<74,1
900,M,Palestine,Iraq,MiddleSchool,G-07,A,Biology,S,Mum,Yes,Bad,Above-7,x>75,49<x<74,49<x<73,1<x<25,1
901,M,KW,Iran,MiddleSchool,G-07,B,French,F,Mum,Yes,Good,Under-7,x>75,49<x<74,0<x<24,25<x<50,0
902,M,Iran,Lybia,HighSchool,G-04,B,History,F,Father,Yes,Good,Above-7,25<x<50,49<x<74,49<x<73,1<x<25,1
903,F,venzuela,Palestine,lowerlevel,G-07,C,Spanish,F,Mum,No,Good,Above-7,25<x<50,49<x<74,49<x<73,50<x<74,1
904,F,venzuela,KuwaIT,MiddleSchool,G-09,C,IT,S,Father,No,Bad,Under-7,0<x<25,24<x<49,24<x<49,25<x<50,1
905,M,Lybia,lebanon,lowerlevel,G-06,C,Chemistry,S,Father,No,Bad,Under-7,x>75,x>74,0<x<24,25<x<50,1
906,M,lebanon,Lybia,HighSchool,G-06,C,Geology,S,Mum,No,Bad,Under-7,0<x<25,24<x<49,24<x<49,50<x<74,1
907,M,Egypt,Iraq,lowerlevel,G-09,B,IT,S,Father,No,Bad,Above-7,25<x<50,0<x<24,49<x<73,x>74,1
908,M,lebanon,Morocco,lowerlevel,G-08,B,Quran,F,Father,No,Good,Above-7,50<x<75,x>74,24<x<49,50<x<74,1
909,M,Iran,Egypt,lowerlevel,G-04,A,Chemistry,S,Father,Yes,Bad,Above-7,x>75,49<x<74,0<x<24,50<x<74,1
910,F,KW,KuwaIT,lowerlevel,G-09,A,History,F,Father,Yes,Good,Under-7,x>75,x>74,0<x<24,x>74,1
911,M,Palestine,USA,lowerlevel,G-12,A,Biology,S,Mum,No,Good,Above-7,50<x<75,49<x<74,24<x<49,50<x<74,1
912,F,Syria,Iran,MiddleSchool,G-04,C,French,S,Mum,Yes,Good,Above-7,0<x<25,0<x<24,0<x<24,x>74,1
913,M,Jordan,Tunis,lowerlevel,G-10,C,History,S,Mum,Yes,Bad,Above-7,50<x<75,24<x<49,0<x<24,1<x<25,1
914,M,Morocco,Syria,MiddleSchool,G-09,B,Math,S,Father,Yes,Bad,Under-7,50<x<75,49<x<74,24<x<49,50<x<74,1
915,F,Tunis,Palestine,MiddleSchool,G-12,A,Quran,S,Father,Yes,Good,Under-7,0<x<25,49<x<74,x>73,x>74,1
916,F,Lybia,Egypt,lowerlevel,G-07,A,French,S,Mum,Yes,Good,Above-7,x>75,0<x<24,0<x<24,x>74,0
917,F,Iran,Palestine,lowerlevel,G-06,A,Chemistry,S,Father,Yes,Good,Under-7,50<x<75,24<x<49,49<x<73,25<x<50,0
918,F,lebanon,lebanon,HighSchool,G-12,C,English,S,Mum,Yes,Bad,Under-7,x>75,x>74,0<x<24,25<x<50,0
919,F,Jordan,Iran,MiddleSchool,G-08,C,Arabic,F,Father,Yes,Bad,Above-7,25<x<50,0<x<24,x>73,25<x<50,1
920,F,Morocco,Lybia,MiddleSchool,G-10,A,IT,S,Father,No,Bad,Above-7,0<x<25,0<x<24,0<x<24,50<x<74,1
921,M,Syria,Morocco,HighSchool,G-09,C,Quran,S,Mum,Yes,Good,Above-7,50<x<75,0<x<24,49<x<73,1<x<25,1
922,M,venzuela,USA,MiddleSchool,G-06,C,Biology,S,Father,Yes,Good,Above-7,25<x<50,24<x<49,0<x<24,x>74,0
923,M,Jordan,Syria,HighSchool,G-02,B,History,S,Father,No,Bad,Under-7,50<x<75,24<x<49,x>73,x>74,1
924,F,SaudiArabia,Syria,lowerlevel,G-05,B,Science,F,Father,No,Bad,Under-7,25<x<50,0<x<24,0<x<24,x<1,1
925,M,Palestine,Lybia,HighSchool,G-10,B,Geology,F,Father,Yes,Bad,Under-7,x>75,x>74,49<x<73,1<x<25,1
926,F,Iran,Lybia,MiddleSchool,G-11,C,Arabic,F,Mum,No,Good,Above-7,50<x<75,0<x<24,0<x<24,1<x<25,1
927,M,Morocco,Jordan,lowerlevel,G-06,C,English,S,Mum,Yes,Good,Above-7,50<x<75,24<x<49,49<x<73,1<x<25,1
928,F,Palestine,SaudiArabia,MiddleSchool,G-07,A,Science,F,Father,No,Bad,Under-7,50<x<75,x>74,0<x<24,50<x<74,1
929,F,USA,USA,HighSchool,G-05,A,Spanish,F,Mum,No,Bad,Above-7,x>75,0<x<24,x>73,50<x<74,0
930,M,lebanon,Palestine,HighSchool,G-07,A,History,S,Father,Yes,Bad,Under-7,50<x<75,0<x<24,0<x<24,1<x<25,1
931,M,Egypt,Egypt,HighSchool,G-11,C,IT,S,Father,No,Bad,Under-7,50<x<75,0<x<24,0<x<24,1<x<25,1
932,M,Jordan,Jordan,lowerlevel,G-10,A,History,F,Mum,No,Good,Above-7,50<x<75,24<x<49,x>73,50<x<74,1
933,F,Iran,venzuela,HighSchool,G-04,A,Science,F,Father,No,Good,Under-7,x>75,x>74,x>73,25<x<50,0
934,F,SaudiArabia,Lybia,HighSchool,G-08,B,French,S,Mum,Yes,Bad,Above-7,0<x<25,x>74,x>73,1<x<25,1
935,F,Morocco,Jordan,lowerlevel,G-02,B,Spanish,F,Mum,Yes,Bad,Under-7,25<x<50,0<x<24,24<x<49,50<x<74,1
936,M,SaudiArabia,Egypt,MiddleSchool,G-08,A,Science,F,Father,Yes,Bad,Under-7,25<x<50,24<x<49,49<x<73,1<x<25,1
937,M,USA,Jordan,HighSchool,G-06,B,Math,F,Mum,No,Bad,Above-7,x>75,x>74,24<x<49,1<x<25,1
938,F,Tunis,USA,lowerlevel,G-07,C,Biology,F,Mum,Yes,Bad,Under-7,0<x<25,49<x<74,49<x<73,50<x<74,0
939,M,Lybia,Morocco,lowerlevel,G-08,B,IT,F,Mum,Yes,Bad,Under-7,0<x<25,0<x<24,x>73,x>74,1
940,M,Iraq,USA,MiddleSchool,G-04,A,Biology,F,Father,No,Good,Above-7,0<x<25,24<x<49,x>73,1<x<25,1
941,F,lebanon,Syria,HighSchool,G-07,C,Geology,F,Mum,No,Good,Above-7,25<x<50,x>74,0<x<24,25<x<50,0
942,F,Iran,Morocco,MiddleSchool,G-02,B,Science,S,Father,No,Good,Under-7,x>75,x>74,24<x<49,1<x<25,1
943,M,Lybia,Jordan,HighSchool,G-07,C,Chemistry,S,Father,No,Bad,Above-7,25<x<50,24<x<49,0<x<24,x>74,1
944,M,SaudiArabia,Tunis,MiddleSchool,G-10,A,Biology,F,Mum,No,Bad,Above-7,25<x<50,0<x<24,24<x<49,50<x<74,1
945,F,Palestine,Jordan,HighSchool,G-08,C,IT,F,Father,No,Bad,Under-7,0<x<25,49<x<74,0<x<24,25<x<50,1
946,M,USA,Tunis,HighSchool,G-02,A,Biology,S,Mum,No,Good,Under-7,0<x<25,24<x<49,x>73,x>74,0
947,M,Syria,SaudiArabia,MiddleSchool,G-11,C,Biology,F,Mum,Yes,Good,Under-7,0<x<25,24<x<49,0<x<24,50<x<74,1
948,F,Lybia,Lybia,lowerlevel,G-09,C,IT,S,Father,Yes,Good,Under-7,0<x<25,x>74,49<x<73,25<x<50,1
949,F,SaudiArabia,Lybia,lowerlevel,G-04,A,Chemistry,F,Mum,No,Good,Above-7,50<x<75,49<x<74,0<x<24,25<x<50,1
950,F,Jordan,USA,lowerlevel,G-12,A,Geology,S,Father,Yes,Good,Above-7,25<x<50,0<x<24,0<x<24,25<x<50,1
951,F,Syria,USA,MiddleSchool,G-11,B,Biology,F,Father,Yes,Bad,Above-7,50<x<75,24<x<49,49<x<73,1<x<25,0
952,M,Syria,Jordan,HighSchool,G-02,C,History,S,Father,Yes,Bad,Under-7,x>75,x>74,x>73,25<x<50,1
953,F,Jordan,Iraq,MiddleSchool,G-07,C,English,S,Father,Yes,Bad,Above-7,x>75,0<x<24,0<x<24,50<x<74,1
954,M,Morocco,Syria,lowerlevel,G-09,B,History,S,Mum,No,Bad,Under-7,0<x<25,x>74,24<x<49,50<x<74,1
955,F,Iraq,lebanon,lowerlevel,G-10,C,French,S,Mum,No,Good,Above-7,x>75,0<x<24,49<x<73,25<x<50,1
956,M,Syria,Iran,lowerlevel,G-11,C,Biology,F,Mum,No,Bad,Under-7,50<x<75,0<x<24,24<x<49,x<1,1
957,M,Palestine,lebanon,HighSchool,G-04,A,Quran,S,Mum,Yes,Good,Above-7,25<x<50,x>74,0<x<24,25<x<50,1
958,F,Tunis,Lybia,lowerlevel,G-06,C,IT,S,Father,Yes,Good,Above-7,0<x<25,0<x<24,0<x<24,25<x<50,1
959,F,Morocco,Egypt,MiddleSchool,G-10,C,History,S,Mum,Yes,Bad,Under-7,x>75,x>74,49<x<73,x>74,0
960,F,Lybia,KuwaIT,lowerlevel,G-02,B,Geology,S,Father,No,Good,Under-7,50<x<75,x>74,24<x<49,25<x<50,1
961,M,Palestine,venzuela,MiddleSchool,G-10,C,Math,F,Mum,Yes,Good,Under-7,0<x<25,24<x<49,x>73,25<x<50,1
962,F,Iran,Tunis,lowerlevel,G-09,B,Quran,S,Father,No,Bad,Under-7,25<x<50,x>74,x>73,50<x<74,1
963,F,venzuela,Lybia,lowerlevel,G-11,C,Chemistry,F,Mum,Yes,Bad,Under-7,0<x<25,49<x<74,49<x<73,1<x<25,1
964,M,Morocco,Lybia,MiddleSchool,G-02,A,Math,F,Father,Yes,Bad,Under-7,x>75,x>74,49<x<73,1<x<25,1
965,M,Iran,venzuela,HighSchool,G-05,A,Biology,S,Father,Yes,Good,Above-7,0<x<25,x>74,0<x<24,x>74,1
966,M,Lybia,Iran,MiddleSchool,G-10,A,Geology,S,Father,No,Good,Under-7,x>75,x>74,49<x<73,50<x<74,1
967,M,Syria,Lybia,lowerlevel,G-12,C,Chemistry,F,Father,No,Bad,Under-7,50<x<75,49<x<74,x>73,25<x<50,1
968,M,Iran,Palestine,MiddleSchool,G-08,A,Math,F,Father,Yes,Good,Above-7,25<x<50,x>74,24<x<49,25<x<50,1
969,F,Lybia,Lybia,HighSchool,G-08,B,IT,S,Father,No,Good,Above-7,0<x<25,24<x<49,x>73,25<x<50,1
970,F,Lybia,Syria,MiddleSchool,G-05,B,French,S,Mum,Yes,Bad,Under-7,25<x<50,49<x<74,24<x<49,x>74,1
971,F,Iraq,Egypt,HighSchool,G-10,C,Science,S,Father,No,Good,Under-7,50<x<75,49<x<74,24<x<49,50<x<74,1
972,M,Palestine,Morocco,lowerlevel,G-06,A,IT,S,Father,No,Good,Above-7,x>75,0<x<24,49<x<73,50<x<74,1
973,F,lebanon,Egypt,HighSchool,G-10,A,Math,S,Mum,No,Bad,Above-7,50<x<75,24<x<49,49<x<73,25<x<50,1
974,M,Iran,venzuela,MiddleSchool,G-04,B,Quran,S,Father,No,Good,Above-7,x>75,24<x<49,24<x<49,x>74,1
975,M,Iran,Palestine,MiddleSchool,G-11,B,Science,S,Father,No,Bad,Above-7,x>75,0<x<24,49<x<73,x>74,1
976,M,SaudiArabia,Egypt,HighSchool,G-08,A,Quran,F,Mum,Yes,Good,Under-7,50<x<75,49<x<74,24<x<49,50<x<74,1
977,F,KW,USA,MiddleSchool,G-06,B,Arabic,S,Father,Yes,Good,Under-7,0<x<25,0<x<24,x>73,50<x<74,1
978,M,Syria,Lybia,MiddleSchool,G-05,C,Quran,F,Mum,Yes,Good,Above-7,x<0,0<x<24,24<x<49,25<x<50,1
979,F,USA,lebanon,HighSchool,G-02,A,French,S,Father,Yes,Bad,Under-7,0<x<25,49<x<74,x>73,x<1,0
980,F,Morocco,USA,HighSchool,G-08,A,Quran,F,Father,Yes,Good,Above-7,0<x<25,0<x<24,24<x<49,50<x<74,1
981,M,Iran,Egypt,HighSchool,G-06,C,IT,S,Mum,Yes,Good,Above-7,50<x<75,49<x<74,x>73,50<x<74,1
982,M,Jordan,Egypt,lowerlevel,G-07,C,Science,F,Mum,No,Bad,Above-7,0<x<25,x>74,24<x<49,1<x<25,1
983,F,Tunis,Iran,MiddleSchool,G-02,B,Biology,S,Mum,No,Good,Under-7,25<x<50,x>74,24<x<49,50<x<74,0
984,F,Palestine,Lybia,MiddleSchool,G-11,C,French,S,Mum,No,Good,Above-7,0<x<25,x>74,x>73,x>74,0
985,M,KW,Morocco,HighSchool,G-05,C,Quran,F,Father,Yes,Bad,Above-7,0<x<25,x>74,x>73,x>74,1
986,F,Egypt,Iran,lowerlevel,G-04,C,Chemistry,F,Mum,Yes,Bad,Under-7,50<x<75,0<x<24,0<x<24,1<x<25,1
987,M,Iran,Lybia,HighSchool,G-10,B,Arabic,F,Father,No,Good,Under-7,x>75,0<x<24,x>73,1<x<25,1
988,F,SaudiArabia,Jordan,lowerlevel,G-04,B,English,S,Mum,Yes,Bad,Above-7,50<x<75,49<x<74,49<x<73,25<x<50,1
989,M,SaudiArabia,Tunis,HighSchool,G-06,A,English,S,Mum,Yes,Bad,Under-7,0<x<25,49<x<74,0<x<24,1<x<25,1
990,F,Syria,SaudiArabia,MiddleSchool,G-12,C,Spanish,F,Mum,Yes,Good,Under-7,0<x<25,x>74,24<x<49,50<x<74,0
991,M,Iraq,Morocco,lowerlevel,G-04,B,History,F,Mum,No,Bad,Under-7,0<x<25,x>74,x>73,x>74,1
992,M,KW,Morocco,lowerlevel,G-06,C,Chemistry,F,Father,Yes,Bad,Under-7,50<x<75,24<x<49,24<x<49,x>74,1
993,M,Syria,KuwaIT,MiddleSchool,G-04,C,French,F,Father,Yes,Bad,Above-7,0<x<25,49<x<74,x>73,25<x<50,1
994,M,Jordan,lebanon,lowerlevel,G-07,C,French,F,Mum,Yes,Bad,Under-7,x>75,0<x<24,x>73,1<x<25,0
995,M,Jordan,Syria,HighSchool,G-06,C,Math,F,Mum,No,Bad,Under-7,50<x<75,24<x<49,0<x<24,1<x<25,1
996,F,USA,Morocco,MiddleSchool,G-05,A,Chemistry,F,Father,No,Good,Above-7,0<x<25,x>74,0<x<24,50<x<74,1
997,M,Lybia,Palestine,lowerlevel,G-12,A,History,S,Father,No,Good,Above-7,x>75,49<x<74,49<x<73,25<x<50,1
998,F,Egypt,USA,MiddleSchool,G-02,C,Arabic,S,Mum,No,Bad,Under-7,x>75,24<x<49,49<x<73,1<x<25,1
999,F,USA,SaudiArabia,MiddleSchool,G-11,A,Quran,F,Father,Yes,Bad,Above-7,0<x<25,49<x<74,24<x<49,1<x<25,1
