,antecedent,pd,cls,conf_pd,conf_pnd,elift,sup_pd,sup_pnd
263,"['NationalITy=Jordan', 'raisedhands=x>75']",gender=F,class=L,0.2,0.43478260869565216,0.46,5.0,20.0
295,['AnnouncementsView=x>73'],gender=F,class=L,0.21739130434782608,0.4117647058823529,0.5279503105590062,5.0,28.0
214,"['raisedhands=50<x<75', 'AnnouncementsView=49<x<73']",gender=F,class=L,0.35714285714285715,0.5675675675675675,0.6292517006802721,5.0,21.0
62,"['NationalITy=Jordan', 'SectionID=B', 'Discussion=25<x<50']",gender=F,class=L,0.4166666666666667,0.65,0.6410256410256411,5.0,13.0
256,['raisedhands=x>75'],gender=F,class=L,0.26,0.39655172413793105,0.6556521739130434,13.0,46.0
228,"['NationalITy=Jordan', 'AnnouncementsView=49<x<73']",gender=F,class=L,0.47058823529411764,0.6976744186046512,0.6745098039215686,8.0,30.0
219,['AnnouncementsView=49<x<73'],gender=F,class=L,0.3902439024390244,0.5784313725490197,0.6746589499793303,16.0,59.0
243,['Topic=English'],gender=F,class=L,0.42105263157894735,0.6222222222222222,0.6766917293233082,8.0,28.0
276,"['NationalITy=Jordan', 'SectionID=B', 'GradeID=G-02']",gender=F,class=L,0.5,0.7333333333333333,0.6818181818181819,6.0,22.0
126,"['NationalITy=Jordan', 'SectionID=B']",gender=F,class=L,0.4583333333333333,0.6666666666666666,0.6875,11.0,34.0
234,['Topic=Science'],gender=F,class=L,0.4782608695652174,0.6862745098039216,0.6968944099378882,11.0,35.0
63,"['NationalITy=Jordan', 'Discussion=25<x<50']",gender=F,class=L,0.52,0.7454545454545455,0.697560975609756,13.0,41.0
197,['GradeID=G-06'],gender=F,class=L,0.4,0.5625,0.7111111111111111,6.0,18.0
180,"['Discussion=1<x<25', 'GradeID=G-08']",gender=F,class=L,0.6,0.8421052631578947,0.7125,6.0,32.0
98,['Discussion=50<x<74'],gender=F,class=L,0.4411764705882353,0.6172839506172839,0.7147058823529412,15.0,50.0
311,"['raisedhands=0<x<25', 'SectionID=B', 'Topic=French']",gender=F,class=L,0.5555555555555556,0.7647058823529411,0.7264957264957266,5.0,13.0
325,"['raisedhands=0<x<25', 'SectionID=B', 'GradeID=G-02', 'Topic=French']",gender=F,class=L,0.5555555555555556,0.7647058823529411,0.7264957264957266,5.0,13.0
158,"['Discussion=1<x<25', 'raisedhands=50<x<75']",gender=F,class=L,0.5,0.6818181818181818,0.7333333333333334,6.0,15.0
187,"['Discussion=25<x<50', 'GradeID=G-08']",gender=F,class=L,0.6,0.8148148148148148,0.7363636363636363,6.0,22.0
46,"['Topic=Science', 'GradeID=G-04']",gender=F,class=L,0.4666666666666667,0.6296296296296297,0.7411764705882353,7.0,17.0
59,"['SectionID=B', 'Discussion=25<x<50']",gender=F,class=L,0.5,0.6727272727272727,0.7432432432432432,9.0,37.0
332,"['raisedhands=0<x<25', 'GradeID=G-02', 'Topic=French']",gender=F,class=L,0.6363636363636364,0.8333333333333334,0.7636363636363636,7.0,20.0
339,"['raisedhands=0<x<25', 'Topic=French']",gender=F,class=L,0.6363636363636364,0.8333333333333334,0.7636363636363636,7.0,20.0
323,"['SectionID=B', 'GradeID=G-02', 'Topic=French']",gender=F,class=L,0.47368421052631576,0.6190476190476191,0.7651821862348177,9.0,26.0
253,['NationalITy=Jordan'],gender=F,class=L,0.5316455696202531,0.6918604651162791,0.7684288905435591,42.0,119.0
182,['GradeID=G-08'],gender=F,class=L,0.5555555555555556,0.7155172413793104,0.7764390896921017,20.0,83.0
41,['GradeID=G-04'],gender=F,class=L,0.55,0.7083333333333334,0.7764705882352941,11.0,34.0
8,"['SectionID=B', 'Discussion=1<x<25']",gender=F,class=L,0.5833333333333334,0.75,0.7777777777777778,14.0,42.0
271,"['NationalITy=Jordan', 'raisedhands=0<x<25', 'GradeID=G-02']",gender=F,class=L,0.6666666666666666,0.8571428571428571,0.7777777777777778,8.0,24.0
273,"['SectionID=B', 'GradeID=G-02']",gender=F,class=L,0.5428571428571428,0.6914893617021277,0.7850549450549449,19.0,65.0
58,"['raisedhands=0<x<25', 'SectionID=B', 'Discussion=25<x<50']",gender=F,class=L,0.7142857142857143,0.9090909090909091,0.7857142857142858,5.0,20.0
124,"['NationalITy=Jordan', 'raisedhands=0<x<25', 'SectionID=B']",gender=F,class=L,0.6363636363636364,0.8095238095238095,0.7860962566844919,7.0,17.0
10,['Discussion=1<x<25'],gender=F,class=L,0.6538461538461539,0.8280254777070064,0.7896449704142011,34.0,130.0
161,"['NationalITy=Jordan', 'raisedhands=50<x<75']",gender=F,class=L,0.4444444444444444,0.5588235294117647,0.7953216374269005,8.0,19.0
308,"['SectionID=B', 'Topic=French']",gender=F,class=L,0.5,0.627906976744186,0.7962962962962963,10.0,27.0
353,"['GradeID=G-08', 'Topic=Geology']",gender=F,class=L,0.6,0.75,0.7999999999999999,6.0,18.0
146,"['SectionID=B', 'raisedhands=50<x<75']",gender=F,class=L,0.35,0.4375,0.7999999999999999,7.0,21.0
185,"['AnnouncementsView=24<x<49', 'GradeID=G-08']",gender=F,class=L,0.6,0.75,0.7999999999999999,9.0,24.0
351,['Topic=Geology'],gender=F,class=L,0.6,0.75,0.7999999999999999,6.0,18.0
249,['StageID=HighSchool'],gender=F,class=L,0.5333333333333333,0.6666666666666666,0.8,8.0,22.0
242,"['NationalITy=Jordan', 'Topic=Science']",gender=F,class=L,0.5,0.625,0.8,7.0,15.0
181,"['NationalITy=Jordan', 'Discussion=1<x<25', 'GradeID=G-08']",gender=F,class=L,0.625,0.7777777777777778,0.8035714285714286,5.0,14.0
277,"['Discussion=25<x<50', 'GradeID=G-02']",gender=F,class=L,0.5,0.62,0.8064516129032259,6.0,31.0
82,['VisITedResources=49<x<74'],gender=F,class=L,0.5357142857142857,0.6626506024096386,0.8084415584415584,15.0,55.0
272,"['raisedhands=0<x<25', 'SectionID=B', 'GradeID=G-02']",gender=F,class=L,0.7333333333333333,0.9069767441860465,0.8085470085470086,11.0,39.0
230,"['SectionID=B', 'Topic=Science']",gender=F,class=L,0.5714285714285714,0.7058823529411765,0.8095238095238094,8.0,24.0
289,"['NationalITy=Jordan', 'GradeID=G-02']",gender=F,class=L,0.6363636363636364,0.7818181818181819,0.813953488372093,14.0,43.0
188,"['NationalITy=Jordan', 'GradeID=G-08']",gender=F,class=L,0.5555555555555556,0.6792452830188679,0.8179012345679013,15.0,36.0
121,['SectionID=B'],gender=F,class=L,0.559322033898305,0.6826347305389222,0.81935771632471,33.0,114.0
136,"['Discussion=1<x<25', 'AnnouncementsView=24<x<49']",gender=F,class=L,0.6428571428571429,0.7837837837837838,0.8201970443349754,9.0,29.0
292,"['Topic=IT', 'SectionID=C']",gender=F,class=L,0.7142857142857143,0.8666666666666667,0.8241758241758241,5.0,13.0
293,"['GradeID=G-02', 'Topic=IT', 'SectionID=C']",gender=F,class=L,0.7142857142857143,0.8666666666666667,0.8241758241758241,5.0,13.0
6,"['NationalITy=Jordan', 'raisedhands=0<x<25', 'Discussion=1<x<25']",gender=F,class=L,0.6923076923076923,0.84,0.8241758241758241,9.0,21.0
291,"['GradeID=G-02', 'SectionID=C']",gender=F,class=L,0.7142857142857143,0.8666666666666667,0.8241758241758241,5.0,13.0
25,"['Discussion=1<x<25', 'Topic=IT']",gender=F,class=L,0.7,0.8484848484848485,0.825,7.0,28.0
4,"['raisedhands=0<x<25', 'Discussion=1<x<25']",gender=F,class=L,0.7727272727272727,0.9358974358974359,0.825653798256538,17.0,73.0
209,['Topic=Arabic'],gender=F,class=L,0.5625,0.6779661016949152,0.8296875,9.0,40.0
281,"['SectionID=B', 'Discussion=1<x<25', 'GradeID=G-02']",gender=F,class=L,0.6,0.7209302325581395,0.832258064516129,12.0,31.0
51,"['NationalITy=Jordan', 'Topic=Science', 'GradeID=G-04']",gender=F,class=L,0.5,0.6,0.8333333333333334,6.0,12.0
53,"['NationalITy=Jordan', 'GradeID=G-04']",gender=F,class=L,0.5,0.6,0.8333333333333334,6.0,12.0
56,['Discussion=25<x<50'],gender=F,class=L,0.6086956521739131,0.7297297297297297,0.8341384863123994,28.0,108.0
269,"['raisedhands=0<x<25', 'GradeID=G-02']",gender=F,class=L,0.76,0.9104477611940298,0.8347540983606557,19.0,61.0
152,"['NationalITy=Jordan', 'Discussion=25<x<50', 'raisedhands=50<x<75']",gender=F,class=L,0.6,0.7142857142857143,0.84,6.0,10.0
286,['GradeID=G-02'],gender=F,class=L,0.6071428571428571,0.7210884353741497,0.8419811320754716,34.0,106.0
28,"['Discussion=25<x<50', 'Topic=IT']",gender=F,class=L,0.7142857142857143,0.84375,0.8465608465608466,5.0,27.0
150,"['AnnouncementsView=24<x<49', 'raisedhands=50<x<75']",gender=F,class=H,0.3333333333333333,0.39285714285714285,0.8484848484848485,5.0,11.0
2,"['NationalITy=Jordan', 'raisedhands=0<x<25']",gender=F,class=L,0.7391304347826086,0.8679245283018868,0.8516068052930056,17.0,46.0
319,"['GradeID=G-02', 'Topic=French']",gender=F,class=L,0.5862068965517241,0.6875,0.8526645768025077,17.0,44.0
105,"['GradeID=G-08', 'Discussion=50<x<74']",gender=F,class=L,0.5,0.5862068965517241,0.8529411764705883,5.0,17.0
144,['raisedhands=50<x<75'],gender=F,class=L,0.48936170212765956,0.5727272727272728,0.8544410672070246,23.0,63.0
282,"['raisedhands=0<x<25', 'Discussion=1<x<25', 'GradeID=G-02']",gender=F,class=L,0.7692307692307693,0.9,0.8547008547008548,10.0,27.0
12,"['NationalITy=Jordan', 'Discussion=1<x<25']",gender=F,class=L,0.6666666666666666,0.7796610169491526,0.8550724637681159,16.0,46.0
327,"['SectionID=B', 'Discussion=1<x<25', 'GradeID=G-02', 'Topic=French']",gender=F,class=L,0.5833333333333334,0.6818181818181818,0.8555555555555556,7.0,15.0
334,"['SectionID=B', 'Discussion=1<x<25', 'Topic=French']",gender=F,class=L,0.5833333333333334,0.6818181818181818,0.8555555555555556,7.0,15.0
326,"['raisedhands=0<x<25', 'SectionID=B', 'Discussion=1<x<25', 'GradeID=G-02', 'Topic=French']",gender=F,class=L,0.7142857142857143,0.8333333333333334,0.8571428571428571,5.0,10.0
333,"['raisedhands=0<x<25', 'SectionID=B', 'Discussion=1<x<25', 'Topic=French']",gender=F,class=L,0.7142857142857143,0.8333333333333334,0.8571428571428571,5.0,10.0
112,"['Discussion=25<x<50', 'GradeID=G-07']",gender=F,class=L,0.75,0.875,0.8571428571428571,6.0,21.0
352,"['NationalITy=Jordan', 'Topic=Geology']",gender=F,class=L,0.6,0.7,0.8571428571428572,6.0,14.0
354,"['NationalITy=Jordan', 'GradeID=G-08', 'Topic=Geology']",gender=F,class=L,0.6,0.7,0.8571428571428572,6.0,14.0
39,"['GradeID=G-02', 'Topic=IT']",gender=F,class=L,0.6842105263157895,0.7924528301886793,0.8634085213032581,13.0,42.0
261,"['GradeID=G-02', 'raisedhands=x>75']",gender=F,class=H,0.5,0.5789473684210527,0.8636363636363636,5.0,11.0
279,"['raisedhands=0<x<25', 'SectionID=B', 'Discussion=1<x<25', 'GradeID=G-02']",gender=F,class=L,0.7777777777777778,0.9,0.8641975308641975,7.0,18.0
284,"['Discussion=1<x<25', 'GradeID=G-02']",gender=F,class=L,0.6451612903225806,0.746268656716418,0.8645161290322579,20.0,50.0
306,['Topic=French'],gender=F,class=L,0.6,0.6923076923076923,0.8666666666666667,18.0,45.0
35,"['raisedhands=0<x<25', 'GradeID=G-02', 'Topic=IT']",gender=F,class=L,0.8,0.9230769230769231,0.8666666666666667,8.0,24.0
178,"['raisedhands=0<x<25', 'GradeID=G-08']",gender=F,class=L,0.7777777777777778,0.896551724137931,0.8675213675213675,7.0,26.0
260,"['Discussion=1<x<25', 'raisedhands=x>75']",gender=F,class=L,0.6153846153846154,0.7037037037037037,0.8744939271255061,8.0,19.0
336,"['raisedhands=0<x<25', 'Discussion=1<x<25', 'Topic=French']",gender=F,class=L,0.7777777777777778,0.8888888888888888,0.8750000000000001,7.0,16.0
329,"['raisedhands=0<x<25', 'Discussion=1<x<25', 'GradeID=G-02', 'Topic=French']",gender=F,class=L,0.7777777777777778,0.8888888888888888,0.8750000000000001,7.0,16.0
110,['GradeID=G-07'],gender=F,class=L,0.625,0.7128712871287128,0.8767361111111112,20.0,72.0
79,"['raisedhands=0<x<25', 'VisITedResources=24<x<49']",gender=F,class=L,0.8333333333333334,0.9473684210526315,0.8796296296296298,5.0,18.0
134,"['NationalITy=Jordan', 'Discussion=25<x<50', 'AnnouncementsView=24<x<49']",gender=F,class=L,0.8,0.9090909090909091,0.8800000000000001,8.0,20.0
285,"['NationalITy=Jordan', 'Discussion=1<x<25', 'GradeID=G-02']",gender=F,class=L,0.6,0.68,0.8823529411764705,6.0,17.0
321,"['NationalITy=Jordan', 'GradeID=G-02', 'Topic=French']",gender=F,class=L,0.5882352941176471,0.6666666666666666,0.8823529411764707,10.0,22.0
317,"['NationalITy=Jordan', 'Topic=French']",gender=F,class=L,0.5882352941176471,0.6666666666666666,0.8823529411764707,10.0,22.0
94,"['SectionID=B', 'VisITedResources=49<x<74']",gender=F,class=L,0.5454545454545454,0.6176470588235294,0.883116883116883,6.0,21.0
7,"['raisedhands=0<x<25', 'SectionID=B', 'Discussion=1<x<25']",gender=F,class=L,0.8181818181818182,0.9259259259259259,0.8836363636363637,9.0,25.0
177,"['NationalITy=Jordan', 'Discussion=x>74']",gender=F,class=L,0.45454545454545453,0.5135135135135135,0.8851674641148326,10.0,19.0
23,"['raisedhands=0<x<25', 'Topic=IT']",gender=F,class=L,0.8461538461538461,0.9555555555555556,0.885509838998211,11.0,43.0
123,"['raisedhands=0<x<25', 'SectionID=B']",gender=F,class=L,0.8181818181818182,0.9230769230769231,0.8863636363636364,18.0,60.0
0,['raisedhands=0<x<25'],gender=F,class=L,0.82,0.9226190476190477,0.888774193548387,41.0,155.0
233,"['NationalITy=Jordan', 'SectionID=B', 'Topic=Science']",gender=F,class=L,0.5,0.5625,0.8888888888888888,5.0,9.0
36,"['SectionID=B', 'GradeID=G-02', 'Topic=IT']",gender=F,class=L,0.6666666666666666,0.75,0.8888888888888888,8.0,27.0
252,['PlaceofBirth=USA'],gender=F,class=L,0.5555555555555556,0.625,0.888888888888889,5.0,10.0
175,"['GradeID=G-02', 'Discussion=x>74']",gender=F,class=L,0.7777777777777778,0.875,0.888888888888889,7.0,14.0
168,"['raisedhands=50<x<75', 'Discussion=x>74']",gender=F,class=L,0.4166666666666667,0.4666666666666667,0.8928571428571429,5.0,14.0
38,"['Discussion=1<x<25', 'GradeID=G-02', 'Topic=IT']",gender=F,class=L,0.7,0.782608695652174,0.8944444444444444,7.0,18.0
78,"['AnnouncementsView=24<x<49', 'VisITedResources=24<x<49']",gender=F,class=L,0.7777777777777778,0.8695652173913043,0.8944444444444445,7.0,20.0
290,['SectionID=C'],gender=F,class=L,0.75,0.8333333333333334,0.8999999999999999,6.0,25.0
236,"['AnnouncementsView=24<x<49', 'Topic=Science']",gender=F,class=L,0.8333333333333334,0.9230769230769231,0.9027777777777778,5.0,12.0
156,"['Discussion=1<x<25', 'GradeID=G-02', 'raisedhands=50<x<75']",gender=F,class=L,0.5555555555555556,0.6153846153846154,0.9027777777777778,5.0,8.0
135,"['raisedhands=0<x<25', 'Discussion=1<x<25', 'AnnouncementsView=24<x<49']",gender=F,class=L,0.8571428571428571,0.9375,0.9142857142857143,6.0,15.0
330,"['Discussion=1<x<25', 'GradeID=G-02', 'Topic=French']",gender=F,class=L,0.65,0.7105263157894737,0.9148148148148149,13.0,27.0
337,"['Discussion=1<x<25', 'Topic=French']",gender=F,class=L,0.65,0.7105263157894737,0.9148148148148149,13.0,27.0
139,"['NationalITy=Jordan', 'AnnouncementsView=24<x<49']",gender=F,class=L,0.7727272727272727,0.8444444444444444,0.9150717703349283,17.0,38.0
179,"['NationalITy=Jordan', 'raisedhands=0<x<25', 'GradeID=G-08']",gender=F,class=L,0.7142857142857143,0.7777777777777778,0.9183673469387755,5.0,7.0
24,"['SectionID=B', 'Discussion=1<x<25', 'Topic=IT']",gender=F,class=L,0.7142857142857143,0.7777777777777778,0.9183673469387755,5.0,14.0
132,"['raisedhands=0<x<25', 'AnnouncementsView=24<x<49']",gender=F,class=L,0.8461538461538461,0.9210526315789473,0.9186813186813187,11.0,35.0
65,"['Discussion=25<x<50', 'raisedhands=25<x<50']",gender=F,class=L,0.8571428571428571,0.9310344827586207,0.9206349206349206,6.0,27.0
208,"['GradeID=G-08', 'Topic=Arabic']",gender=F,class=L,0.625,0.6785714285714286,0.9210526315789473,5.0,19.0
127,['AnnouncementsView=24<x<49'],gender=F,class=L,0.6875,0.7457627118644068,0.921875,33.0,88.0
100,"['Topic=IT', 'Discussion=50<x<74']",gender=F,class=L,0.8571428571428571,0.9285714285714286,0.923076923076923,6.0,13.0
143,"['raisedhands=0<x<25', 'GradeID=G-02', 'AnnouncementsView=24<x<49']",gender=F,class=L,0.8333333333333334,0.9,0.9259259259259259,5.0,9.0
29,['Topic=IT'],gender=F,class=L,0.78125,0.8421052631578947,0.927734375,25.0,80.0
37,"['SectionID=B', 'Discussion=1<x<25', 'GradeID=G-02', 'Topic=IT']",gender=F,class=L,0.7142857142857143,0.7647058823529411,0.9340659340659342,5.0,13.0
129,"['SectionID=B', 'AnnouncementsView=24<x<49']",gender=F,class=L,0.6470588235294118,0.6904761904761905,0.9371196754563895,11.0,29.0
142,"['Discussion=1<x<25', 'GradeID=G-02', 'AnnouncementsView=24<x<49']",gender=F,class=L,0.625,0.6666666666666666,0.9375,5.0,10.0
237,"['raisedhands=25<x<50', 'Topic=Science']",gender=F,class=L,0.8333333333333334,0.8888888888888888,0.9375000000000001,5.0,8.0
55,"['raisedhands=0<x<25', 'Discussion=25<x<50']",gender=F,class=L,0.8571428571428571,0.9122807017543859,0.9395604395604396,12.0,52.0
76,"['Topic=IT', 'VisITedResources=24<x<49']",gender=F,class=L,0.8888888888888888,0.9444444444444444,0.9411764705882353,8.0,17.0
172,"['raisedhands=0<x<25', 'Discussion=x>74']",gender=F,class=L,0.7777777777777778,0.8235294117647058,0.9444444444444445,7.0,14.0
87,"['raisedhands=50<x<75', 'VisITedResources=49<x<74']",gender=F,class=L,0.5,0.5277777777777778,0.9473684210526315,8.0,19.0
81,"['NationalITy=Jordan', 'Discussion=25<x<50', 'VisITedResources=49<x<74']",gender=F,class=L,0.875,0.9230769230769231,0.9479166666666666,7.0,12.0
69,"['Discussion=50<x<74', 'raisedhands=25<x<50']",gender=F,class=L,0.875,0.9230769230769231,0.9479166666666666,7.0,12.0
77,['VisITedResources=24<x<49'],gender=F,class=L,0.8888888888888888,0.9375,0.9481481481481481,16.0,45.0
89,"['Discussion=25<x<50', 'AnnouncementsView=24<x<49', 'raisedhands=50<x<75', 'VisITedResources=49<x<74']",gender=F,class=L,0.8571428571428571,0.9,0.9523809523809523,6.0,9.0
74,"['AnnouncementsView=49<x<73', 'raisedhands=25<x<50']",gender=F,class=L,0.7142857142857143,0.75,0.9523809523809524,5.0,9.0
186,"['Discussion=25<x<50', 'AnnouncementsView=24<x<49', 'GradeID=G-08']",gender=F,class=L,0.8333333333333334,0.875,0.9523809523809524,5.0,7.0
31,"['SectionID=B', 'Topic=IT']",gender=F,class=L,0.7142857142857143,0.75,0.9523809523809524,10.0,33.0
113,"['SectionID=B', 'GradeID=G-07']",gender=F,class=L,0.6666666666666666,0.7,0.9523809523809524,8.0,28.0
131,"['VisITedResources=0<x<24', 'AnnouncementsView=24<x<49']",gender=F,class=L,0.8333333333333334,0.875,0.9523809523809524,5.0,21.0
84,"['AnnouncementsView=24<x<49', 'VisITedResources=49<x<74']",gender=F,class=L,0.7692307692307693,0.8,0.9615384615384616,10.0,24.0
167,"['VisITedResources=0<x<24', 'Discussion=x>74']",gender=F,class=L,0.8888888888888888,0.9230769230769231,0.9629629629629629,8.0,12.0
67,['raisedhands=25<x<50'],gender=F,class=L,0.8148148148148148,0.8441558441558441,0.9652421652421652,22.0,65.0
314,"['GradeID=G-02', 'raisedhands=50<x<75', 'Topic=French']",gender=F,class=L,0.45454545454545453,0.47058823529411764,0.9659090909090909,5.0,8.0
72,"['GradeID=G-08', 'raisedhands=25<x<50']",gender=F,class=L,0.7777777777777778,0.8,0.9722222222222222,7.0,12.0
91,"['NationalITy=Jordan', 'Discussion=25<x<50', 'raisedhands=50<x<75', 'VisITedResources=49<x<74']",gender=F,class=L,0.8333333333333334,0.8571428571428571,0.9722222222222223,5.0,6.0
141,"['GradeID=G-02', 'AnnouncementsView=24<x<49']",gender=F,class=L,0.6,0.6129032258064516,0.9789473684210526,6.0,19.0
66,"['Topic=IT', 'raisedhands=25<x<50']",gender=F,class=L,0.8571428571428571,0.875,0.9795918367346939,6.0,14.0
170,['Discussion=x>74'],gender=F,class=H,0.47619047619047616,0.4835164835164835,0.9848484848484848,20.0,44.0
85,"['Discussion=25<x<50', 'AnnouncementsView=24<x<49', 'VisITedResources=49<x<74']",gender=F,class=L,0.875,0.8823529411764706,0.9916666666666667,7.0,15.0
88,"['AnnouncementsView=24<x<49', 'raisedhands=50<x<75', 'VisITedResources=49<x<74']",gender=F,class=L,0.7272727272727273,0.7333333333333333,0.9917355371900828,8.0,11.0
154,"['GradeID=G-02', 'raisedhands=50<x<75']",gender=F,class=H,0.5625,0.5666666666666667,0.9926470588235294,9.0,17.0
133,"['Discussion=25<x<50', 'AnnouncementsView=24<x<49']",gender=F,class=L,0.75,0.7551020408163265,0.9932432432432433,12.0,37.0
80,"['Discussion=25<x<50', 'VisITedResources=49<x<74']",gender=F,class=L,0.75,0.7435897435897436,1.0086206896551724,9.0,29.0
155,"['GradeID=G-02', 'raisedhands=50<x<75']",gender=F,class=L,0.4375,0.43333333333333335,1.0096153846153846,7.0,13.0
18,['VisITedResources=0<x<24'],gender=F,class=L,0.967741935483871,0.9548872180451128,1.013462026924054,30.0,127.0
171,['Discussion=x>74'],gender=F,class=L,0.5238095238095238,0.5164835164835165,1.0141843971631206,22.0,47.0
304,"['raisedhands=x>75', 'Discussion=x>74', 'AnnouncementsView=x>73']",gender=F,class=H,0.75,0.7391304347826086,1.0147058823529413,6.0,17.0
97,"['NationalITy=Jordan', 'VisITedResources=49<x<74']",gender=F,class=L,0.7777777777777778,0.7647058823529411,1.0170940170940173,7.0,13.0
22,"['GradeID=G-02', 'VisITedResources=0<x<24']",gender=F,class=L,1.0,0.98,1.0204081632653061,10.0,49.0
19,"['SectionID=B', 'VisITedResources=0<x<24']",gender=F,class=L,1.0,0.9782608695652174,1.0222222222222221,9.0,45.0
26,"['VisITedResources=0<x<24', 'Topic=IT']",gender=F,class=L,1.0,0.975609756097561,1.0250000000000001,10.0,40.0
20,"['NationalITy=Jordan', 'VisITedResources=0<x<24']",gender=F,class=L,1.0,0.972972972972973,1.0277777777777777,13.0,36.0
313,"['GradeID=G-02', 'raisedhands=50<x<75', 'Topic=French']",gender=F,class=H,0.5454545454545454,0.5294117647058824,1.0303030303030303,6.0,9.0
14,"['raisedhands=0<x<25', 'VisITedResources=0<x<24']",gender=F,class=L,1.0,0.9693877551020408,1.0315789473684212,25.0,95.0
21,"['SectionID=B', 'GradeID=G-02', 'VisITedResources=0<x<24']",gender=F,class=L,1.0,0.9642857142857143,1.037037037037037,5.0,27.0
207,"['raisedhands=0<x<25', 'Topic=Arabic']",gender=F,class=L,1.0,0.9615384615384616,1.04,6.0,25.0
114,"['AnnouncementsView=24<x<49', 'GradeID=G-07']",gender=F,class=L,0.9,0.8636363636363636,1.0421052631578946,9.0,19.0
15,"['NationalITy=Jordan', 'raisedhands=0<x<25', 'VisITedResources=0<x<24']",gender=F,class=L,1.0,0.9583333333333334,1.0434782608695652,10.0,23.0
27,"['GradeID=G-02', 'VisITedResources=0<x<24', 'Topic=IT']",gender=F,class=L,1.0,0.9565217391304348,1.0454545454545454,6.0,22.0
162,"['AnnouncementsView=24<x<49', 'Discussion=x>74']",gender=F,class=L,0.6666666666666666,0.631578947368421,1.0555555555555556,8.0,12.0
75,"['NationalITy=Jordan', 'raisedhands=25<x<50']",gender=F,class=L,0.9230769230769231,0.8717948717948718,1.0588235294117647,12.0,34.0
86,"['raisedhands=50<x<75', 'VisITedResources=49<x<74']",gender=F,class=H,0.5,0.4722222222222222,1.0588235294117647,8.0,17.0
302,"['Discussion=x>74', 'AnnouncementsView=x>73']",gender=F,class=H,0.75,0.7058823529411765,1.0625,9.0,24.0
199,"['raisedhands=x>75', 'GradeID=G-06']",gender=F,class=H,0.8,0.75,1.0666666666666667,8.0,9.0
71,"['Discussion=x>74', 'raisedhands=25<x<50']",gender=F,class=L,0.8571428571428571,0.8,1.0714285714285714,6.0,8.0
48,"['raisedhands=50<x<75', 'Topic=Science', 'GradeID=G-04']",gender=F,class=H,0.8333333333333334,0.7777777777777778,1.0714285714285714,5.0,7.0
115,"['raisedhands=50<x<75', 'GradeID=G-07']",gender=F,class=L,0.6666666666666666,0.6190476190476191,1.0769230769230769,6.0,13.0
138,"['NationalITy=Jordan', 'Discussion=1<x<25', 'AnnouncementsView=24<x<49']",gender=F,class=L,0.8571428571428571,0.7857142857142857,1.0909090909090908,6.0,11.0
257,"['SectionID=B', 'raisedhands=x>75']",gender=F,class=H,0.7272727272727273,0.6666666666666666,1.090909090909091,8.0,16.0
205,"['raisedhands=x>75', 'Topic=English', 'GradeID=G-06']",gender=F,class=H,0.875,0.8,1.09375,7.0,8.0
247,"['raisedhands=x>75', 'Topic=English']",gender=F,class=H,0.875,0.8,1.09375,7.0,8.0
169,"['raisedhands=50<x<75', 'Discussion=x>74']",gender=F,class=H,0.5833333333333334,0.5333333333333333,1.09375,7.0,16.0
149,"['AnnouncementsView=24<x<49', 'raisedhands=50<x<75']",gender=F,class=L,0.6666666666666666,0.6071428571428571,1.0980392156862746,10.0,17.0
153,"['SectionID=B', 'GradeID=G-02', 'raisedhands=50<x<75']",gender=F,class=H,0.7,0.6363636363636364,1.0999999999999999,7.0,14.0
32,"['AnnouncementsView=24<x<49', 'Topic=IT']",gender=F,class=L,0.8,0.7272727272727273,1.1,8.0,16.0
70,"['AnnouncementsView=24<x<49', 'raisedhands=25<x<50']",gender=F,class=L,1.0,0.90625,1.103448275862069,9.0,29.0
16,"['raisedhands=0<x<25', 'Discussion=25<x<50', 'VisITedResources=0<x<24']",gender=F,class=L,1.0,0.90625,1.103448275862069,6.0,29.0
173,"['raisedhands=x>75', 'Discussion=x>74']",gender=F,class=H,0.7692307692307693,0.696969696969697,1.1036789297658862,10.0,23.0
118,"['raisedhands=x>75', 'GradeID=G-07']",gender=F,class=H,0.8181818181818182,0.7407407407407407,1.1045454545454547,9.0,20.0
34,"['GradeID=G-07', 'Topic=IT']",gender=F,class=L,1.0,0.9047619047619048,1.1052631578947367,7.0,19.0
340,['Topic=History'],gender=F,class=L,0.875,0.7894736842105263,1.1083333333333334,7.0,15.0
305,"['NationalITy=Jordan', 'raisedhands=x>75', 'Discussion=x>74', 'AnnouncementsView=x>73']",gender=F,class=H,1.0,0.9,1.1111111111111112,6.0,9.0
217,"['GradeID=G-02', 'raisedhands=50<x<75', 'AnnouncementsView=49<x<73']",gender=F,class=H,0.7777777777777778,0.7,1.1111111111111112,7.0,7.0
266,"['Discussion=25<x<50', 'raisedhands=x>75']",gender=F,class=H,0.9,0.8095238095238095,1.111764705882353,9.0,17.0
258,"['AnnouncementsView=24<x<49', 'raisedhands=x>75']",gender=F,class=H,0.7272727272727273,0.65,1.118881118881119,8.0,13.0
176,"['NationalITy=Jordan', 'Discussion=x>74']",gender=F,class=H,0.5454545454545454,0.4864864864864865,1.121212121212121,12.0,18.0
92,"['NationalITy=Jordan', 'raisedhands=50<x<75', 'VisITedResources=49<x<74']",gender=F,class=L,0.7142857142857143,0.6363636363636364,1.1224489795918369,5.0,7.0
342,"['GradeID=G-07', 'Topic=Biology']",gender=F,class=H,0.6,0.5333333333333333,1.125,6.0,16.0
341,['Topic=Biology'],gender=F,class=H,0.6,0.5333333333333333,1.125,6.0,16.0
95,"['Discussion=x>74', 'VisITedResources=49<x<74']",gender=F,class=H,0.625,0.5555555555555556,1.125,5.0,10.0
119,"['raisedhands=x>75', 'AnnouncementsView=49<x<73', 'GradeID=G-07']",gender=F,class=H,0.75,0.6666666666666666,1.125,6.0,8.0
245,"['Discussion=x>74', 'Topic=English']",gender=F,class=H,0.875,0.7777777777777778,1.125,7.0,7.0
90,"['Discussion=25<x<50', 'raisedhands=50<x<75', 'VisITedResources=49<x<74']",gender=F,class=L,0.75,0.6666666666666666,1.125,6.0,12.0
17,"['Discussion=25<x<50', 'VisITedResources=0<x<24']",gender=F,class=L,1.0,0.8809523809523809,1.135135135135135,7.0,37.0
130,"['SectionID=B', 'AnnouncementsView=24<x<49']",gender=F,class=H,0.35294117647058826,0.30952380952380953,1.1402714932126696,6.0,13.0
191,"['SectionID=B', 'PlaceofBirth=lebanon']",gender=F,class=H,0.8571428571428571,0.75,1.1428571428571428,6.0,6.0
201,"['AnnouncementsView=x>73', 'GradeID=G-06']",gender=F,class=H,0.8571428571428571,0.75,1.1428571428571428,6.0,6.0
218,"['SectionID=B', 'GradeID=G-02', 'raisedhands=50<x<75', 'AnnouncementsView=49<x<73']",gender=F,class=H,0.8571428571428571,0.75,1.1428571428571428,6.0,6.0
73,"['NationalITy=Jordan', 'GradeID=G-08', 'raisedhands=25<x<50']",gender=F,class=L,1.0,0.875,1.1428571428571428,6.0,7.0
232,"['NationalITy=Jordan', 'SectionID=B', 'Topic=Science']",gender=F,class=H,0.5,0.4375,1.1428571428571428,5.0,7.0
303,"['NationalITy=Jordan', 'Discussion=x>74', 'AnnouncementsView=x>73']",gender=F,class=H,1.0,0.8666666666666667,1.1538461538461537,9.0,13.0
147,"['SectionID=B', 'raisedhands=50<x<75']",gender=F,class=H,0.65,0.5625,1.1555555555555557,13.0,27.0
44,"['Discussion=x>74', 'GradeID=G-04']",gender=F,class=H,0.625,0.5384615384615384,1.1607142857142858,5.0,7.0
116,"['AnnouncementsView=24<x<49', 'raisedhands=50<x<75', 'GradeID=G-07']",gender=F,class=L,1.0,0.8571428571428571,1.1666666666666667,5.0,6.0
165,"['Topic=IT', 'Discussion=x>74']",gender=F,class=L,0.875,0.75,1.1666666666666667,7.0,12.0
166,"['AnnouncementsView=24<x<49', 'Topic=IT', 'Discussion=x>74']",gender=F,class=L,1.0,0.8571428571428571,1.1666666666666667,5.0,6.0
248,"['AnnouncementsView=x>73', 'Topic=English']",gender=F,class=H,1.0,0.8571428571428571,1.1666666666666667,6.0,6.0
206,"['AnnouncementsView=x>73', 'Topic=English', 'GradeID=G-06']",gender=F,class=H,1.0,0.8571428571428571,1.1666666666666667,6.0,6.0
200,"['Discussion=x>74', 'GradeID=G-06']",gender=F,class=H,0.8333333333333334,0.7142857142857143,1.1666666666666667,5.0,5.0
33,"['raisedhands=50<x<75', 'Topic=IT']",gender=F,class=L,0.625,0.5294117647058824,1.1805555555555556,5.0,9.0
262,"['GradeID=G-02', 'raisedhands=x>75']",gender=F,class=L,0.5,0.42105263157894735,1.1875,5.0,8.0
68,['raisedhands=25<x<50'],gender=F,class=H,0.18518518518518517,0.15584415584415584,1.1882716049382716,5.0,12.0
93,"['SectionID=B', 'VisITedResources=49<x<74']",gender=F,class=H,0.45454545454545453,0.38235294117647056,1.1888111888111887,5.0,13.0
145,['raisedhands=50<x<75'],gender=F,class=H,0.5106382978723404,0.42727272727272725,1.1951109099139883,24.0,47.0
151,"['Discussion=25<x<50', 'AnnouncementsView=24<x<49', 'raisedhands=50<x<75']",gender=F,class=L,0.75,0.625,1.2,6.0,10.0
174,"['NationalITy=Jordan', 'raisedhands=x>75', 'Discussion=x>74']",gender=F,class=H,0.9,0.75,1.2,9.0,12.0
104,"['GradeID=G-08', 'Discussion=50<x<74']",gender=F,class=H,0.5,0.41379310344827586,1.2083333333333333,5.0,12.0
338,"['Discussion=1<x<25', 'Topic=French']",gender=F,class=H,0.35,0.2894736842105263,1.209090909090909,7.0,11.0
238,"['Discussion=x>74', 'Topic=Science']",gender=F,class=H,0.7,0.5789473684210527,1.209090909090909,7.0,11.0
331,"['Discussion=1<x<25', 'GradeID=G-02', 'Topic=French']",gender=F,class=H,0.35,0.2894736842105263,1.209090909090909,7.0,11.0
49,"['Discussion=x>74', 'Topic=Science', 'GradeID=G-04']",gender=F,class=H,0.7142857142857143,0.5833333333333334,1.2244897959183674,5.0,7.0
312,"['SectionID=B', 'raisedhands=50<x<75', 'Topic=French']",gender=F,class=H,0.7142857142857143,0.5833333333333334,1.2244897959183674,5.0,7.0
265,"['NationalITy=Jordan', 'Discussion=25<x<50', 'raisedhands=x>75']",gender=F,class=H,0.8571428571428571,0.7,1.2244897959183674,6.0,7.0
255,['raisedhands=x>75'],gender=F,class=H,0.74,0.603448275862069,1.2262857142857142,37.0,70.0
128,['AnnouncementsView=24<x<49'],gender=F,class=H,0.3125,0.2542372881355932,1.2291666666666667,15.0,30.0
316,"['NationalITy=Jordan', 'Topic=French']",gender=F,class=H,0.4117647058823529,0.3333333333333333,1.2352941176470589,7.0,11.0
320,"['NationalITy=Jordan', 'GradeID=G-02', 'Topic=French']",gender=F,class=H,0.4117647058823529,0.3333333333333333,1.2352941176470589,7.0,11.0
240,"['AnnouncementsView=x>73', 'Topic=Science']",gender=F,class=H,0.8571428571428571,0.6923076923076923,1.2380952380952381,6.0,9.0
54,"['NationalITy=Jordan', 'GradeID=G-04']",gender=F,class=H,0.5,0.4,1.25,6.0,8.0
43,"['raisedhands=50<x<75', 'GradeID=G-04']",gender=F,class=H,0.7142857142857143,0.5714285714285714,1.25,5.0,8.0
52,"['NationalITy=Jordan', 'Topic=Science', 'GradeID=G-04']",gender=F,class=H,0.5,0.4,1.25,6.0,8.0
96,"['AnnouncementsView=49<x<73', 'VisITedResources=49<x<74']",gender=F,class=H,0.7142857142857143,0.5714285714285714,1.25,5.0,12.0
164,"['SectionID=B', 'Discussion=x>74']",gender=F,class=L,0.6666666666666666,0.53125,1.2549019607843137,6.0,17.0
160,"['NationalITy=Jordan', 'raisedhands=50<x<75']",gender=F,class=H,0.5555555555555556,0.4411764705882353,1.2592592592592593,10.0,15.0
192,"['raisedhands=x>75', 'PlaceofBirth=lebanon']",gender=F,class=H,1.0,0.7777777777777778,1.2857142857142856,7.0,7.0
107,"['raisedhands=x>75', 'AnnouncementsView=49<x<73', 'Discussion=50<x<74']",gender=F,class=H,0.8571428571428571,0.6666666666666666,1.2857142857142858,6.0,10.0
216,"['SectionID=B', 'raisedhands=50<x<75', 'AnnouncementsView=49<x<73']",gender=F,class=H,0.7777777777777778,0.6,1.2962962962962963,7.0,9.0
259,"['Discussion=1<x<25', 'raisedhands=x>75']",gender=F,class=H,0.38461538461538464,0.2962962962962963,1.2980769230769231,5.0,8.0
307,['Topic=French'],gender=F,class=H,0.4,0.3076923076923077,1.3,12.0,20.0
111,['GradeID=G-07'],gender=F,class=H,0.375,0.2871287128712871,1.3060344827586208,12.0,29.0
315,"['SectionID=B', 'GradeID=G-02', 'raisedhands=50<x<75', 'Topic=French']",gender=F,class=H,0.8333333333333334,0.6363636363636364,1.3095238095238095,5.0,7.0
335,"['SectionID=B', 'Discussion=1<x<25', 'Topic=French']",gender=F,class=H,0.4166666666666667,0.3181818181818182,1.3095238095238095,5.0,7.0
328,"['SectionID=B', 'Discussion=1<x<25', 'GradeID=G-02', 'Topic=French']",gender=F,class=H,0.4166666666666667,0.3181818181818182,1.3095238095238095,5.0,7.0
278,"['Discussion=25<x<50', 'GradeID=G-02']",gender=F,class=H,0.5,0.38,1.3157894736842106,6.0,19.0
221,"['raisedhands=x>75', 'AnnouncementsView=49<x<73']",gender=F,class=H,0.7777777777777778,0.5897435897435898,1.318840579710145,14.0,23.0
318,"['GradeID=G-02', 'Topic=French']",gender=F,class=H,0.41379310344827586,0.3125,1.3241379310344827,12.0,20.0
294,['AnnouncementsView=x>73'],gender=F,class=H,0.782608695652174,0.5882352941176471,1.3304347826086957,18.0,40.0
196,"['raisedhands=x>75', 'NationalITy=lebanon']",gender=F,class=H,1.0,0.75,1.3333333333333333,5.0,6.0
241,"['NationalITy=Jordan', 'Topic=Science']",gender=F,class=H,0.5,0.375,1.3333333333333333,7.0,9.0
309,"['SectionID=B', 'Topic=French']",gender=F,class=H,0.5,0.37209302325581395,1.34375,10.0,16.0
310,"['NationalITy=Jordan', 'SectionID=B', 'Topic=French']",gender=F,class=H,0.5555555555555556,0.4117647058823529,1.3492063492063493,5.0,7.0
324,"['NationalITy=Jordan', 'SectionID=B', 'GradeID=G-02', 'Topic=French']",gender=F,class=H,0.5555555555555556,0.4117647058823529,1.3492063492063493,5.0,7.0
190,['PlaceofBirth=lebanon'],gender=F,class=H,0.7857142857142857,0.5789473684210527,1.357142857142857,11.0,11.0
210,['Topic=Arabic'],gender=F,class=H,0.4375,0.3220338983050847,1.3585526315789476,7.0,19.0
148,"['NationalITy=Jordan', 'SectionID=B', 'raisedhands=50<x<75']",gender=F,class=H,0.875,0.6428571428571429,1.361111111111111,7.0,9.0
198,['GradeID=G-06'],gender=F,class=H,0.6,0.4375,1.3714285714285714,9.0,14.0
195,['NationalITy=lebanon'],gender=F,class=H,0.7272727272727273,0.5294117647058824,1.3737373737373737,8.0,9.0
83,['VisITedResources=49<x<74'],gender=F,class=H,0.4642857142857143,0.3373493975903614,1.3762755102040818,13.0,28.0
120,"['AnnouncementsView=49<x<73', 'GradeID=G-07']",gender=F,class=H,0.6,0.43478260869565216,1.38,6.0,10.0
106,"['AnnouncementsView=49<x<73', 'Discussion=50<x<74']",gender=F,class=H,0.6666666666666666,0.4827586206896552,1.3809523809523807,8.0,14.0
322,"['SectionID=B', 'GradeID=G-02', 'Topic=French']",gender=F,class=H,0.5263157894736842,0.38095238095238093,1.381578947368421,10.0,16.0
30,['Topic=IT'],gender=F,class=H,0.21875,0.15789473684210525,1.3854166666666667,7.0,15.0
189,"['NationalITy=Jordan', 'GradeID=G-08']",gender=F,class=H,0.4444444444444444,0.32075471698113206,1.3856209150326797,12.0,17.0
122,['SectionID=B'],gender=F,class=H,0.4406779661016949,0.31736526946107785,1.3885513271506236,26.0,53.0
50,"['AnnouncementsView=x>73', 'Topic=Science', 'GradeID=G-04']",gender=F,class=H,0.8333333333333334,0.6,1.388888888888889,5.0,6.0
283,"['Discussion=1<x<25', 'GradeID=G-02']",gender=F,class=H,0.3548387096774194,0.2537313432835821,1.398481973434535,11.0,17.0
194,"['raisedhands=x>75', 'PlaceofBirth=lebanon', 'NationalITy=lebanon']",gender=F,class=H,1.0,0.7142857142857143,1.4,5.0,5.0
250,['StageID=HighSchool'],gender=F,class=H,0.4666666666666667,0.3333333333333333,1.4000000000000001,7.0,11.0
229,"['raisedhands=50<x<75', 'Topic=Science']",gender=F,class=H,0.625,0.4444444444444444,1.40625,5.0,8.0
101,"['raisedhands=50<x<75', 'Discussion=50<x<74']",gender=F,class=H,0.625,0.4444444444444444,1.40625,5.0,8.0
287,['GradeID=G-02'],gender=F,class=H,0.39285714285714285,0.2789115646258503,1.4085365853658538,22.0,41.0
300,"['raisedhands=x>75', 'AnnouncementsView=x>73']",gender=F,class=H,0.8666666666666667,0.6136363636363636,1.4123456790123456,13.0,27.0
264,"['NationalITy=Jordan', 'raisedhands=x>75']",gender=F,class=H,0.8,0.5652173913043478,1.4153846153846155,20.0,26.0
299,"['NationalITy=Jordan', 'AnnouncementsView=x>73']",gender=F,class=H,0.9166666666666666,0.6428571428571429,1.4259259259259258,11.0,18.0
239,"['raisedhands=x>75', 'Topic=Science']",gender=F,class=H,1.0,0.7,1.4285714285714286,6.0,7.0
45,"['AnnouncementsView=x>73', 'GradeID=G-04']",gender=F,class=H,0.7142857142857143,0.5,1.4285714285714286,5.0,6.0
296,"['raisedhands=50<x<75', 'AnnouncementsView=x>73']",gender=F,class=H,0.7142857142857143,0.5,1.4285714285714286,5.0,10.0
280,"['SectionID=B', 'Discussion=1<x<25', 'GradeID=G-02']",gender=F,class=H,0.4,0.27906976744186046,1.4333333333333333,8.0,12.0
47,"['Topic=Science', 'GradeID=G-04']",gender=F,class=H,0.5333333333333333,0.37037037037037035,1.4400000000000002,8.0,10.0
220,['AnnouncementsView=49<x<73'],gender=F,class=H,0.6097560975609756,0.4215686274509804,1.4463981849120817,25.0,43.0
57,['Discussion=25<x<50'],gender=F,class=H,0.391304347826087,0.2702702702702703,1.4478260869565218,18.0,40.0
193,"['PlaceofBirth=lebanon', 'NationalITy=lebanon']",gender=F,class=H,0.7272727272727273,0.5,1.4545454545454546,8.0,8.0
231,"['SectionID=B', 'Topic=Science']",gender=F,class=H,0.42857142857142855,0.29411764705882354,1.457142857142857,6.0,10.0
99,['Discussion=50<x<74'],gender=F,class=H,0.5588235294117647,0.38271604938271603,1.4601518026565465,19.0,31.0
140,"['NationalITy=Jordan', 'AnnouncementsView=24<x<49']",gender=F,class=H,0.22727272727272727,0.15555555555555556,1.461038961038961,5.0,7.0
109,"['raisedhands=x>75', 'Discussion=50<x<74']",gender=F,class=H,0.9285714285714286,0.6285714285714286,1.4772727272727273,13.0,22.0
274,"['SectionID=B', 'GradeID=G-02']",gender=F,class=H,0.45714285714285713,0.30851063829787234,1.4817733990147783,16.0,29.0
215,"['raisedhands=50<x<75', 'AnnouncementsView=49<x<73']",gender=F,class=H,0.6428571428571429,0.43243243243243246,1.4866071428571428,9.0,16.0
211,"['Discussion=25<x<50', 'AnnouncementsView=49<x<73']",gender=F,class=H,0.6666666666666666,0.4444444444444444,1.5,8.0,12.0
13,"['NationalITy=Jordan', 'Discussion=1<x<25']",gender=F,class=H,0.3333333333333333,0.22033898305084745,1.5128205128205128,8.0,13.0
254,['NationalITy=Jordan'],gender=F,class=H,0.46835443037974683,0.3081395348837209,1.519942679722952,37.0,53.0
40,"['GradeID=G-02', 'Topic=IT']",gender=F,class=H,0.3157894736842105,0.20754716981132076,1.5215311004784688,6.0,11.0
60,"['SectionID=B', 'Discussion=25<x<50']",gender=F,class=H,0.5,0.32727272727272727,1.5277777777777777,9.0,18.0
251,['Topic=Quran'],gender=F,class=H,0.5555555555555556,0.36363636363636365,1.527777777777778,5.0,8.0
244,['Topic=English'],gender=F,class=H,0.5789473684210527,0.37777777777777777,1.5325077399380806,11.0,17.0
102,"['GradeID=G-07', 'Discussion=50<x<74']",gender=F,class=H,0.6,0.391304347826087,1.5333333333333332,6.0,9.0
223,"['SectionID=B', 'AnnouncementsView=49<x<73']",gender=F,class=H,0.6666666666666666,0.43333333333333335,1.5384615384615383,8.0,13.0
42,['GradeID=G-04'],gender=F,class=H,0.45,0.2916666666666667,1.5428571428571427,9.0,14.0
301,"['NationalITy=Jordan', 'raisedhands=x>75', 'AnnouncementsView=x>73']",gender=F,class=H,1.0,0.6470588235294118,1.5454545454545454,8.0,11.0
183,['GradeID=G-08'],gender=F,class=H,0.4444444444444444,0.28448275862068967,1.562289562289562,16.0,33.0
108,"['NationalITy=Jordan', 'Discussion=50<x<74']",gender=F,class=H,0.625,0.4,1.5625,5.0,8.0
103,"['raisedhands=x>75', 'GradeID=G-07', 'Discussion=50<x<74']",gender=F,class=H,1.0,0.6363636363636364,1.5714285714285714,5.0,7.0
157,"['Discussion=1<x<25', 'raisedhands=50<x<75']",gender=F,class=H,0.5,0.3181818181818182,1.5714285714285714,6.0,7.0
267,"['GradeID=G-08', 'raisedhands=x>75']",gender=F,class=H,0.7692307692307693,0.48936170212765956,1.5719063545150502,10.0,23.0
222,"['NationalITy=Jordan', 'raisedhands=x>75', 'AnnouncementsView=49<x<73']",gender=F,class=H,0.7,0.4444444444444444,1.575,7.0,8.0
225,"['SectionID=B', 'GradeID=G-02', 'AnnouncementsView=49<x<73']",gender=F,class=H,0.75,0.47058823529411764,1.59375,6.0,8.0
224,"['Discussion=1<x<25', 'AnnouncementsView=49<x<73']",gender=F,class=H,0.5555555555555556,0.34782608695652173,1.5972222222222223,5.0,8.0
345,"['GradeID=G-08', 'Topic=Chemistry']",gender=F,class=H,0.6666666666666666,0.4166666666666667,1.5999999999999999,8.0,10.0
343,['Topic=Chemistry'],gender=F,class=H,0.6666666666666666,0.4166666666666667,1.5999999999999999,8.0,10.0
203,"['Topic=English', 'GradeID=G-06']",gender=F,class=H,0.8,0.5,1.6,8.0,13.0
184,"['AnnouncementsView=24<x<49', 'GradeID=G-08']",gender=F,class=H,0.4,0.25,1.6,6.0,8.0
246,"['NationalITy=Jordan', 'Topic=English']",gender=F,class=H,0.6666666666666666,0.4117647058823529,1.619047619047619,6.0,7.0
349,"['GradeID=G-08', 'raisedhands=x>75', 'Topic=Chemistry']",gender=F,class=H,1.0,0.6153846153846154,1.625,6.0,8.0
347,"['raisedhands=x>75', 'Topic=Chemistry']",gender=F,class=H,1.0,0.6153846153846154,1.625,6.0,8.0
125,"['NationalITy=Jordan', 'SectionID=B']",gender=F,class=H,0.5416666666666666,0.3333333333333333,1.625,13.0,17.0
226,"['GradeID=G-02', 'AnnouncementsView=49<x<73']",gender=F,class=H,0.6666666666666666,0.4074074074074074,1.6363636363636365,8.0,11.0
137,"['Discussion=1<x<25', 'AnnouncementsView=24<x<49']",gender=F,class=H,0.35714285714285715,0.21621621621621623,1.6517857142857142,5.0,8.0
235,['Topic=Science'],gender=F,class=H,0.5217391304347826,0.3137254901960784,1.6630434782608696,12.0,16.0
9,"['SectionID=B', 'Discussion=1<x<25']",gender=F,class=H,0.4166666666666667,0.25,1.6666666666666667,10.0,14.0
288,"['NationalITy=Jordan', 'GradeID=G-02']",gender=F,class=H,0.36363636363636365,0.21818181818181817,1.6666666666666667,8.0,12.0
117,"['NationalITy=Jordan', 'GradeID=G-07']",gender=F,class=H,0.5555555555555556,0.3333333333333333,1.6666666666666667,5.0,9.0
61,"['NationalITy=Jordan', 'SectionID=B', 'Discussion=25<x<50']",gender=F,class=H,0.5833333333333334,0.35,1.666666666666667,7.0,7.0
268,"['NationalITy=Jordan', 'GradeID=G-08', 'raisedhands=x>75']",gender=F,class=H,0.9090909090909091,0.5384615384615384,1.6883116883116884,10.0,14.0
159,"['SectionID=B', 'Discussion=1<x<25', 'raisedhands=50<x<75']",gender=F,class=H,0.7142857142857143,0.4166666666666667,1.7142857142857142,5.0,5.0
204,"['NationalITy=Jordan', 'Topic=English', 'GradeID=G-06']",gender=F,class=H,0.75,0.4375,1.7142857142857142,6.0,7.0
202,"['NationalITy=Jordan', 'GradeID=G-06']",gender=F,class=H,0.75,0.4375,1.7142857142857142,6.0,7.0
227,"['NationalITy=Jordan', 'AnnouncementsView=49<x<73']",gender=F,class=H,0.5294117647058824,0.3023255813953488,1.7511312217194572,9.0,13.0
212,"['NationalITy=Jordan', 'Discussion=25<x<50', 'AnnouncementsView=49<x<73']",gender=F,class=H,0.7142857142857143,0.4,1.7857142857142856,5.0,6.0
344,"['NationalITy=Jordan', 'Topic=Chemistry']",gender=F,class=H,0.6666666666666666,0.36363636363636365,1.8333333333333333,8.0,8.0
346,"['NationalITy=Jordan', 'GradeID=G-08', 'Topic=Chemistry']",gender=F,class=H,0.6666666666666666,0.36363636363636365,1.8333333333333333,8.0,8.0
350,"['NationalITy=Jordan', 'GradeID=G-08', 'raisedhands=x>75', 'Topic=Chemistry']",gender=F,class=H,1.0,0.5454545454545454,1.8333333333333335,6.0,6.0
348,"['NationalITy=Jordan', 'raisedhands=x>75', 'Topic=Chemistry']",gender=F,class=H,1.0,0.5454545454545454,1.8333333333333335,6.0,6.0
213,"['GradeID=G-08', 'AnnouncementsView=49<x<73']",gender=F,class=H,0.625,0.3333333333333333,1.875,5.0,10.0
275,"['NationalITy=Jordan', 'SectionID=B', 'GradeID=G-02']",gender=F,class=H,0.5,0.26666666666666666,1.875,6.0,8.0
64,"['NationalITy=Jordan', 'Discussion=25<x<50']",gender=F,class=H,0.48,0.2545454545454545,1.885714285714286,12.0,14.0
163,"['GradeID=G-07', 'Discussion=x>74']",gender=F,class=L,0.8333333333333334,0.43478260869565216,1.9166666666666667,5.0,10.0
3,"['NationalITy=Jordan', 'raisedhands=0<x<25']",gender=F,class=H,0.2608695652173913,0.1320754716981132,1.9751552795031055,6.0,7.0
298,"['raisedhands=x>75', 'Discussion=50<x<74', 'AnnouncementsView=x>73']",gender=F,class=H,1.0,0.5,2.0,5.0,6.0
297,"['Discussion=50<x<74', 'AnnouncementsView=x>73']",gender=F,class=H,1.0,0.5,2.0,7.0,8.0
11,['Discussion=1<x<25'],gender=F,class=H,0.34615384615384615,0.17197452229299362,2.0128205128205128,18.0,27.0
1,['raisedhands=0<x<25'],gender=F,class=H,0.18,0.07738095238095238,2.326153846153846,9.0,13.0
270,"['raisedhands=0<x<25', 'GradeID=G-02']",gender=F,class=H,0.24,0.08955223880597014,2.68,6.0,6.0
5,"['raisedhands=0<x<25', 'Discussion=1<x<25']",gender=F,class=H,0.22727272727272727,0.0641025641025641,3.545454545454546,5.0,5.0
