id,AnnouncementsView,Discussion,Grade,Relation,Semester,StudentAbsenceDays,VisITedResources,gender,raisedhands,class
0,91,39,8,Father,F,Above-7,97,F,55,1
1,66,95,4,Mum,S,Under-7,13,M,4,0
2,4,93,9,Father,S,Above-7,72,F,71,1
3,15,45,11,Mum,S,Under-7,70,M,72,1
4,44,51,7,Mum,S,Under-7,74,M,62,1
5,71,97,2,Father,S,Above-7,8,F,69,1
6,34,15,9,Father,F,Above-7,89,M,49,1
7,23,92,5,Mum,S,Above-7,81,F,20,1
8,52,19,7,Mum,S,Under-7,86,M,40,1
9,60,23,4,Father,F,Under-7,61,F,86,1
10,75,70,6,Mum,S,Under-7,66,M,51,1
11,89,45,12,Father,S,Above-7,25,F,45,1
12,79,29,7,Father,S,Under-7,82,F,16,1
13,28,99,8,Mum,S,Under-7,9,F,78,1
14,71,31,12,Father,S,Under-7,83,F,5,1
15,0,21,12,Father,F,Above-7,80,F,2,0
16,2,19,12,Father,S,Under-7,14,M,72,1
17,34,93,11,Mum,S,Above-7,39,M,19,1
18,74,41,11,Mum,F,Above-7,31,M,12,0
19,76,16,9,Father,F,Above-7,87,M,6,1
20,11,8,2,Mum,S,Above-7,55,F,2,0
21,75,72,9,Father,F,Above-7,12,F,12,0
22,56,73,5,Father,F,Above-7,2,M,30,1
23,63,79,8,Father,F,Under-7,43,F,95,1
24,25,82,7,Mum,S,Above-7,27,M,42,1
25,19,79,6,Father,S,Above-7,28,M,35,1
26,19,24,8,Father,F,Under-7,21,F,32,1
27,95,76,9,Mum,F,Above-7,17,F,53,1
28,74,10,5,Mum,F,Under-7,21,M,71,1
29,28,77,11,Father,F,Under-7,27,F,69,1
30,13,26,7,Father,S,Above-7,69,F,80,1
31,44,84,8,Mum,F,Above-7,61,F,84,1
32,95,59,8,Father,F,Above-7,3,F,17,1
33,50,69,11,Mum,F,Above-7,30,F,11,0
34,60,21,6,Mum,F,Above-7,76,M,14,0
35,93,49,12,Mum,S,Above-7,70,F,21,1
36,4,2,11,Mum,F,Above-7,3,M,81,0
37,50,74,6,Mum,F,Above-7,75,F,73,1
38,22,74,7,Mum,S,Above-7,11,M,14,0
39,77,53,6,Mum,F,Under-7,28,F,2,0
40,26,89,12,Father,F,Under-7,80,M,83,1
41,58,72,8,Father,S,Under-7,71,F,22,1
42,19,94,4,Mum,S,Above-7,7,M,22,1
43,41,73,9,Father,F,Above-7,55,M,59,1
44,2,90,9,Mum,S,Above-7,86,F,25,1
45,71,82,10,Father,F,Above-7,59,F,4,0
46,52,94,11,Father,F,Under-7,2,M,24,1
47,53,30,5,Mum,S,Above-7,12,F,10,0
48,19,76,8,Mum,F,Under-7,42,M,98,1
49,48,82,10,Mum,F,Above-7,86,M,20,1
50,98,94,8,Father,S,Under-7,94,M,1,0
51,9,44,2,Mum,F,Above-7,40,F,90,1
52,69,4,12,Father,F,Above-7,22,M,32,1
53,93,83,7,Father,S,Under-7,19,F,73,1
54,40,71,4,Father,F,Under-7,59,M,89,1
55,64,34,2,Father,S,Under-7,39,F,53,1
56,50,25,7,Mum,S,Above-7,5,M,74,0
57,23,57,9,Father,F,Under-7,61,M,19,1
58,29,6,5,Father,S,Above-7,40,F,82,0
59,51,79,9,Mum,F,Under-7,17,F,100,1
60,5,2,4,Mum,F,Above-7,40,F,98,0
61,6,69,4,Father,S,Under-7,19,F,29,1
62,9,53,8,Mum,S,Above-7,69,M,13,0
63,46,36,12,Mum,F,Under-7,64,F,59,1
64,36,98,11,Mum,S,Above-7,60,M,13,0
65,89,91,9,Father,S,Above-7,76,F,41,1
66,50,7,12,Mum,F,Above-7,25,F,5,0
67,98,57,6,Mum,S,Above-7,50,M,78,1
68,79,35,11,Father,S,Above-7,4,F,21,1
69,37,17,7,Mum,F,Under-7,76,M,61,1
70,41,62,2,Father,F,Above-7,1,F,3,0
71,26,11,10,Mum,F,Above-7,29,M,61,1
72,50,80,8,Father,S,Under-7,34,M,28,1
73,46,73,9,Father,S,Under-7,22,M,39,1
74,79,94,9,Father,F,Under-7,74,M,69,1
75,75,84,7,Mum,F,Above-7,95,F,20,1
76,41,96,2,Mum,S,Above-7,57,M,17,1
77,42,72,9,Mum,S,Above-7,28,F,42,1
78,53,40,11,Father,S,Above-7,20,F,35,1
79,79,29,7,Father,S,Above-7,69,M,17,1
80,16,98,11,Mum,F,Above-7,29,F,88,1
81,8,35,2,Mum,S,Under-7,74,F,5,1
82,67,65,4,Mum,F,Under-7,99,F,3,1
83,46,83,5,Father,S,Above-7,8,M,81,1
84,4,77,4,Mum,F,Above-7,77,M,8,0
85,83,91,12,Father,S,Above-7,65,F,23,1
86,24,25,6,Mum,F,Above-7,98,F,72,1
87,12,7,12,Father,F,Above-7,28,F,75,0
88,19,95,10,Mum,S,Under-7,31,F,8,1
89,32,34,12,Father,F,Above-7,74,F,67,1
90,78,83,8,Father,F,Under-7,69,M,24,1
91,15,25,7,Mum,F,Under-7,77,F,36,1
92,36,29,6,Father,F,Under-7,88,M,86,1
93,60,63,12,Father,S,Under-7,10,F,71,1
94,59,19,12,Mum,S,Above-7,78,F,27,1
95,3,35,9,Mum,F,Above-7,12,M,53,0
96,66,58,5,Father,S,Under-7,99,F,97,1
97,49,63,8,Father,F,Under-7,28,M,51,1
98,95,49,6,Mum,F,Above-7,61,F,97,1
99,25,6,10,Mum,S,Above-7,61,M,3,0
100,46,11,2,Mum,S,Above-7,30,F,41,1
101,49,89,8,Father,S,Above-7,13,M,96,1
102,2,31,12,Father,S,Above-7,19,M,52,0
103,31,71,12,Mum,S,Under-7,80,F,9,1
104,79,94,10,Father,S,Above-7,41,M,98,1
105,48,99,11,Father,F,Above-7,93,F,75,1
106,40,12,4,Mum,F,Under-7,68,M,96,1
107,58,15,10,Mum,S,Above-7,63,F,55,1
108,91,60,9,Father,F,Above-7,17,M,71,1
109,59,85,12,Mum,S,Above-7,80,M,18,1
110,40,98,9,Mum,S,Above-7,68,M,32,1
111,19,48,5,Father,S,Under-7,66,M,59,1
112,16,65,10,Mum,F,Under-7,31,M,14,0
113,44,88,2,Mum,S,Above-7,84,F,52,1
114,37,34,9,Mum,F,Above-7,81,F,20,1
115,57,73,11,Father,F,Above-7,25,M,57,1
116,13,37,4,Mum,F,Above-7,79,F,77,1
117,46,40,11,Mum,F,Under-7,95,M,95,1
118,5,75,5,Mum,F,Above-7,55,M,84,1
119,2,8,10,Father,S,Above-7,21,M,27,0
120,65,51,2,Mum,F,Above-7,58,M,30,1
121,44,65,2,Father,S,Under-7,87,F,67,1
122,26,60,2,Mum,F,Above-7,12,F,67,1
123,77,19,11,Mum,S,Above-7,65,M,82,1
124,65,17,10,Father,S,Above-7,57,M,90,1
125,95,76,5,Mum,S,Under-7,50,F,76,1
126,44,86,7,Father,F,Under-7,91,M,20,1
127,71,26,9,Mum,F,Above-7,5,M,2,0
128,20,97,11,Mum,F,Under-7,80,F,28,1
129,67,51,12,Father,S,Under-7,71,F,51,1
130,43,26,10,Mum,F,Above-7,4,F,9,0
131,6,19,12,Mum,F,Under-7,96,F,52,1
132,72,27,11,Father,S,Under-7,1,F,83,1
133,86,49,5,Father,S,Above-7,25,F,21,1
134,57,66,2,Father,F,Above-7,41,M,0,0
135,30,5,11,Mum,F,Above-7,35,F,14,1
136,11,39,7,Mum,F,Under-7,42,M,29,1
137,24,71,12,Father,S,Under-7,95,F,88,1
138,41,31,8,Father,S,Above-7,70,M,22,1
139,22,6,6,Mum,F,Under-7,4,F,84,1
140,25,96,4,Father,F,Under-7,92,M,89,1
141,44,69,6,Mum,F,Above-7,35,F,65,1
142,51,10,11,Father,F,Under-7,59,M,29,1
143,18,29,4,Father,F,Above-7,59,F,69,1
144,44,98,4,Father,S,Above-7,52,F,92,1
145,23,4,10,Mum,S,Under-7,35,F,55,1
146,64,40,6,Mum,F,Above-7,8,F,69,1
147,56,89,12,Mum,S,Under-7,1,F,82,1
148,62,53,10,Father,F,Under-7,92,F,22,1
149,54,31,4,Mum,S,Under-7,10,F,22,1
150,11,68,8,Father,F,Above-7,74,M,87,1
151,87,17,10,Father,F,Above-7,96,M,28,1
152,22,55,2,Father,F,Above-7,97,F,60,1
153,39,33,10,Father,F,Under-7,83,F,24,1
154,87,51,11,Mum,F,Under-7,75,M,67,1
155,42,39,9,Father,S,Under-7,54,M,83,1
156,89,37,9,Father,F,Above-7,86,F,86,1
157,78,16,5,Father,S,Above-7,70,F,52,1
158,13,20,11,Mum,F,Above-7,3,F,99,1
159,56,51,11,Mum,F,Under-7,82,M,15,1
160,75,83,5,Father,S,Above-7,74,M,73,1
161,41,33,9,Father,F,Above-7,65,F,23,1
162,37,11,7,Mum,F,Above-7,7,F,96,1
163,76,77,4,Father,S,Under-7,86,M,15,1
164,43,17,10,Mum,F,Above-7,80,F,88,1
165,52,11,8,Father,S,Above-7,6,F,85,0
166,71,49,11,Father,F,Under-7,25,F,25,1
167,15,17,6,Father,F,Above-7,80,M,40,1
168,44,12,5,Mum,F,Under-7,64,M,33,1
169,24,24,9,Mum,F,Above-7,86,F,13,1
170,14,24,7,Father,S,Above-7,79,F,5,0
171,89,65,9,Mum,S,Above-7,29,M,41,1
172,63,27,5,Mum,S,Under-7,10,F,5,1
173,25,32,2,Father,S,Under-7,65,M,29,1
174,13,33,12,Mum,S,Above-7,14,F,35,0
175,15,4,6,Mum,S,Above-7,86,F,78,1
176,95,12,4,Father,S,Under-7,95,F,60,1
177,23,10,8,Father,S,Above-7,25,F,62,0
178,21,6,11,Father,F,Above-7,16,M,18,0
179,82,30,7,Father,F,Under-7,29,M,80,1
180,72,61,5,Father,S,Under-7,54,F,32,1
181,35,81,7,Father,S,Above-7,63,F,30,1
182,43,16,10,Father,S,Above-7,95,M,18,1
183,7,15,5,Father,F,Above-7,28,F,49,0
184,50,33,7,Father,S,Under-7,87,M,71,1
185,60,99,5,Father,F,Above-7,98,M,28,1
186,33,44,8,Mum,S,Above-7,86,F,23,1
187,43,84,4,Father,S,Above-7,21,M,28,1
188,67,1,2,Mum,F,Under-7,90,F,10,1
189,50,29,8,Mum,S,Above-7,86,F,52,1
190,45,77,5,Father,F,Above-7,13,F,79,1
191,62,36,4,Mum,S,Above-7,85,F,5,1
192,39,57,8,Father,S,Above-7,40,F,6,0
193,39,48,9,Father,F,Under-7,68,F,6,1
194,95,66,7,Father,S,Above-7,27,F,17,1
195,53,51,5,Father,F,Under-7,9,M,29,1
196,86,11,6,Father,S,Under-7,66,F,20,1
197,36,98,10,Father,F,Above-7,14,M,86,1
198,22,39,8,Mum,F,Under-7,9,M,14,0
199,24,88,6,Father,F,Above-7,21,F,39,1
200,6,68,11,Father,F,Above-7,39,F,19,0
201,54,29,5,Mum,F,Under-7,38,F,79,1
202,10,77,10,Mum,F,Above-7,5,M,15,0
203,75,44,9,Father,F,Above-7,94,M,7,1
204,12,4,8,Father,S,Under-7,97,M,67,1
205,95,55,9,Father,S,Above-7,98,F,89,1
206,9,65,7,Mum,S,Under-7,40,F,89,1
207,43,53,5,Father,F,Above-7,20,F,22,1
208,78,53,9,Mum,S,Under-7,11,M,42,1
209,65,28,10,Father,S,Above-7,4,M,73,0
210,70,94,10,Mum,S,Under-7,72,F,21,1
211,52,80,7,Father,S,Above-7,71,M,59,1
212,33,13,7,Father,F,Above-7,12,F,72,1
213,73,23,11,Mum,S,Above-7,17,M,97,1
214,54,13,12,Father,S,Above-7,66,M,100,1
215,8,58,7,Father,S,Above-7,10,M,70,0
216,3,61,5,Father,S,Above-7,44,M,9,0
217,22,5,7,Mum,F,Above-7,74,F,89,1
218,15,27,7,Father,F,Under-7,54,F,67,1
219,46,41,9,Mum,F,Above-7,81,M,55,1
220,1,88,4,Mum,S,Under-7,29,F,3,0
221,20,45,4,Mum,S,Under-7,96,M,62,1
222,69,24,4,Father,S,Under-7,0,M,67,1
223,39,31,6,Father,S,Under-7,94,M,69,1
224,11,22,2,Father,F,Above-7,13,M,67,1
225,66,64,7,Mum,S,Above-7,82,F,71,1
226,10,71,5,Mum,S,Above-7,20,F,100,0
227,76,60,12,Father,S,Above-7,52,F,11,0
228,10,70,9,Mum,F,Above-7,2,F,15,0
229,58,19,2,Mum,F,Under-7,77,M,19,1
230,85,96,10,Mum,F,Under-7,35,M,82,1
231,69,12,6,Mum,F,Under-7,93,M,90,1
232,51,28,9,Mum,S,Under-7,44,M,28,1
233,37,7,7,Mum,S,Above-7,68,M,16,0
234,78,5,2,Mum,S,Under-7,34,F,49,1
235,82,3,7,Mum,S,Under-7,71,M,5,0
236,10,32,8,Father,F,Above-7,30,F,100,1
237,0,17,8,Mum,S,Above-7,17,M,30,0
238,5,92,4,Mum,S,Above-7,80,F,51,1
239,79,94,5,Father,S,Under-7,77,M,29,1
240,75,15,5,Father,S,Above-7,65,M,18,1
241,62,3,11,Father,S,Under-7,5,F,30,1
242,66,4,4,Father,S,Above-7,11,F,88,0
243,75,72,7,Mum,S,Above-7,38,M,27,1
244,2,5,7,Mum,F,Under-7,78,F,42,1
245,69,77,10,Mum,F,Under-7,27,F,55,1
246,79,72,8,Mum,F,Under-7,68,F,74,1
247,9,91,11,Mum,F,Under-7,6,M,41,1
248,37,79,2,Father,F,Above-7,13,F,77,1
249,15,36,9,Mum,F,Under-7,60,F,82,1
250,53,27,7,Father,S,Under-7,34,M,25,1
251,7,53,10,Father,S,Above-7,79,F,89,1
252,21,35,8,Father,S,Above-7,7,M,72,1
253,33,6,4,Father,F,Above-7,6,M,86,0
254,73,34,9,Father,S,Above-7,18,M,24,1
255,3,58,5,Mum,S,Above-7,34,F,69,0
256,67,17,7,Father,F,Above-7,28,F,24,1
257,65,19,4,Father,S,Above-7,94,M,80,1
258,98,84,12,Mum,S,Under-7,90,F,6,1
259,71,64,9,Father,S,Under-7,40,F,92,1
260,70,43,11,Mum,F,Under-7,41,F,14,1
261,6,15,4,Father,F,Above-7,93,F,27,1
262,37,83,6,Mum,S,Above-7,54,M,16,1
263,58,36,6,Mum,F,Under-7,39,M,35,1
264,57,38,9,Mum,F,Above-7,82,F,24,1
265,42,75,8,Father,S,Under-7,48,M,85,1
266,12,76,2,Father,S,Under-7,93,M,50,1
267,95,35,5,Father,S,Under-7,81,M,71,1
268,41,73,5,Mum,F,Above-7,63,M,0,0
269,17,88,2,Mum,S,Under-7,87,M,29,1
270,33,81,9,Father,F,Under-7,34,F,28,1
271,23,22,8,Father,F,Above-7,10,F,2,0
272,14,27,9,Father,F,Under-7,98,F,39,1
273,53,71,12,Father,S,Above-7,71,M,36,1
274,56,55,11,Father,S,Under-7,44,M,41,1
275,8,69,9,Mum,S,Above-7,30,M,41,0
276,63,19,12,Mum,S,Above-7,76,M,60,1
277,23,76,12,Father,F,Under-7,18,F,55,1
278,45,45,8,Mum,S,Above-7,14,M,67,1
279,66,16,6,Mum,S,Above-7,40,F,3,0
280,1,31,10,Mum,S,Under-7,0,M,77,1
281,86,23,12,Father,F,Under-7,18,F,92,1
282,19,14,6,Father,S,Above-7,96,F,60,1
283,2,62,2,Father,F,Above-7,59,F,21,0
284,11,59,11,Father,S,Under-7,78,F,14,1
285,18,28,8,Mum,S,Under-7,25,M,78,1
286,24,65,5,Mum,F,Under-7,0,M,85,1
287,49,8,2,Mum,F,Under-7,41,M,86,1
288,75,17,4,Mum,F,Above-7,11,F,30,1
289,40,36,8,Mum,F,Under-7,3,M,2,0
290,30,97,6,Father,F,Above-7,78,M,28,1
291,86,30,8,Father,F,Above-7,41,F,41,1
292,93,84,6,Mum,S,Under-7,93,F,13,1
293,79,93,7,Father,S,Under-7,93,M,30,1
294,43,74,2,Father,F,Above-7,65,F,73,1
295,11,45,7,Mum,F,Under-7,86,M,3,0
296,65,94,5,Mum,F,Under-7,5,M,96,1
297,87,43,11,Father,F,Under-7,57,M,79,1
298,85,27,7,Father,F,Under-7,35,F,24,1
299,14,51,8,Father,S,Above-7,99,F,90,1
300,75,37,12,Mum,S,Under-7,0,M,81,1
301,22,66,5,Mum,S,Above-7,17,F,23,1
302,28,35,12,Father,F,Under-7,40,M,1,0
303,62,51,4,Father,F,Under-7,14,M,99,1
304,89,99,10,Mum,F,Above-7,88,M,11,1
305,33,49,6,Father,S,Above-7,14,M,80,1
306,48,57,2,Mum,S,Above-7,9,F,70,1
307,22,68,11,Mum,F,Above-7,83,M,95,1
308,7,96,10,Mum,S,Under-7,27,F,84,1
309,17,79,12,Father,S,Under-7,88,F,35,1
310,28,50,4,Father,F,Above-7,95,M,74,1
311,80,72,5,Father,F,Under-7,15,F,49,1
312,71,98,6,Father,S,Under-7,52,F,9,1
313,31,13,7,Father,S,Above-7,2,F,17,0
314,20,58,5,Mum,F,Above-7,5,F,45,1
315,45,76,12,Father,S,Under-7,95,M,83,1
316,78,10,8,Mum,S,Above-7,8,M,70,0
317,24,64,7,Mum,F,Under-7,68,F,4,1
318,14,33,6,Father,F,Above-7,83,M,98,1
319,50,98,2,Mum,S,Above-7,33,M,11,0
320,12,20,7,Father,F,Under-7,30,F,65,1
321,89,4,11,Father,F,Under-7,31,M,18,1
322,40,83,10,Mum,F,Under-7,99,F,61,1
323,17,17,5,Father,S,Under-7,25,M,80,1
324,9,12,7,Mum,S,Under-7,72,F,62,1
325,58,68,6,Father,S,Above-7,4,M,52,1
326,33,50,12,Father,S,Under-7,51,F,15,1
327,58,48,9,Mum,S,Above-7,66,M,17,1
328,2,81,12,Father,F,Above-7,80,F,22,1
329,50,73,9,Mum,F,Under-7,30,F,42,1
330,16,1,6,Father,S,Under-7,0,F,10,0
331,22,6,9,Father,S,Above-7,13,M,30,0
332,65,92,9,Father,F,Under-7,38,M,36,1
333,39,76,9,Father,F,Under-7,92,F,53,1
334,26,61,6,Father,S,Under-7,69,M,5,0
335,14,62,11,Mum,S,Above-7,12,M,16,0
336,67,6,12,Mum,F,Above-7,15,F,17,0
337,46,88,12,Father,F,Above-7,92,F,51,1
338,18,90,8,Father,S,Above-7,71,M,61,1
339,59,31,4,Mum,F,Under-7,69,F,71,1
340,12,29,7,Mum,F,Under-7,31,F,36,1
341,39,53,7,Father,S,Above-7,39,F,95,1
342,41,9,11,Mum,F,Under-7,64,F,55,1
343,40,82,8,Mum,F,Above-7,6,F,81,1
344,95,22,6,Mum,S,Above-7,66,M,82,1
345,1,72,8,Mum,F,Above-7,92,F,32,1
346,39,64,10,Mum,S,Above-7,48,M,40,1
347,46,89,2,Mum,S,Under-7,65,M,6,0
348,10,82,9,Mum,S,Under-7,92,M,85,1
349,12,36,8,Father,F,Under-7,25,M,60,1
350,4,16,5,Mum,S,Under-7,99,F,77,1
351,23,43,10,Father,S,Under-7,87,M,3,0
352,31,3,12,Mum,S,Under-7,34,M,0,0
353,74,92,10,Father,S,Under-7,10,M,17,1
354,19,91,9,Father,F,Above-7,18,M,33,1
355,28,77,9,Father,F,Above-7,39,F,87,1
356,5,15,9,Mum,S,Under-7,88,M,74,1
357,65,94,9,Mum,S,Above-7,16,M,53,1
358,52,9,10,Father,S,Under-7,11,M,0,0
359,26,27,10,Father,S,Above-7,22,F,83,0
360,71,75,2,Father,F,Above-7,16,F,21,1
361,2,4,4,Mum,S,Under-7,16,M,52,1
362,20,65,7,Father,S,Under-7,75,F,39,1
363,15,57,10,Father,F,Under-7,21,F,57,1
364,52,88,12,Father,F,Above-7,27,M,0,0
365,30,28,4,Father,F,Under-7,83,M,23,1
366,89,41,6,Father,S,Above-7,25,F,13,0
367,2,12,9,Mum,S,Under-7,16,F,9,1
368,72,22,2,Father,F,Under-7,12,M,40,1
369,56,2,5,Mum,S,Under-7,21,M,83,1
370,98,58,12,Father,F,Under-7,57,M,22,1
371,72,1,12,Father,F,Under-7,31,F,10,0
372,3,45,9,Father,S,Above-7,2,F,92,0
373,7,27,11,Father,F,Under-7,24,F,0,0
374,77,89,6,Mum,F,Above-7,2,F,12,0
375,98,95,10,Father,F,Under-7,48,M,50,1
376,56,83,11,Father,S,Above-7,55,M,20,1
377,37,15,12,Mum,F,Above-7,0,M,10,0
378,65,64,12,Mum,F,Above-7,94,M,51,1
379,57,72,9,Mum,F,Under-7,58,M,2,0
380,56,48,12,Father,S,Above-7,44,M,81,1
381,54,65,12,Father,S,Under-7,22,M,83,1
382,5,94,12,Mum,F,Above-7,41,M,96,1
383,25,20,8,Mum,S,Above-7,18,F,10,0
384,59,35,4,Mum,F,Under-7,17,M,74,1
385,66,75,11,Mum,F,Under-7,81,M,30,1
386,70,46,2,Father,S,Above-7,35,M,65,1
387,51,79,10,Mum,F,Above-7,50,M,7,0
388,44,13,4,Mum,S,Under-7,41,F,88,1
389,86,30,2,Mum,S,Under-7,9,F,73,1
390,51,97,2,Father,S,Under-7,91,F,99,1
391,48,46,10,Father,S,Under-7,36,F,97,1
392,37,17,11,Father,F,Under-7,24,M,27,1
393,88,26,5,Father,S,Under-7,42,F,66,1
394,95,96,5,Father,F,Above-7,89,F,19,1
395,13,99,2,Mum,F,Above-7,85,F,4,0
396,53,15,11,Father,F,Above-7,87,F,71,1
397,98,22,2,Mum,F,Under-7,21,F,81,1
398,24,24,11,Mum,S,Under-7,26,F,90,1
399,5,95,8,Father,F,Under-7,36,F,21,1
400,80,99,11,Mum,F,Under-7,25,F,9,1
401,69,3,10,Mum,S,Above-7,15,M,39,0
402,51,19,8,Father,F,Above-7,68,M,65,1
403,80,32,7,Father,F,Above-7,39,F,17,1
404,63,71,2,Mum,S,Above-7,44,M,89,1
405,59,1,6,Mum,F,Above-7,15,M,20,0
406,32,94,4,Father,F,Under-7,31,F,17,1
407,22,96,2,Father,F,Above-7,63,F,73,1
408,21,51,9,Father,S,Above-7,70,F,9,0
409,43,5,4,Father,S,Under-7,2,F,52,1
410,5,36,5,Father,F,Under-7,9,M,30,1
411,91,41,2,Mum,S,Above-7,97,M,76,1
412,66,25,4,Mum,S,Above-7,58,F,90,1
413,69,31,5,Mum,F,Above-7,35,M,92,1
414,29,59,5,Father,F,Under-7,77,M,25,1
415,98,33,10,Mum,F,Above-7,81,F,36,1
416,37,5,5,Mum,F,Under-7,42,F,8,1
417,53,83,5,Mum,F,Under-7,92,F,78,1
418,40,55,5,Mum,F,Under-7,51,M,28,1
419,28,95,9,Mum,S,Above-7,97,M,57,1
420,38,23,6,Mum,S,Under-7,55,M,78,1
421,57,63,4,Mum,F,Under-7,51,M,75,1
422,73,9,10,Father,S,Above-7,91,M,100,1
423,60,19,2,Mum,S,Above-7,97,F,87,1
424,41,23,6,Father,S,Above-7,89,M,39,1
425,25,91,5,Mum,S,Under-7,38,F,82,1
426,82,94,4,Father,S,Under-7,24,M,16,1
427,15,86,6,Mum,F,Above-7,70,F,20,0
428,32,48,9,Father,S,Above-7,86,M,39,1
429,60,49,5,Father,S,Under-7,60,M,16,1
430,52,97,6,Father,S,Above-7,7,M,20,1
431,33,34,7,Father,S,Above-7,71,F,2,0
432,33,84,2,Mum,F,Above-7,60,M,60,1
433,3,94,8,Father,F,Under-7,3,F,89,1
434,3,2,9,Mum,S,Under-7,68,F,60,1
435,88,37,5,Mum,S,Under-7,87,F,98,1
436,85,34,2,Mum,F,Above-7,80,F,67,1
437,38,3,4,Mum,S,Under-7,33,M,11,1
438,80,77,11,Father,S,Under-7,94,M,32,1
439,24,22,8,Mum,S,Above-7,71,M,99,1
440,21,77,5,Father,F,Above-7,66,M,80,1
441,51,23,6,Mum,F,Above-7,22,F,81,1
442,30,33,8,Mum,F,Under-7,88,M,89,1
443,17,31,10,Mum,S,Above-7,36,F,50,1
444,14,7,2,Mum,F,Under-7,69,F,11,1
445,82,85,4,Father,S,Above-7,72,F,69,1
446,98,9,11,Mum,S,Above-7,92,M,98,1
447,30,25,8,Father,F,Under-7,97,M,32,1
448,71,28,11,Father,F,Above-7,4,M,25,1
449,41,64,5,Father,S,Under-7,20,F,57,1
450,44,98,11,Father,F,Under-7,31,F,81,1
451,39,95,4,Father,S,Under-7,19,F,71,1
452,4,14,11,Father,S,Above-7,21,M,79,0
453,26,65,2,Father,F,Above-7,35,M,92,1
454,44,9,12,Father,S,Under-7,74,F,39,1
455,53,4,11,Mum,F,Above-7,87,F,80,1
456,35,46,5,Father,F,Above-7,1,M,4,0
457,9,86,10,Father,F,Above-7,76,M,71,1
458,45,63,12,Father,F,Above-7,30,F,67,1
459,75,45,7,Father,F,Above-7,65,M,57,1
460,4,61,10,Father,F,Under-7,4,F,25,1
461,26,89,12,Father,S,Under-7,26,F,19,1
462,32,88,9,Mum,S,Under-7,17,F,55,1
463,95,4,9,Mum,S,Above-7,91,F,25,1
464,44,40,5,Mum,F,Above-7,4,M,83,1
465,88,26,6,Father,S,Above-7,63,F,9,0
466,52,53,6,Father,F,Above-7,64,F,36,1
467,8,10,12,Father,F,Under-7,22,M,1,0
468,15,66,9,Mum,S,Above-7,0,F,0,0
469,4,74,9,Father,S,Under-7,10,M,70,1
470,69,80,7,Father,F,Under-7,12,M,40,1
471,74,39,7,Father,S,Under-7,71,F,36,1
472,22,68,6,Mum,F,Above-7,92,F,62,1
473,77,16,11,Father,S,Above-7,78,F,86,1
474,32,24,12,Mum,S,Above-7,70,F,74,1
475,21,79,7,Mum,F,Under-7,28,F,100,1
476,87,20,6,Mum,F,Under-7,63,F,16,1
477,95,62,2,Father,S,Above-7,70,M,80,1
478,12,90,4,Father,F,Above-7,44,F,7,0
479,65,14,2,Mum,F,Above-7,0,F,90,1
480,45,8,12,Mum,F,Above-7,16,F,5,0
481,76,63,11,Mum,S,Above-7,54,F,74,1
482,35,97,4,Mum,S,Under-7,88,F,52,1
483,72,7,12,Mum,F,Under-7,17,M,77,1
484,34,72,6,Father,F,Under-7,16,M,61,1
485,57,74,4,Father,S,Above-7,71,M,79,1
486,8,26,7,Mum,F,Under-7,89,M,73,1
487,67,12,2,Mum,S,Above-7,72,F,76,1
488,29,93,8,Mum,F,Under-7,62,M,13,1
489,57,17,10,Father,S,Above-7,85,F,30,1
490,77,20,2,Father,S,Under-7,97,F,80,1
491,29,89,5,Father,S,Above-7,20,M,49,1
492,39,71,12,Mum,F,Above-7,59,M,27,1
493,1,19,12,Mum,F,Above-7,8,F,69,1
494,20,53,11,Father,S,Under-7,81,M,28,1
495,24,30,10,Father,S,Above-7,93,F,95,1
496,32,9,10,Mum,S,Under-7,39,F,14,1
497,44,5,8,Mum,S,Above-7,27,F,15,0
498,73,51,8,Father,S,Under-7,59,F,99,1
499,52,20,5,Mum,F,Under-7,65,M,18,1
500,88,86,7,Mum,F,Under-7,62,F,92,1
501,30,16,4,Mum,F,Under-7,87,M,1,1
502,55,24,4,Mum,S,Under-7,5,M,15,1
503,70,10,7,Father,S,Above-7,8,M,97,0
504,31,29,9,Father,S,Above-7,64,M,27,1
505,24,44,6,Father,S,Above-7,50,M,82,1
506,57,31,5,Father,F,Above-7,70,F,23,1
507,13,40,10,Mum,F,Under-7,27,M,51,1
508,71,61,6,Mum,S,Under-7,18,F,1,1
509,80,80,7,Father,F,Above-7,2,M,97,1
510,77,40,5,Mum,S,Above-7,72,F,16,1
511,95,83,12,Mum,F,Above-7,74,F,8,0
512,34,91,6,Father,S,Above-7,72,M,99,1
513,17,8,10,Father,S,Under-7,90,F,59,1
514,25,86,2,Mum,S,Under-7,41,F,81,1
515,36,8,2,Mum,F,Above-7,11,F,51,1
516,38,44,12,Father,F,Under-7,60,M,65,1
517,58,57,5,Father,F,Above-7,80,F,79,1
518,80,65,12,Father,F,Under-7,14,M,5,0
519,56,73,12,Mum,F,Above-7,27,M,100,1
520,45,74,11,Mum,F,Under-7,12,F,19,1
521,29,39,4,Mum,S,Under-7,58,F,2,1
522,12,88,5,Mum,S,Above-7,87,M,95,1
523,14,43,7,Father,S,Under-7,4,F,32,1
524,6,46,7,Mum,S,Above-7,17,M,20,0
525,5,26,8,Mum,S,Above-7,55,M,27,0
526,74,90,6,Father,F,Above-7,9,M,83,1
527,5,60,10,Father,S,Above-7,98,M,36,1
528,62,33,7,Father,F,Above-7,70,M,83,1
529,66,29,7,Mum,S,Above-7,3,M,35,0
530,35,91,7,Mum,F,Under-7,0,F,86,1
531,34,28,2,Mum,F,Above-7,78,F,88,1
532,49,26,12,Father,F,Above-7,93,M,74,1
533,3,11,5,Mum,S,Under-7,36,M,32,1
534,67,94,9,Mum,S,Above-7,38,F,53,1
535,5,27,4,Father,F,Above-7,41,M,79,1
536,15,96,12,Father,F,Under-7,70,M,75,1
537,85,16,12,Mum,S,Under-7,69,F,66,1
538,15,8,12,Father,S,Above-7,17,M,59,0
539,44,57,8,Mum,F,Above-7,60,F,55,1
540,62,49,4,Mum,S,Above-7,21,F,88,1
541,89,90,11,Father,S,Under-7,90,M,77,1
542,93,97,7,Father,S,Above-7,94,F,9,1
543,4,75,8,Mum,F,Under-7,82,M,28,1
544,69,40,6,Mum,F,Under-7,65,M,71,1
545,7,63,11,Father,S,Under-7,70,F,82,1
546,54,15,2,Mum,S,Under-7,57,M,67,1
547,56,96,12,Mum,F,Above-7,89,F,80,1
548,8,24,5,Mum,S,Above-7,74,M,23,0
549,9,49,4,Father,S,Above-7,24,M,49,0
550,74,83,4,Mum,S,Above-7,82,F,85,1
551,59,36,11,Mum,S,Under-7,80,F,2,1
552,86,44,5,Father,S,Under-7,61,F,40,1
553,59,31,6,Father,S,Under-7,58,F,5,1
554,26,12,9,Father,S,Under-7,69,M,6,0
555,31,61,4,Mum,F,Above-7,58,M,11,0
556,98,34,8,Mum,F,Above-7,34,M,15,1
557,75,57,10,Mum,S,Under-7,69,M,97,1
558,9,5,8,Father,S,Above-7,81,M,6,0
559,58,11,6,Father,S,Above-7,62,M,25,1
560,11,44,11,Mum,S,Under-7,51,F,53,1
561,18,66,5,Mum,F,Above-7,44,M,23,1
562,10,74,7,Mum,F,Above-7,0,M,97,1
563,77,96,2,Father,F,Above-7,13,F,6,0
564,3,61,4,Mum,F,Under-7,55,F,29,1
565,36,80,11,Father,F,Above-7,87,M,89,1
566,1,39,7,Mum,S,Under-7,16,M,21,1
567,12,77,9,Father,F,Under-7,59,F,57,1
568,43,99,2,Father,F,Under-7,39,M,85,1
569,64,59,9,Father,S,Above-7,63,F,90,1
570,0,16,4,Father,S,Above-7,19,M,73,0
571,12,33,9,Father,F,Under-7,52,F,49,1
572,42,44,4,Father,F,Under-7,29,F,61,1
573,64,40,12,Father,F,Under-7,59,M,60,1
574,98,55,10,Mum,F,Above-7,18,M,33,1
575,67,91,11,Mum,F,Under-7,59,M,6,0
576,36,40,2,Mum,S,Above-7,76,F,65,1
577,10,62,4,Mum,F,Under-7,36,M,62,1
578,15,85,10,Mum,F,Above-7,58,F,49,0
579,30,34,4,Mum,S,Above-7,55,M,82,1
580,12,66,12,Father,S,Above-7,82,M,8,0
581,5,39,10,Father,F,Under-7,58,M,99,1
582,24,26,8,Mum,S,Under-7,63,M,18,1
583,50,27,2,Mum,S,Above-7,10,M,78,1
584,76,76,4,Mum,F,Above-7,82,F,96,1
585,43,80,5,Mum,S,Under-7,58,F,80,1
586,44,93,11,Father,F,Under-7,57,F,71,1
587,25,11,8,Father,S,Under-7,64,F,61,1
588,24,20,9,Mum,F,Under-7,50,M,62,1
589,19,29,9,Father,S,Under-7,84,M,59,1
590,30,3,7,Father,S,Above-7,43,F,25,0
591,23,19,12,Father,F,Under-7,59,F,73,1
592,37,4,10,Mum,F,Under-7,8,F,1,0
593,20,34,4,Mum,S,Above-7,2,F,30,1
594,98,10,9,Father,F,Under-7,8,M,4,0
595,24,17,6,Mum,S,Under-7,26,M,25,1
596,93,81,4,Mum,S,Under-7,18,F,27,1
597,41,4,4,Father,S,Under-7,51,F,17,1
598,37,16,11,Mum,S,Under-7,89,M,88,1
599,83,77,9,Father,F,Under-7,90,M,69,1
600,80,41,10,Father,F,Above-7,10,F,12,0
601,77,14,4,Mum,F,Under-7,58,F,21,1
602,21,70,11,Father,S,Under-7,11,M,24,1
603,52,25,12,Father,S,Under-7,34,F,89,1
604,17,79,9,Mum,S,Under-7,69,F,14,1
605,62,82,12,Father,F,Under-7,82,F,98,1
606,3,33,8,Mum,S,Above-7,3,F,28,0
607,45,82,7,Father,F,Above-7,72,F,87,1
608,58,4,8,Mum,S,Above-7,12,M,13,0
609,39,13,12,Mum,F,Under-7,5,F,85,1
610,79,44,10,Mum,F,Above-7,86,F,70,1
611,88,34,4,Father,F,Above-7,43,M,42,1
612,43,84,9,Mum,F,Above-7,21,M,90,1
613,41,14,10,Father,S,Under-7,58,F,59,1
614,54,94,5,Mum,S,Under-7,29,F,0,0
615,91,63,2,Father,S,Under-7,96,F,80,1
616,83,12,11,Father,F,Above-7,35,F,45,1
617,82,99,7,Father,S,Above-7,3,M,80,1
618,13,93,5,Mum,F,Above-7,14,F,100,1
619,71,26,12,Mum,S,Above-7,14,M,70,1
620,75,65,7,Father,S,Under-7,7,M,100,1
621,44,91,8,Father,S,Above-7,8,M,95,1
622,86,33,12,Father,S,Under-7,84,F,28,1
623,19,59,10,Father,S,Above-7,52,F,80,1
624,73,15,7,Mum,F,Above-7,44,F,81,1
625,87,17,10,Father,F,Under-7,21,M,9,0
626,80,65,5,Mum,S,Under-7,4,M,45,1
627,42,89,2,Mum,F,Above-7,63,M,53,1
628,56,82,11,Father,S,Above-7,26,M,88,1
629,82,30,12,Father,F,Under-7,71,F,39,1
630,72,28,10,Mum,F,Above-7,70,F,27,1
631,60,4,10,Mum,S,Above-7,80,M,45,1
632,22,2,8,Father,F,Under-7,65,F,15,1
633,10,55,5,Father,S,Above-7,98,M,62,1
634,65,66,2,Father,F,Above-7,39,M,65,1
635,88,97,12,Father,F,Under-7,84,F,40,1
636,36,44,11,Father,F,Under-7,69,M,72,1
637,5,31,5,Father,S,Above-7,24,F,12,0
638,32,93,10,Mum,S,Under-7,70,F,97,1
639,31,40,8,Father,F,Above-7,41,M,9,0
640,91,28,9,Mum,F,Under-7,2,M,11,1
641,14,31,7,Father,F,Under-7,91,F,67,1
642,75,22,2,Father,F,Above-7,95,F,8,0
643,53,61,6,Mum,S,Above-7,87,F,81,1
644,32,34,7,Mum,S,Under-7,92,M,70,1
645,66,48,11,Father,F,Under-7,92,M,40,1
646,48,66,11,Father,F,Above-7,52,F,12,0
647,87,37,12,Father,F,Above-7,34,F,27,1
648,32,6,11,Mum,F,Above-7,18,M,35,1
649,21,19,11,Mum,F,Above-7,61,F,4,0
650,3,82,2,Mum,S,Under-7,91,F,50,1
651,25,74,11,Mum,F,Above-7,0,M,30,1
652,86,98,6,Mum,F,Above-7,31,F,86,1
653,9,99,6,Mum,S,Under-7,42,M,28,1
654,14,90,8,Father,S,Under-7,10,M,83,1
655,73,2,10,Mum,F,Above-7,83,F,67,1
656,70,36,12,Father,S,Under-7,50,M,20,1
657,53,12,7,Father,F,Above-7,22,M,74,1
658,98,11,4,Mum,F,Under-7,16,F,10,1
659,23,89,2,Mum,S,Above-7,96,M,45,1
660,56,84,12,Father,S,Above-7,26,F,10,0
661,73,2,6,Father,S,Above-7,21,M,51,0
662,3,9,8,Father,S,Above-7,59,F,10,0
663,79,32,12,Father,S,Above-7,74,F,13,0
664,54,10,6,Mum,S,Under-7,16,M,69,1
665,7,59,2,Father,F,Above-7,66,F,25,1
666,39,29,9,Father,S,Above-7,57,F,88,1
667,88,84,5,Father,S,Under-7,31,M,49,1
668,24,68,11,Father,F,Above-7,24,M,55,1
669,91,44,5,Mum,F,Under-7,96,M,27,1
670,1,11,7,Mum,F,Under-7,48,F,6,0
671,8,73,10,Mum,F,Under-7,62,F,100,1
672,26,84,4,Mum,S,Above-7,66,F,3,0
673,87,39,4,Mum,S,Above-7,51,M,57,1
674,56,14,8,Father,F,Above-7,95,M,20,1
675,53,43,4,Father,F,Under-7,21,F,79,1
676,77,55,7,Mum,F,Above-7,4,F,83,1
677,82,44,8,Father,S,Above-7,93,M,11,1
678,65,16,9,Father,S,Above-7,22,F,88,0
679,69,65,7,Father,F,Under-7,52,M,85,1
680,41,38,9,Father,F,Above-7,18,F,39,1
681,49,21,9,Father,F,Under-7,59,M,85,1
682,50,15,5,Mum,S,Above-7,6,M,95,0
683,69,83,9,Mum,S,Under-7,61,F,83,1
684,14,5,6,Mum,F,Under-7,0,M,81,1
685,66,16,6,Father,F,Above-7,59,F,81,1
686,86,69,11,Mum,F,Above-7,99,M,85,1
687,78,68,4,Mum,F,Above-7,25,M,85,1
688,62,32,4,Father,F,Above-7,79,F,9,1
689,82,41,8,Father,S,Above-7,93,M,16,1
690,45,74,8,Father,S,Under-7,95,M,16,1
691,28,32,9,Mum,S,Above-7,89,M,62,1
692,54,98,9,Mum,S,Under-7,50,F,98,1
693,29,59,7,Father,S,Under-7,44,F,83,1
694,67,27,7,Father,F,Under-7,19,F,74,1
695,63,79,4,Father,F,Under-7,68,M,29,1
696,25,94,9,Father,F,Under-7,74,M,35,1
697,30,58,11,Father,F,Under-7,55,F,27,1
698,83,20,10,Father,F,Above-7,42,M,57,1
699,67,99,8,Mum,S,Above-7,80,M,53,1
700,31,80,2,Mum,F,Under-7,91,F,30,1
701,70,93,10,Mum,F,Above-7,62,F,62,1
702,34,74,10,Mum,S,Above-7,0,F,72,1
703,4,40,4,Mum,S,Under-7,80,F,15,1
704,53,75,7,Father,S,Above-7,41,F,9,0
705,19,38,8,Father,F,Under-7,63,F,29,1
706,12,95,9,Mum,F,Above-7,63,M,1,0
707,40,23,9,Father,F,Under-7,2,M,70,1
708,9,76,12,Mum,F,Above-7,39,F,65,1
709,75,64,2,Mum,F,Above-7,76,M,29,1
710,85,48,12,Mum,S,Above-7,28,F,51,1
711,60,55,2,Father,F,Under-7,6,F,72,1
712,66,44,12,Father,S,Above-7,3,M,73,1
713,44,51,12,Mum,F,Under-7,44,F,83,1
714,44,23,6,Father,F,Under-7,96,F,66,1
715,37,14,5,Father,S,Under-7,13,F,11,1
716,59,14,6,Father,S,Under-7,75,F,52,1
717,28,81,6,Mum,S,Under-7,22,M,87,1
718,49,83,6,Mum,S,Above-7,22,M,30,1
719,13,50,12,Mum,S,Under-7,50,M,69,1
720,7,57,11,Father,S,Under-7,9,F,9,1
721,45,24,7,Father,S,Above-7,93,F,92,1
722,50,64,7,Father,S,Above-7,51,F,27,1
723,86,39,12,Father,S,Above-7,90,F,62,1
724,21,32,6,Mum,S,Above-7,78,F,7,0
725,78,75,9,Mum,F,Above-7,29,M,17,1
726,73,70,7,Mum,F,Above-7,17,F,25,1
727,42,20,4,Father,F,Under-7,24,M,90,1
728,20,84,2,Mum,S,Above-7,48,M,85,1
729,63,77,4,Mum,S,Under-7,7,M,1,0
730,89,3,4,Mum,S,Under-7,76,F,20,1
731,70,46,10,Father,F,Above-7,64,M,52,1
732,2,71,12,Father,F,Under-7,77,M,82,1
733,39,91,11,Father,S,Under-7,17,F,60,1
734,18,48,9,Father,F,Under-7,35,M,72,1
735,56,64,10,Father,F,Under-7,78,M,81,1
736,52,55,5,Mum,S,Above-7,7,F,19,1
737,44,96,10,Mum,S,Under-7,0,F,70,1
738,7,3,9,Father,S,Under-7,54,M,69,1
739,67,8,9,Mum,F,Under-7,40,M,81,1
740,44,2,2,Father,F,Under-7,8,M,51,1
741,6,73,7,Father,S,Under-7,68,M,16,1
742,30,27,6,Mum,S,Above-7,80,M,1,0
743,8,98,8,Mum,F,Under-7,9,F,27,1
744,14,88,12,Mum,F,Under-7,2,F,50,1
745,65,22,6,Mum,S,Above-7,3,F,50,0
746,87,9,9,Mum,S,Above-7,51,M,89,1
747,69,22,4,Father,S,Above-7,21,M,23,1
748,85,9,7,Father,S,Above-7,2,F,75,0
749,93,58,5,Father,S,Under-7,83,M,8,1
750,2,61,8,Father,S,Above-7,13,F,25,0
751,63,39,12,Father,F,Under-7,80,M,4,0
752,8,58,10,Father,F,Under-7,90,M,100,1
753,49,19,5,Mum,F,Above-7,92,F,8,1
754,41,21,11,Mum,F,Above-7,40,F,82,1
755,76,16,4,Father,S,Under-7,78,F,35,1
756,2,69,8,Mum,F,Under-7,99,F,76,1
757,80,26,9,Mum,F,Under-7,40,M,98,1
758,85,31,10,Mum,F,Above-7,17,M,22,1
759,71,80,9,Mum,F,Under-7,72,M,72,1
760,52,45,8,Father,S,Under-7,99,M,39,1
761,56,48,6,Father,S,Above-7,38,M,45,1
762,58,31,9,Father,F,Above-7,86,F,84,1
763,74,51,10,Mum,S,Under-7,10,M,61,1
764,40,64,12,Mum,F,Above-7,6,M,45,1
765,95,43,10,Mum,F,Above-7,77,M,1,1
766,33,99,10,Mum,F,Under-7,59,M,52,1
767,83,64,10,Father,S,Under-7,7,F,59,1
768,54,15,12,Father,S,Under-7,84,M,83,1
769,55,22,9,Mum,F,Under-7,16,M,24,1
770,98,30,4,Father,S,Under-7,93,F,71,1
771,23,11,5,Father,S,Under-7,90,M,23,1
772,45,84,8,Mum,F,Under-7,90,F,27,1
773,28,32,11,Father,S,Under-7,4,F,14,1
774,51,95,12,Father,S,Under-7,17,M,66,1
775,15,4,9,Mum,S,Under-7,24,M,3,0
776,66,32,11,Father,F,Under-7,81,M,70,1
777,19,55,12,Father,S,Under-7,97,M,16,1
778,73,25,12,Mum,S,Above-7,71,M,77,1
779,12,2,10,Mum,S,Under-7,86,F,96,1
780,28,76,9,Father,F,Above-7,48,M,95,1
781,36,72,7,Mum,F,Above-7,20,F,49,1
782,23,17,7,Mum,S,Under-7,93,M,32,1
783,80,37,12,Father,F,Above-7,66,M,40,1
784,34,60,10,Father,F,Under-7,68,F,75,1
785,25,80,7,Mum,F,Under-7,88,M,81,1
786,58,71,10,Father,F,Above-7,85,M,45,1
787,88,20,2,Father,S,Under-7,55,M,18,1
788,75,10,2,Mum,F,Under-7,1,F,59,1
789,19,89,11,Father,S,Under-7,79,M,79,1
790,11,96,5,Mum,F,Above-7,33,F,88,1
791,93,4,7,Mum,S,Above-7,64,M,57,1
792,3,37,2,Father,F,Under-7,62,F,27,1
793,78,3,7,Mum,F,Above-7,18,F,32,1
794,42,36,6,Father,S,Under-7,96,F,21,1
795,58,66,6,Mum,S,Under-7,2,F,80,1
796,70,72,12,Father,F,Above-7,82,M,74,1
797,34,21,9,Mum,F,Above-7,10,F,57,1
798,45,4,11,Father,S,Under-7,16,M,99,1
799,82,32,11,Mum,S,Under-7,87,F,70,1
800,10,3,2,Father,S,Under-7,48,M,29,0
801,98,37,9,Father,F,Above-7,61,F,33,1
802,20,34,9,Father,F,Above-7,9,F,55,1
803,80,44,11,Father,S,Under-7,27,M,40,1
804,30,25,7,Mum,F,Under-7,48,F,23,1
805,45,28,6,Mum,F,Above-7,84,F,29,1
806,0,93,11,Mum,F,Above-7,52,F,22,0
807,82,3,6,Mum,S,Under-7,62,F,16,1
808,76,3,5,Mum,F,Above-7,48,M,50,0
809,65,8,8,Father,S,Above-7,5,M,73,0
810,25,37,7,Mum,S,Above-7,17,M,86,1
811,79,34,6,Father,F,Under-7,29,F,3,0
812,43,17,6,Mum,S,Under-7,71,F,75,1
813,1,60,9,Father,F,Above-7,30,M,45,0
814,26,6,4,Mum,S,Under-7,57,F,7,1
815,19,84,7,Mum,S,Under-7,84,M,81,1
816,33,77,11,Father,S,Under-7,27,F,76,1
817,7,23,12,Father,F,Above-7,4,M,95,1
818,2,73,10,Father,F,Under-7,28,F,55,1
819,5,23,7,Mum,S,Above-7,19,F,67,0
820,80,12,12,Father,S,Under-7,78,F,50,1
821,34,6,4,Father,F,Above-7,90,F,28,1
822,67,79,2,Mum,F,Under-7,3,F,40,1
823,78,57,11,Father,F,Above-7,91,F,60,1
824,7,93,11,Father,F,Under-7,72,F,14,1
825,10,61,12,Mum,S,Under-7,29,M,41,1
826,0,88,6,Father,S,Above-7,40,M,2,0
827,26,14,2,Father,F,Under-7,41,F,51,1
828,71,3,12,Mum,F,Above-7,13,M,16,0
829,48,2,5,Mum,S,Above-7,84,F,10,1
830,87,69,11,Father,F,Above-7,41,F,97,1
831,4,66,2,Father,F,Under-7,77,F,69,1
832,55,95,11,Father,S,Under-7,97,M,75,1
833,18,21,7,Mum,S,Above-7,31,F,18,0
834,87,31,12,Father,F,Under-7,61,M,25,1
835,45,86,11,Father,F,Under-7,60,M,14,1
836,35,93,10,Father,F,Under-7,94,F,25,1
837,86,79,10,Father,S,Under-7,50,M,92,1
838,62,88,8,Father,F,Above-7,25,M,59,1
839,11,21,11,Father,S,Under-7,57,F,6,0
840,57,10,11,Mum,F,Above-7,68,F,95,1
841,63,69,8,Father,F,Under-7,21,F,96,1
842,11,95,5,Father,S,Above-7,99,F,66,1
843,89,34,12,Father,S,Above-7,62,M,79,1
844,20,44,11,Father,F,Above-7,65,F,69,1
845,40,91,5,Mum,F,Under-7,68,M,12,1
846,98,73,5,Mum,S,Above-7,95,F,16,1
847,53,35,9,Mum,S,Under-7,54,M,84,1
848,2,70,12,Father,S,Under-7,1,F,4,0
849,54,2,11,Mum,F,Under-7,44,F,81,1
850,56,74,10,Mum,F,Above-7,40,M,6,0
851,38,20,8,Mum,F,Under-7,52,M,49,1
852,44,22,11,Mum,S,Under-7,10,M,28,1
853,9,85,8,Mum,S,Under-7,16,F,29,1
854,87,29,10,Father,S,Above-7,3,F,60,1
855,30,31,5,Mum,S,Under-7,86,F,59,1
856,9,81,2,Mum,S,Under-7,81,F,49,1
857,10,53,9,Mum,F,Above-7,22,M,40,0
858,8,27,10,Father,F,Under-7,63,F,0,0
859,69,69,7,Father,S,Above-7,54,M,49,1
860,87,91,12,Father,F,Under-7,86,M,21,1
861,48,20,10,Mum,F,Above-7,70,M,84,1
862,67,23,4,Mum,F,Under-7,48,F,74,1
863,82,53,5,Father,F,Under-7,61,M,33,1
864,65,8,9,Father,S,Above-7,92,F,20,1
865,10,35,2,Father,F,Under-7,10,M,57,1
866,39,30,10,Father,F,Above-7,7,F,77,1
867,82,16,7,Mum,F,Above-7,42,M,67,1
868,60,3,6,Father,F,Above-7,57,F,16,0
869,60,98,7,Father,F,Above-7,62,F,97,1
870,70,81,7,Mum,F,Under-7,6,M,74,1
871,43,50,12,Mum,F,Above-7,33,F,70,1
872,36,70,6,Mum,F,Under-7,21,M,61,1
873,22,82,8,Father,S,Above-7,55,M,16,1
874,78,19,2,Father,S,Above-7,4,F,92,1
875,22,53,6,Mum,S,Above-7,10,F,30,1
876,50,43,8,Mum,S,Above-7,82,F,4,1
877,77,61,8,Father,S,Above-7,3,M,83,1
878,85,93,6,Mum,S,Above-7,21,F,21,1
879,10,7,9,Mum,F,Under-7,7,M,11,0
880,28,2,4,Father,S,Above-7,88,F,89,1
881,65,98,2,Mum,S,Under-7,33,F,21,1
882,7,79,9,Mum,F,Above-7,22,M,28,0
883,40,8,6,Father,F,Above-7,79,F,100,1
884,93,64,4,Father,S,Above-7,27,F,86,1
885,9,85,9,Father,S,Under-7,16,M,90,1
886,15,68,7,Father,S,Under-7,44,F,27,1
887,76,92,8,Father,F,Under-7,70,F,10,1
888,28,16,7,Mum,F,Under-7,59,F,85,1
889,55,22,9,Mum,F,Under-7,41,F,83,1
890,18,27,7,Mum,S,Under-7,50,F,75,1
891,24,59,7,Mum,S,Above-7,65,F,81,1
892,74,22,11,Mum,S,Above-7,21,M,7,0
893,60,8,4,Mum,F,Under-7,8,F,40,1
894,60,12,7,Father,F,Above-7,13,M,1,0
895,30,82,5,Mum,F,Under-7,38,F,88,1
896,39,33,2,Father,F,Above-7,38,F,95,1
897,51,57,2,Father,S,Above-7,43,F,4,0
898,13,48,11,Father,S,Above-7,74,M,90,1
899,19,9,12,Mum,S,Under-7,64,M,55,1
900,59,34,7,Mum,S,Above-7,41,M,25,1
901,37,25,9,Father,S,Under-7,28,M,11,1
902,46,94,7,Father,F,Above-7,2,M,82,1
903,24,23,6,Father,F,Under-7,66,M,2,0
904,63,61,8,Father,S,Under-7,51,F,98,1
905,30,70,10,Mum,S,Above-7,20,F,86,1
906,17,36,11,Mum,F,Under-7,0,F,71,1
907,89,16,8,Father,F,Above-7,0,F,18,1
908,48,95,11,Mum,S,Under-7,19,F,14,1
909,46,30,6,Mum,S,Above-7,62,F,92,1
910,14,22,12,Father,S,Under-7,77,M,92,1
911,66,65,5,Mum,S,Above-7,8,M,42,1
912,78,82,4,Mum,S,Under-7,2,M,75,1
913,60,53,7,Mum,S,Above-7,13,M,6,0
914,28,11,2,Father,F,Above-7,66,M,0,0
915,20,82,7,Father,F,Above-7,25,F,13,0
916,7,69,6,Father,F,Under-7,17,F,78,1
917,20,8,11,Father,F,Under-7,96,F,33,1
918,12,41,8,Father,S,Above-7,81,M,97,1
919,29,60,10,Father,F,Under-7,80,M,97,1
920,57,86,6,Father,F,Under-7,60,F,41,1
921,12,99,8,Mum,F,Under-7,72,M,33,1
922,64,86,4,Father,S,Under-7,38,M,3,0
923,39,29,11,Mum,S,Above-7,0,M,36,0
924,65,41,12,Mum,S,Under-7,16,F,5,1
925,1,68,2,Father,F,Above-7,30,M,59,0
926,69,28,9,Mum,F,Above-7,78,F,45,1
927,66,74,10,Mum,S,Under-7,34,F,89,1
928,32,37,12,Mum,F,Above-7,62,F,92,1
929,3,75,11,Father,F,Under-7,64,F,98,1
930,26,80,9,Father,F,Above-7,57,F,9,0
931,31,94,5,Mum,F,Under-7,24,M,42,1
932,31,31,6,Mum,F,Under-7,95,M,51,1
933,87,72,7,Father,S,Above-7,13,F,86,1
934,49,55,7,Father,F,Under-7,97,M,100,1
935,25,81,9,Mum,F,Under-7,64,F,40,1
936,18,75,4,Mum,S,Above-7,57,M,30,1
937,30,8,5,Father,S,Above-7,69,F,2,0
938,19,39,6,Father,F,Under-7,11,M,96,1
939,33,69,6,Father,F,Under-7,3,M,80,1
940,54,27,5,Father,S,Above-7,13,M,98,0
941,9,80,6,Father,F,Above-7,22,M,82,1
942,2,94,6,Father,F,Above-7,9,M,60,1
943,70,88,11,Father,S,Above-7,90,M,28,1
944,19,23,2,Father,S,Under-7,7,F,55,1
945,31,70,5,Mum,S,Under-7,31,F,66,1
946,32,58,9,Mum,S,Above-7,52,F,97,1
947,64,72,2,Father,F,Above-7,28,F,28,1
948,28,85,9,Mum,F,Above-7,39,F,78,1
949,17,6,5,Father,F,Above-7,96,F,22,1
950,95,45,5,Mum,S,Above-7,79,M,61,1
951,73,73,9,Mum,S,Under-7,10,M,27,1
952,10,17,8,Father,F,Under-7,96,F,8,1
953,44,65,4,Mum,S,Under-7,40,M,77,1
954,53,62,5,Mum,F,Above-7,86,M,52,1
955,33,44,9,Father,F,Under-7,65,M,65,1
956,10,28,5,Father,F,Above-7,98,F,89,1
957,60,96,7,Father,S,Above-7,31,M,8,0
958,75,45,5,Father,F,Under-7,8,F,65,1
959,0,46,4,Mum,S,Above-7,84,F,36,1
960,36,69,11,Mum,F,Above-7,22,F,4,0
961,89,97,9,Mum,F,Under-7,3,M,79,1
962,18,23,8,Mum,F,Above-7,39,M,62,1
963,14,5,5,Father,S,Under-7,15,M,29,1
964,31,32,11,Father,F,Above-7,10,F,87,1
965,67,92,6,Mum,F,Under-7,27,F,82,1
966,64,5,4,Mum,F,Under-7,18,M,9,1
967,48,86,6,Father,F,Above-7,34,M,17,1
968,50,92,10,Father,S,Under-7,21,F,49,1
969,31,92,6,Father,F,Under-7,75,F,27,1
970,6,20,6,Father,F,Above-7,8,F,14,0
971,19,77,8,Mum,S,Under-7,16,F,0,0
972,85,21,7,Mum,S,Above-7,86,F,18,1
973,18,2,12,Mum,F,Under-7,43,M,25,1
974,86,22,8,Father,F,Under-7,84,M,19,1
975,71,97,10,Father,F,Under-7,0,M,41,1
976,26,3,11,Mum,S,Above-7,51,F,60,1
977,60,39,12,Mum,F,Under-7,97,F,83,1
978,15,36,8,Mum,F,Under-7,39,M,8,0
979,59,75,12,Father,F,Under-7,99,F,30,1
980,24,62,4,Mum,F,Above-7,39,F,73,1
981,44,55,6,Mum,S,Under-7,70,M,3,0
982,43,1,7,Mum,S,Above-7,55,M,8,0
983,89,16,8,Mum,S,Above-7,90,F,24,1
984,52,82,9,Mum,S,Above-7,14,M,4,0
985,75,31,11,Mum,F,Under-7,22,F,42,1
986,60,65,2,Father,F,Under-7,44,M,30,1
987,70,51,10,Father,F,Above-7,48,M,60,1
988,55,72,11,Father,S,Under-7,87,F,87,1
989,30,85,9,Mum,S,Under-7,12,M,75,1
990,32,70,2,Father,S,Above-7,28,F,79,1
991,11,20,11,Mum,F,Under-7,35,F,12,1
992,28,45,5,Mum,S,Above-7,71,F,40,1
993,66,26,8,Father,S,Above-7,11,F,30,0
994,82,98,5,Father,F,Under-7,33,F,2,0
995,80,86,11,Father,S,Under-7,41,M,83,1
996,35,58,12,Father,F,Above-7,63,F,23,1
997,56,55,7,Father,S,Above-7,44,M,60,1
998,53,7,7,Father,F,Above-7,25,F,17,0
999,35,50,12,Mum,S,Under-7,18,F,32,1
0,x>66,30<x<70,7<x<8,Father,F,Above-7,x>90,F,50<x<55,1
1,65<x<66,80<x<97,2<x<4,Mum,S,Under-7,11<x<27,M,2<x<5,0
2,2<x<10,80<x<97,x>8,Father,S,Above-7,62<x<75,F,55<x<80,1
3,11<x<15,30<x<70,x>8,Mum,S,Under-7,62<x<75,M,55<x<80,1
4,32<x<65,30<x<70,6<x<7,Mum,S,Under-7,62<x<75,M,55<x<80,1
5,x>66,80<x<97,x<2,Father,S,Above-7,2<x<11,F,55<x<80,1
6,32<x<65,10<x<21,x>8,Father,F,Above-7,76<x<90,M,23<x<50,1
7,19<x<32,80<x<97,4<x<5,Mum,S,Above-7,76<x<90,F,14<x<20,1
8,32<x<65,10<x<21,6<x<7,Mum,S,Under-7,76<x<90,M,23<x<50,1
9,32<x<65,21<x<30,2<x<4,Father,F,Under-7,35<x<62,F,x>80,1
10,x>66,30<x<70,5<x<6,Mum,S,Under-7,62<x<75,M,50<x<55,1
11,x>66,30<x<70,x>8,Father,S,Above-7,11<x<27,F,23<x<50,1
12,x>66,21<x<30,6<x<7,Father,S,Under-7,76<x<90,F,14<x<20,1
13,19<x<32,x>98,7<x<8,Mum,S,Under-7,2<x<11,F,55<x<80,1
14,x>66,30<x<70,x>8,Father,S,Under-7,76<x<90,F,2<x<5,1
15,x<0,10<x<21,x>8,Father,F,Above-7,76<x<90,F,x<2,0
16,0<x<2,10<x<21,x>8,Father,S,Under-7,11<x<27,M,55<x<80,1
17,32<x<65,80<x<97,x>8,Mum,S,Above-7,35<x<62,M,14<x<20,1
18,x>66,30<x<70,x>8,Mum,F,Above-7,27<x<34,M,10<x<14,0
19,x>66,10<x<21,x>8,Father,F,Above-7,76<x<90,M,5<x<7,1
20,10<x<11,7<x<10,x<2,Mum,S,Above-7,35<x<62,F,x<2,0
21,x>66,70<x<80,x>8,Father,F,Above-7,11<x<27,F,10<x<14,0
22,32<x<65,70<x<80,4<x<5,Father,F,Above-7,x<2,M,23<x<50,1
23,32<x<65,70<x<80,7<x<8,Father,F,Under-7,35<x<62,F,x>80,1
24,19<x<32,80<x<97,6<x<7,Mum,S,Above-7,11<x<27,M,23<x<50,1
25,18<x<19,70<x<80,5<x<6,Father,S,Above-7,27<x<34,M,23<x<50,1
26,18<x<19,21<x<30,7<x<8,Father,F,Under-7,11<x<27,F,23<x<50,1
27,x>66,70<x<80,x>8,Mum,F,Above-7,11<x<27,F,50<x<55,1
28,x>66,7<x<10,4<x<5,Mum,F,Under-7,11<x<27,M,55<x<80,1
29,19<x<32,70<x<80,x>8,Father,F,Under-7,11<x<27,F,55<x<80,1
30,11<x<15,21<x<30,6<x<7,Father,S,Above-7,62<x<75,F,55<x<80,1
31,32<x<65,80<x<97,7<x<8,Mum,F,Above-7,35<x<62,F,x>80,1
32,x>66,30<x<70,7<x<8,Father,F,Above-7,2<x<11,F,14<x<20,1
33,32<x<65,30<x<70,x>8,Mum,F,Above-7,27<x<34,F,10<x<14,0
34,32<x<65,10<x<21,5<x<6,Mum,F,Above-7,75<x<76,M,10<x<14,0
35,x>66,30<x<70,x>8,Mum,S,Above-7,62<x<75,F,20<x<23,1
36,2<x<10,x<5,x>8,Mum,F,Above-7,2<x<11,M,x>80,0
37,32<x<65,70<x<80,5<x<6,Mum,F,Above-7,62<x<75,F,55<x<80,1
38,19<x<32,70<x<80,6<x<7,Mum,S,Above-7,2<x<11,M,10<x<14,0
39,x>66,30<x<70,5<x<6,Mum,F,Under-7,27<x<34,F,x<2,0
40,19<x<32,80<x<97,x>8,Father,F,Under-7,76<x<90,M,x>80,1
41,32<x<65,70<x<80,7<x<8,Father,S,Under-7,62<x<75,F,20<x<23,1
42,18<x<19,80<x<97,2<x<4,Mum,S,Above-7,2<x<11,M,20<x<23,1
43,32<x<65,70<x<80,x>8,Father,F,Above-7,35<x<62,M,55<x<80,1
44,0<x<2,80<x<97,x>8,Mum,S,Above-7,76<x<90,F,23<x<50,1
45,x>66,80<x<97,x>8,Father,F,Above-7,35<x<62,F,2<x<5,0
46,32<x<65,80<x<97,x>8,Father,F,Under-7,x<2,M,23<x<50,1
47,32<x<65,21<x<30,4<x<5,Mum,S,Above-7,11<x<27,F,7<x<10,0
48,18<x<19,70<x<80,7<x<8,Mum,F,Under-7,35<x<62,M,x>80,1
49,32<x<65,80<x<97,x>8,Mum,F,Above-7,76<x<90,M,14<x<20,1
50,x>66,80<x<97,7<x<8,Father,S,Under-7,x>90,M,x<2,0
51,2<x<10,30<x<70,x<2,Mum,F,Above-7,35<x<62,F,x>80,1
52,x>66,x<5,x>8,Father,F,Above-7,11<x<27,M,23<x<50,1
53,x>66,80<x<97,6<x<7,Father,S,Under-7,11<x<27,F,55<x<80,1
54,32<x<65,70<x<80,2<x<4,Father,F,Under-7,35<x<62,M,x>80,1
55,32<x<65,30<x<70,x<2,Father,S,Under-7,35<x<62,F,50<x<55,1
56,32<x<65,21<x<30,6<x<7,Mum,S,Above-7,2<x<11,M,55<x<80,0
57,19<x<32,30<x<70,x>8,Father,F,Under-7,35<x<62,M,14<x<20,1
58,19<x<32,5<x<7,4<x<5,Father,S,Above-7,35<x<62,F,x>80,0
59,32<x<65,70<x<80,x>8,Mum,F,Under-7,11<x<27,F,x>80,1
60,2<x<10,x<5,2<x<4,Mum,F,Above-7,35<x<62,F,x>80,0
61,2<x<10,30<x<70,2<x<4,Father,S,Under-7,11<x<27,F,23<x<50,1
62,2<x<10,30<x<70,7<x<8,Mum,S,Above-7,62<x<75,M,10<x<14,0
63,32<x<65,30<x<70,x>8,Mum,F,Under-7,62<x<75,F,55<x<80,1
64,32<x<65,97<x<98,x>8,Mum,S,Above-7,35<x<62,M,10<x<14,0
65,x>66,80<x<97,x>8,Father,S,Above-7,75<x<76,F,23<x<50,1
66,32<x<65,5<x<7,x>8,Mum,F,Above-7,11<x<27,F,2<x<5,0
67,x>66,30<x<70,5<x<6,Mum,S,Above-7,35<x<62,M,55<x<80,1
68,x>66,30<x<70,x>8,Father,S,Above-7,2<x<11,F,20<x<23,1
69,32<x<65,10<x<21,6<x<7,Mum,F,Under-7,75<x<76,M,55<x<80,1
70,32<x<65,30<x<70,x<2,Father,F,Above-7,x<2,F,2<x<5,0
71,19<x<32,10<x<21,x>8,Mum,F,Above-7,27<x<34,M,55<x<80,1
72,32<x<65,70<x<80,7<x<8,Father,S,Under-7,27<x<34,M,23<x<50,1
73,32<x<65,70<x<80,x>8,Father,S,Under-7,11<x<27,M,23<x<50,1
74,x>66,80<x<97,x>8,Father,F,Under-7,62<x<75,M,55<x<80,1
75,x>66,80<x<97,6<x<7,Mum,F,Above-7,x>90,F,14<x<20,1
76,32<x<65,80<x<97,x<2,Mum,S,Above-7,35<x<62,M,14<x<20,1
77,32<x<65,70<x<80,x>8,Mum,S,Above-7,27<x<34,F,23<x<50,1
78,32<x<65,30<x<70,x>8,Father,S,Above-7,11<x<27,F,23<x<50,1
79,x>66,21<x<30,6<x<7,Father,S,Above-7,62<x<75,M,14<x<20,1
80,15<x<16,97<x<98,x>8,Mum,F,Above-7,27<x<34,F,x>80,1
81,2<x<10,30<x<70,x<2,Mum,S,Under-7,62<x<75,F,2<x<5,1
82,x>66,30<x<70,2<x<4,Mum,F,Under-7,x>90,F,2<x<5,1
83,32<x<65,80<x<97,4<x<5,Father,S,Above-7,2<x<11,M,x>80,1
84,2<x<10,70<x<80,2<x<4,Mum,F,Above-7,76<x<90,M,7<x<10,0
85,x>66,80<x<97,x>8,Father,S,Above-7,62<x<75,F,20<x<23,1
86,19<x<32,21<x<30,5<x<6,Mum,F,Above-7,x>90,F,55<x<80,1
87,11<x<15,5<x<7,x>8,Father,F,Above-7,27<x<34,F,55<x<80,0
88,18<x<19,80<x<97,x>8,Mum,S,Under-7,27<x<34,F,7<x<10,1
89,19<x<32,30<x<70,x>8,Father,F,Above-7,62<x<75,F,55<x<80,1
90,x>66,80<x<97,7<x<8,Father,F,Under-7,62<x<75,M,23<x<50,1
91,11<x<15,21<x<30,6<x<7,Mum,F,Under-7,76<x<90,F,23<x<50,1
92,32<x<65,21<x<30,5<x<6,Father,F,Under-7,76<x<90,M,x>80,1
93,32<x<65,30<x<70,x>8,Father,S,Under-7,2<x<11,F,55<x<80,1
94,32<x<65,10<x<21,x>8,Mum,S,Above-7,76<x<90,F,23<x<50,1
95,2<x<10,30<x<70,x>8,Mum,F,Above-7,11<x<27,M,50<x<55,0
96,65<x<66,30<x<70,4<x<5,Father,S,Under-7,x>90,F,x>80,1
97,32<x<65,30<x<70,7<x<8,Father,F,Under-7,27<x<34,M,50<x<55,1
98,x>66,30<x<70,5<x<6,Mum,F,Above-7,35<x<62,F,x>80,1
99,19<x<32,5<x<7,x>8,Mum,S,Above-7,35<x<62,M,2<x<5,0
100,32<x<65,10<x<21,x<2,Mum,S,Above-7,27<x<34,F,23<x<50,1
101,32<x<65,80<x<97,7<x<8,Father,S,Above-7,11<x<27,M,x>80,1
102,0<x<2,30<x<70,x>8,Father,S,Above-7,11<x<27,M,50<x<55,0
103,19<x<32,70<x<80,x>8,Mum,S,Under-7,76<x<90,F,7<x<10,1
104,x>66,80<x<97,x>8,Father,S,Above-7,35<x<62,M,x>80,1
105,32<x<65,x>98,x>8,Father,F,Above-7,x>90,F,55<x<80,1
106,32<x<65,10<x<21,2<x<4,Mum,F,Under-7,62<x<75,M,x>80,1
107,32<x<65,10<x<21,x>8,Mum,S,Above-7,62<x<75,F,50<x<55,1
108,x>66,30<x<70,x>8,Father,F,Above-7,11<x<27,M,55<x<80,1
109,32<x<65,80<x<97,x>8,Mum,S,Above-7,76<x<90,M,14<x<20,1
110,32<x<65,97<x<98,x>8,Mum,S,Above-7,62<x<75,M,23<x<50,1
111,18<x<19,30<x<70,4<x<5,Father,S,Under-7,62<x<75,M,55<x<80,1
112,15<x<16,30<x<70,x>8,Mum,F,Under-7,27<x<34,M,10<x<14,0
113,32<x<65,80<x<97,x<2,Mum,S,Above-7,76<x<90,F,50<x<55,1
114,32<x<65,30<x<70,x>8,Mum,F,Above-7,76<x<90,F,14<x<20,1
115,32<x<65,70<x<80,x>8,Father,F,Above-7,11<x<27,M,55<x<80,1
116,11<x<15,30<x<70,2<x<4,Mum,F,Above-7,76<x<90,F,55<x<80,1
117,32<x<65,30<x<70,x>8,Mum,F,Under-7,x>90,M,x>80,1
118,2<x<10,70<x<80,4<x<5,Mum,F,Above-7,35<x<62,M,x>80,1
119,0<x<2,7<x<10,x>8,Father,S,Above-7,11<x<27,M,23<x<50,0
120,32<x<65,30<x<70,x<2,Mum,F,Above-7,35<x<62,M,23<x<50,1
121,32<x<65,30<x<70,x<2,Father,S,Under-7,76<x<90,F,55<x<80,1
122,19<x<32,30<x<70,x<2,Mum,F,Above-7,11<x<27,F,55<x<80,1
123,x>66,10<x<21,x>8,Mum,S,Above-7,62<x<75,M,x>80,1
124,32<x<65,10<x<21,x>8,Father,S,Above-7,35<x<62,M,x>80,1
125,x>66,70<x<80,4<x<5,Mum,S,Under-7,35<x<62,F,55<x<80,1
126,32<x<65,80<x<97,6<x<7,Father,F,Under-7,x>90,M,14<x<20,1
127,x>66,21<x<30,x>8,Mum,F,Above-7,2<x<11,M,x<2,0
128,19<x<32,80<x<97,x>8,Mum,F,Under-7,76<x<90,F,23<x<50,1
129,x>66,30<x<70,x>8,Father,S,Under-7,62<x<75,F,50<x<55,1
130,32<x<65,21<x<30,x>8,Mum,F,Above-7,2<x<11,F,7<x<10,0
131,2<x<10,10<x<21,x>8,Mum,F,Under-7,x>90,F,50<x<55,1
132,x>66,21<x<30,x>8,Father,S,Under-7,x<2,F,x>80,1
133,x>66,30<x<70,4<x<5,Father,S,Above-7,11<x<27,F,20<x<23,1
134,32<x<65,30<x<70,x<2,Father,F,Above-7,35<x<62,M,x<2,0
135,19<x<32,x<5,x>8,Mum,F,Above-7,34<x<35,F,10<x<14,1
136,10<x<11,30<x<70,6<x<7,Mum,F,Under-7,35<x<62,M,23<x<50,1
137,19<x<32,70<x<80,x>8,Father,S,Under-7,x>90,F,x>80,1
138,32<x<65,30<x<70,7<x<8,Father,S,Above-7,62<x<75,M,20<x<23,1
139,19<x<32,5<x<7,5<x<6,Mum,F,Under-7,2<x<11,F,x>80,1
140,19<x<32,80<x<97,2<x<4,Father,F,Under-7,x>90,M,x>80,1
141,32<x<65,30<x<70,5<x<6,Mum,F,Above-7,34<x<35,F,55<x<80,1
142,32<x<65,7<x<10,x>8,Father,F,Under-7,35<x<62,M,23<x<50,1
143,16<x<18,21<x<30,2<x<4,Father,F,Above-7,35<x<62,F,55<x<80,1
144,32<x<65,97<x<98,2<x<4,Father,S,Above-7,35<x<62,F,x>80,1
145,19<x<32,x<5,x>8,Mum,S,Under-7,34<x<35,F,50<x<55,1
146,32<x<65,30<x<70,5<x<6,Mum,F,Above-7,2<x<11,F,55<x<80,1
147,32<x<65,80<x<97,x>8,Mum,S,Under-7,x<2,F,x>80,1
148,32<x<65,30<x<70,x>8,Father,F,Under-7,x>90,F,20<x<23,1
149,32<x<65,30<x<70,2<x<4,Mum,S,Under-7,2<x<11,F,20<x<23,1
150,10<x<11,30<x<70,7<x<8,Father,F,Above-7,62<x<75,M,x>80,1
151,x>66,10<x<21,x>8,Father,F,Above-7,x>90,M,23<x<50,1
152,19<x<32,30<x<70,x<2,Father,F,Above-7,x>90,F,55<x<80,1
153,32<x<65,30<x<70,x>8,Father,F,Under-7,76<x<90,F,23<x<50,1
154,x>66,30<x<70,x>8,Mum,F,Under-7,62<x<75,M,55<x<80,1
155,32<x<65,30<x<70,x>8,Father,S,Under-7,35<x<62,M,x>80,1
156,x>66,30<x<70,x>8,Father,F,Above-7,76<x<90,F,x>80,1
157,x>66,10<x<21,4<x<5,Father,S,Above-7,62<x<75,F,50<x<55,1
158,11<x<15,10<x<21,x>8,Mum,F,Above-7,2<x<11,F,x>80,1
159,32<x<65,30<x<70,x>8,Mum,F,Under-7,76<x<90,M,14<x<20,1
160,x>66,80<x<97,4<x<5,Father,S,Above-7,62<x<75,M,55<x<80,1
161,32<x<65,30<x<70,x>8,Father,F,Above-7,62<x<75,F,20<x<23,1
162,32<x<65,10<x<21,6<x<7,Mum,F,Above-7,2<x<11,F,x>80,1
163,x>66,70<x<80,2<x<4,Father,S,Under-7,76<x<90,M,14<x<20,1
164,32<x<65,10<x<21,x>8,Mum,F,Above-7,76<x<90,F,x>80,1
165,32<x<65,10<x<21,7<x<8,Father,S,Above-7,2<x<11,F,x>80,0
166,x>66,30<x<70,x>8,Father,F,Under-7,11<x<27,F,23<x<50,1
167,11<x<15,10<x<21,5<x<6,Father,F,Above-7,76<x<90,M,23<x<50,1
168,32<x<65,10<x<21,4<x<5,Mum,F,Under-7,62<x<75,M,23<x<50,1
169,19<x<32,21<x<30,x>8,Mum,F,Above-7,76<x<90,F,10<x<14,1
170,11<x<15,21<x<30,6<x<7,Father,S,Above-7,76<x<90,F,2<x<5,0
171,x>66,30<x<70,x>8,Mum,S,Above-7,27<x<34,M,23<x<50,1
172,32<x<65,21<x<30,4<x<5,Mum,S,Under-7,2<x<11,F,2<x<5,1
173,19<x<32,30<x<70,x<2,Father,S,Under-7,62<x<75,M,23<x<50,1
174,11<x<15,30<x<70,x>8,Mum,S,Above-7,11<x<27,F,23<x<50,0
175,11<x<15,x<5,5<x<6,Mum,S,Above-7,76<x<90,F,55<x<80,1
176,x>66,10<x<21,2<x<4,Father,S,Under-7,x>90,F,55<x<80,1
177,19<x<32,7<x<10,7<x<8,Father,S,Above-7,11<x<27,F,55<x<80,0
178,19<x<32,5<x<7,x>8,Father,F,Above-7,11<x<27,M,14<x<20,0
179,x>66,21<x<30,6<x<7,Father,F,Under-7,27<x<34,M,55<x<80,1
180,x>66,30<x<70,4<x<5,Father,S,Under-7,35<x<62,F,23<x<50,1
181,32<x<65,80<x<97,6<x<7,Father,S,Above-7,62<x<75,F,23<x<50,1
182,32<x<65,10<x<21,x>8,Father,S,Above-7,x>90,M,14<x<20,1
183,2<x<10,10<x<21,4<x<5,Father,F,Above-7,27<x<34,F,23<x<50,0
184,32<x<65,30<x<70,6<x<7,Father,S,Under-7,76<x<90,M,55<x<80,1
185,32<x<65,x>98,4<x<5,Father,F,Above-7,x>90,M,23<x<50,1
186,32<x<65,30<x<70,7<x<8,Mum,S,Above-7,76<x<90,F,20<x<23,1
187,32<x<65,80<x<97,2<x<4,Father,S,Above-7,11<x<27,M,23<x<50,1
188,x>66,x<5,x<2,Mum,F,Under-7,76<x<90,F,7<x<10,1
189,32<x<65,21<x<30,7<x<8,Mum,S,Above-7,76<x<90,F,50<x<55,1
190,32<x<65,70<x<80,4<x<5,Father,F,Above-7,11<x<27,F,55<x<80,1
191,32<x<65,30<x<70,2<x<4,Mum,S,Above-7,76<x<90,F,2<x<5,1
192,32<x<65,30<x<70,7<x<8,Father,S,Above-7,35<x<62,F,5<x<7,0
193,32<x<65,30<x<70,x>8,Father,F,Under-7,62<x<75,F,5<x<7,1
194,x>66,30<x<70,6<x<7,Father,S,Above-7,11<x<27,F,14<x<20,1
195,32<x<65,30<x<70,4<x<5,Father,F,Under-7,2<x<11,M,23<x<50,1
196,x>66,10<x<21,5<x<6,Father,S,Under-7,62<x<75,F,14<x<20,1
197,32<x<65,97<x<98,x>8,Father,F,Above-7,11<x<27,M,x>80,1
198,19<x<32,30<x<70,7<x<8,Mum,F,Under-7,2<x<11,M,10<x<14,0
199,19<x<32,80<x<97,5<x<6,Father,F,Above-7,11<x<27,F,23<x<50,1
200,2<x<10,30<x<70,x>8,Father,F,Above-7,35<x<62,F,14<x<20,0
201,32<x<65,21<x<30,4<x<5,Mum,F,Under-7,35<x<62,F,55<x<80,1
202,2<x<10,70<x<80,x>8,Mum,F,Above-7,2<x<11,M,14<x<20,0
203,x>66,30<x<70,x>8,Father,F,Above-7,x>90,M,5<x<7,1
204,11<x<15,x<5,7<x<8,Father,S,Under-7,x>90,M,55<x<80,1
205,x>66,30<x<70,x>8,Father,S,Above-7,x>90,F,x>80,1
206,2<x<10,30<x<70,6<x<7,Mum,S,Under-7,35<x<62,F,x>80,1
207,32<x<65,30<x<70,4<x<5,Father,F,Above-7,11<x<27,F,20<x<23,1
208,x>66,30<x<70,x>8,Mum,S,Under-7,2<x<11,M,23<x<50,1
209,32<x<65,21<x<30,x>8,Father,S,Above-7,2<x<11,M,55<x<80,0
210,x>66,80<x<97,x>8,Mum,S,Under-7,62<x<75,F,20<x<23,1
211,32<x<65,70<x<80,6<x<7,Father,S,Above-7,62<x<75,M,55<x<80,1
212,32<x<65,10<x<21,6<x<7,Father,F,Above-7,11<x<27,F,55<x<80,1
213,x>66,21<x<30,x>8,Mum,S,Above-7,11<x<27,M,x>80,1
214,32<x<65,10<x<21,x>8,Father,S,Above-7,62<x<75,M,x>80,1
215,2<x<10,30<x<70,6<x<7,Father,S,Above-7,2<x<11,M,55<x<80,0
216,2<x<10,30<x<70,4<x<5,Father,S,Above-7,35<x<62,M,7<x<10,0
217,19<x<32,x<5,6<x<7,Mum,F,Above-7,62<x<75,F,x>80,1
218,11<x<15,21<x<30,6<x<7,Father,F,Under-7,35<x<62,F,55<x<80,1
219,32<x<65,30<x<70,x>8,Mum,F,Above-7,76<x<90,M,50<x<55,1
220,0<x<2,80<x<97,2<x<4,Mum,S,Under-7,27<x<34,F,2<x<5,0
221,19<x<32,30<x<70,2<x<4,Mum,S,Under-7,x>90,M,55<x<80,1
222,x>66,21<x<30,2<x<4,Father,S,Under-7,x<2,M,55<x<80,1
223,32<x<65,30<x<70,5<x<6,Father,S,Under-7,x>90,M,55<x<80,1
224,10<x<11,21<x<30,x<2,Father,F,Above-7,11<x<27,M,55<x<80,1
225,65<x<66,30<x<70,6<x<7,Mum,S,Above-7,76<x<90,F,55<x<80,1
226,2<x<10,70<x<80,4<x<5,Mum,S,Above-7,11<x<27,F,x>80,0
227,x>66,30<x<70,x>8,Father,S,Above-7,35<x<62,F,10<x<14,0
228,2<x<10,30<x<70,x>8,Mum,F,Above-7,x<2,F,14<x<20,0
229,32<x<65,10<x<21,x<2,Mum,F,Under-7,76<x<90,M,14<x<20,1
230,x>66,80<x<97,x>8,Mum,F,Under-7,34<x<35,M,x>80,1
231,x>66,10<x<21,5<x<6,Mum,F,Under-7,x>90,M,x>80,1
232,32<x<65,21<x<30,x>8,Mum,S,Under-7,35<x<62,M,23<x<50,1
233,32<x<65,5<x<7,6<x<7,Mum,S,Above-7,62<x<75,M,14<x<20,0
234,x>66,x<5,x<2,Mum,S,Under-7,27<x<34,F,23<x<50,1
235,x>66,x<5,6<x<7,Mum,S,Under-7,62<x<75,M,2<x<5,0
236,2<x<10,30<x<70,7<x<8,Father,F,Above-7,27<x<34,F,x>80,1
237,x<0,10<x<21,7<x<8,Mum,S,Above-7,11<x<27,M,23<x<50,0
238,2<x<10,80<x<97,2<x<4,Mum,S,Above-7,76<x<90,F,50<x<55,1
239,x>66,80<x<97,4<x<5,Father,S,Under-7,76<x<90,M,23<x<50,1
240,x>66,10<x<21,4<x<5,Father,S,Above-7,62<x<75,M,14<x<20,1
241,32<x<65,x<5,x>8,Father,S,Under-7,2<x<11,F,23<x<50,1
242,65<x<66,x<5,2<x<4,Father,S,Above-7,2<x<11,F,x>80,0
243,x>66,70<x<80,6<x<7,Mum,S,Above-7,35<x<62,M,23<x<50,1
244,0<x<2,x<5,6<x<7,Mum,F,Under-7,76<x<90,F,23<x<50,1
245,x>66,70<x<80,x>8,Mum,F,Under-7,11<x<27,F,50<x<55,1
246,x>66,70<x<80,7<x<8,Mum,F,Under-7,62<x<75,F,55<x<80,1
247,2<x<10,80<x<97,x>8,Mum,F,Under-7,2<x<11,M,23<x<50,1
248,32<x<65,70<x<80,x<2,Father,F,Above-7,11<x<27,F,55<x<80,1
249,11<x<15,30<x<70,x>8,Mum,F,Under-7,35<x<62,F,x>80,1
250,32<x<65,21<x<30,6<x<7,Father,S,Under-7,27<x<34,M,23<x<50,1
251,2<x<10,30<x<70,x>8,Father,S,Above-7,76<x<90,F,x>80,1
252,19<x<32,30<x<70,7<x<8,Father,S,Above-7,2<x<11,M,55<x<80,1
253,32<x<65,5<x<7,2<x<4,Father,F,Above-7,2<x<11,M,x>80,0
254,x>66,30<x<70,x>8,Father,S,Above-7,11<x<27,M,23<x<50,1
255,2<x<10,30<x<70,4<x<5,Mum,S,Above-7,27<x<34,F,55<x<80,0
256,x>66,10<x<21,6<x<7,Father,F,Above-7,27<x<34,F,23<x<50,1
257,32<x<65,10<x<21,2<x<4,Father,S,Above-7,x>90,M,55<x<80,1
258,x>66,80<x<97,x>8,Mum,S,Under-7,76<x<90,F,5<x<7,1
259,x>66,30<x<70,x>8,Father,S,Under-7,35<x<62,F,x>80,1
260,x>66,30<x<70,x>8,Mum,F,Under-7,35<x<62,F,10<x<14,1
261,2<x<10,10<x<21,2<x<4,Father,F,Above-7,x>90,F,23<x<50,1
262,32<x<65,80<x<97,5<x<6,Mum,S,Above-7,35<x<62,M,14<x<20,1
263,32<x<65,30<x<70,5<x<6,Mum,F,Under-7,35<x<62,M,23<x<50,1
264,32<x<65,30<x<70,x>8,Mum,F,Above-7,76<x<90,F,23<x<50,1
265,32<x<65,70<x<80,7<x<8,Father,S,Under-7,35<x<62,M,x>80,1
266,11<x<15,70<x<80,x<2,Father,S,Under-7,x>90,M,23<x<50,1
267,x>66,30<x<70,4<x<5,Father,S,Under-7,76<x<90,M,55<x<80,1
268,32<x<65,70<x<80,4<x<5,Mum,F,Above-7,62<x<75,M,x<2,0
269,16<x<18,80<x<97,x<2,Mum,S,Under-7,76<x<90,M,23<x<50,1
270,32<x<65,80<x<97,x>8,Father,F,Under-7,27<x<34,F,23<x<50,1
271,19<x<32,21<x<30,7<x<8,Father,F,Above-7,2<x<11,F,x<2,0
272,11<x<15,21<x<30,x>8,Father,F,Under-7,x>90,F,23<x<50,1
273,32<x<65,70<x<80,x>8,Father,S,Above-7,62<x<75,M,23<x<50,1
274,32<x<65,30<x<70,x>8,Father,S,Under-7,35<x<62,M,23<x<50,1
275,2<x<10,30<x<70,x>8,Mum,S,Above-7,27<x<34,M,23<x<50,0
276,32<x<65,10<x<21,x>8,Mum,S,Above-7,75<x<76,M,55<x<80,1
277,19<x<32,70<x<80,x>8,Father,F,Under-7,11<x<27,F,50<x<55,1
278,32<x<65,30<x<70,7<x<8,Mum,S,Above-7,11<x<27,M,55<x<80,1
279,65<x<66,10<x<21,5<x<6,Mum,S,Above-7,35<x<62,F,2<x<5,0
280,0<x<2,30<x<70,x>8,Mum,S,Under-7,x<2,M,55<x<80,1
281,x>66,21<x<30,x>8,Father,F,Under-7,11<x<27,F,x>80,1
282,18<x<19,10<x<21,5<x<6,Father,S,Above-7,x>90,F,55<x<80,1
283,0<x<2,30<x<70,x<2,Father,F,Above-7,35<x<62,F,20<x<23,0
284,10<x<11,30<x<70,x>8,Father,S,Under-7,76<x<90,F,10<x<14,1
285,16<x<18,21<x<30,7<x<8,Mum,S,Under-7,11<x<27,M,55<x<80,1
286,19<x<32,30<x<70,4<x<5,Mum,F,Under-7,x<2,M,x>80,1
287,32<x<65,7<x<10,x<2,Mum,F,Under-7,35<x<62,M,x>80,1
288,x>66,10<x<21,2<x<4,Mum,F,Above-7,2<x<11,F,23<x<50,1
289,32<x<65,30<x<70,7<x<8,Mum,F,Under-7,2<x<11,M,x<2,0
290,19<x<32,80<x<97,5<x<6,Father,F,Above-7,76<x<90,M,23<x<50,1
291,x>66,21<x<30,7<x<8,Father,F,Above-7,35<x<62,F,23<x<50,1
292,x>66,80<x<97,5<x<6,Mum,S,Under-7,x>90,F,10<x<14,1
293,x>66,80<x<97,6<x<7,Father,S,Under-7,x>90,M,23<x<50,1
294,32<x<65,70<x<80,x<2,Father,F,Above-7,62<x<75,F,55<x<80,1
295,10<x<11,30<x<70,6<x<7,Mum,F,Under-7,76<x<90,M,2<x<5,0
296,32<x<65,80<x<97,4<x<5,Mum,F,Under-7,2<x<11,M,x>80,1
297,x>66,30<x<70,x>8,Father,F,Under-7,35<x<62,M,55<x<80,1
298,x>66,21<x<30,6<x<7,Father,F,Under-7,34<x<35,F,23<x<50,1
299,11<x<15,30<x<70,7<x<8,Father,S,Above-7,x>90,F,x>80,1
300,x>66,30<x<70,x>8,Mum,S,Under-7,x<2,M,x>80,1
301,19<x<32,30<x<70,4<x<5,Mum,S,Above-7,11<x<27,F,20<x<23,1
302,19<x<32,30<x<70,x>8,Father,F,Under-7,35<x<62,M,x<2,0
303,32<x<65,30<x<70,2<x<4,Father,F,Under-7,11<x<27,M,x>80,1
304,x>66,x>98,x>8,Mum,F,Above-7,76<x<90,M,10<x<14,1
305,32<x<65,30<x<70,5<x<6,Father,S,Above-7,11<x<27,M,55<x<80,1
306,32<x<65,30<x<70,x<2,Mum,S,Above-7,2<x<11,F,55<x<80,1
307,19<x<32,30<x<70,x>8,Mum,F,Above-7,76<x<90,M,x>80,1
308,2<x<10,80<x<97,x>8,Mum,S,Under-7,11<x<27,F,x>80,1
309,16<x<18,70<x<80,x>8,Father,S,Under-7,76<x<90,F,23<x<50,1
310,19<x<32,30<x<70,2<x<4,Father,F,Above-7,x>90,M,55<x<80,1
311,x>66,70<x<80,4<x<5,Father,F,Under-7,11<x<27,F,23<x<50,1
312,x>66,97<x<98,5<x<6,Father,S,Under-7,35<x<62,F,7<x<10,1
313,19<x<32,10<x<21,6<x<7,Father,S,Above-7,x<2,F,14<x<20,0
314,19<x<32,30<x<70,4<x<5,Mum,F,Above-7,2<x<11,F,23<x<50,1
315,32<x<65,70<x<80,x>8,Father,S,Under-7,x>90,M,x>80,1
316,x>66,7<x<10,7<x<8,Mum,S,Above-7,2<x<11,M,55<x<80,0
317,19<x<32,30<x<70,6<x<7,Mum,F,Under-7,62<x<75,F,2<x<5,1
318,11<x<15,30<x<70,5<x<6,Father,F,Above-7,76<x<90,M,x>80,1
319,32<x<65,97<x<98,x<2,Mum,S,Above-7,27<x<34,M,10<x<14,0
320,11<x<15,10<x<21,6<x<7,Father,F,Under-7,27<x<34,F,55<x<80,1
321,x>66,x<5,x>8,Father,F,Under-7,27<x<34,M,14<x<20,1
322,32<x<65,80<x<97,x>8,Mum,F,Under-7,x>90,F,55<x<80,1
323,16<x<18,10<x<21,4<x<5,Father,S,Under-7,11<x<27,M,55<x<80,1
324,2<x<10,10<x<21,6<x<7,Mum,S,Under-7,62<x<75,F,55<x<80,1
325,32<x<65,30<x<70,5<x<6,Father,S,Above-7,2<x<11,M,50<x<55,1
326,32<x<65,30<x<70,x>8,Father,S,Under-7,35<x<62,F,14<x<20,1
327,32<x<65,30<x<70,x>8,Mum,S,Above-7,62<x<75,M,14<x<20,1
328,0<x<2,80<x<97,x>8,Father,F,Above-7,76<x<90,F,20<x<23,1
329,32<x<65,70<x<80,x>8,Mum,F,Under-7,27<x<34,F,23<x<50,1
330,15<x<16,x<5,5<x<6,Father,S,Under-7,x<2,F,7<x<10,0
331,19<x<32,5<x<7,x>8,Father,S,Above-7,11<x<27,M,23<x<50,0
332,32<x<65,80<x<97,x>8,Father,F,Under-7,35<x<62,M,23<x<50,1
333,32<x<65,70<x<80,x>8,Father,F,Under-7,x>90,F,50<x<55,1
334,19<x<32,30<x<70,5<x<6,Father,S,Under-7,62<x<75,M,2<x<5,0
335,11<x<15,30<x<70,x>8,Mum,S,Above-7,11<x<27,M,14<x<20,0
336,x>66,5<x<7,x>8,Mum,F,Above-7,11<x<27,F,14<x<20,0
337,32<x<65,80<x<97,x>8,Father,F,Above-7,x>90,F,50<x<55,1
338,16<x<18,80<x<97,7<x<8,Father,S,Above-7,62<x<75,M,55<x<80,1
339,32<x<65,30<x<70,2<x<4,Mum,F,Under-7,62<x<75,F,55<x<80,1
340,11<x<15,21<x<30,6<x<7,Mum,F,Under-7,27<x<34,F,23<x<50,1
341,32<x<65,30<x<70,6<x<7,Father,S,Above-7,35<x<62,F,x>80,1
342,32<x<65,7<x<10,x>8,Mum,F,Under-7,62<x<75,F,50<x<55,1
343,32<x<65,80<x<97,7<x<8,Mum,F,Above-7,2<x<11,F,x>80,1
344,x>66,21<x<30,5<x<6,Mum,S,Above-7,62<x<75,M,x>80,1
345,0<x<2,70<x<80,7<x<8,Mum,F,Above-7,x>90,F,23<x<50,1
346,32<x<65,30<x<70,x>8,Mum,S,Above-7,35<x<62,M,23<x<50,1
347,32<x<65,80<x<97,x<2,Mum,S,Under-7,62<x<75,M,5<x<7,0
348,2<x<10,80<x<97,x>8,Mum,S,Under-7,x>90,M,x>80,1
349,11<x<15,30<x<70,7<x<8,Father,F,Under-7,11<x<27,M,55<x<80,1
350,2<x<10,10<x<21,4<x<5,Mum,S,Under-7,x>90,F,55<x<80,1
351,19<x<32,30<x<70,x>8,Father,S,Under-7,76<x<90,M,2<x<5,0
352,19<x<32,x<5,x>8,Mum,S,Under-7,27<x<34,M,x<2,0
353,x>66,80<x<97,x>8,Father,S,Under-7,2<x<11,M,14<x<20,1
354,18<x<19,80<x<97,x>8,Father,F,Above-7,11<x<27,M,23<x<50,1
355,19<x<32,70<x<80,x>8,Father,F,Above-7,35<x<62,F,x>80,1
356,2<x<10,10<x<21,x>8,Mum,S,Under-7,76<x<90,M,55<x<80,1
357,32<x<65,80<x<97,x>8,Mum,S,Above-7,11<x<27,M,50<x<55,1
358,32<x<65,7<x<10,x>8,Father,S,Under-7,2<x<11,M,x<2,0
359,19<x<32,21<x<30,x>8,Father,S,Above-7,11<x<27,F,x>80,0
360,x>66,70<x<80,x<2,Father,F,Above-7,11<x<27,F,20<x<23,1
361,0<x<2,x<5,2<x<4,Mum,S,Under-7,11<x<27,M,50<x<55,1
362,19<x<32,30<x<70,6<x<7,Father,S,Under-7,62<x<75,F,23<x<50,1
363,11<x<15,30<x<70,x>8,Father,F,Under-7,11<x<27,F,55<x<80,1
364,32<x<65,80<x<97,x>8,Father,F,Above-7,11<x<27,M,x<2,0
365,19<x<32,21<x<30,2<x<4,Father,F,Under-7,76<x<90,M,20<x<23,1
366,x>66,30<x<70,5<x<6,Father,S,Above-7,11<x<27,F,10<x<14,0
367,0<x<2,10<x<21,x>8,Mum,S,Under-7,11<x<27,F,7<x<10,1
368,x>66,21<x<30,x<2,Father,F,Under-7,11<x<27,M,23<x<50,1
369,32<x<65,x<5,4<x<5,Mum,S,Under-7,11<x<27,M,x>80,1
370,x>66,30<x<70,x>8,Father,F,Under-7,35<x<62,M,20<x<23,1
371,x>66,x<5,x>8,Father,F,Under-7,27<x<34,F,7<x<10,0
372,2<x<10,30<x<70,x>8,Father,S,Above-7,x<2,F,x>80,0
373,2<x<10,21<x<30,x>8,Father,F,Under-7,11<x<27,F,x<2,0
374,x>66,80<x<97,5<x<6,Mum,F,Above-7,x<2,F,10<x<14,0
375,x>66,80<x<97,x>8,Father,F,Under-7,35<x<62,M,23<x<50,1
376,32<x<65,80<x<97,x>8,Father,S,Above-7,35<x<62,M,14<x<20,1
377,32<x<65,10<x<21,x>8,Mum,F,Above-7,x<2,M,7<x<10,0
378,32<x<65,30<x<70,x>8,Mum,F,Above-7,x>90,M,50<x<55,1
379,32<x<65,70<x<80,x>8,Mum,F,Under-7,35<x<62,M,x<2,0
380,32<x<65,30<x<70,x>8,Father,S,Above-7,35<x<62,M,x>80,1
381,32<x<65,30<x<70,x>8,Father,S,Under-7,11<x<27,M,x>80,1
382,2<x<10,80<x<97,x>8,Mum,F,Above-7,35<x<62,M,x>80,1
383,19<x<32,10<x<21,7<x<8,Mum,S,Above-7,11<x<27,F,7<x<10,0
384,32<x<65,30<x<70,2<x<4,Mum,F,Under-7,11<x<27,M,55<x<80,1
385,65<x<66,70<x<80,x>8,Mum,F,Under-7,76<x<90,M,23<x<50,1
386,x>66,30<x<70,x<2,Father,S,Above-7,34<x<35,M,55<x<80,1
387,32<x<65,70<x<80,x>8,Mum,F,Above-7,35<x<62,M,5<x<7,0
388,32<x<65,10<x<21,2<x<4,Mum,S,Under-7,35<x<62,F,x>80,1
389,x>66,21<x<30,x<2,Mum,S,Under-7,2<x<11,F,55<x<80,1
390,32<x<65,80<x<97,x<2,Father,S,Under-7,x>90,F,x>80,1
391,32<x<65,30<x<70,x>8,Father,S,Under-7,35<x<62,F,x>80,1
392,32<x<65,10<x<21,x>8,Father,F,Under-7,11<x<27,M,23<x<50,1
393,x>66,21<x<30,4<x<5,Father,S,Under-7,35<x<62,F,55<x<80,1
394,x>66,80<x<97,4<x<5,Father,F,Above-7,76<x<90,F,14<x<20,1
395,11<x<15,x>98,x<2,Mum,F,Above-7,76<x<90,F,2<x<5,0
396,32<x<65,10<x<21,x>8,Father,F,Above-7,76<x<90,F,55<x<80,1
397,x>66,21<x<30,x<2,Mum,F,Under-7,11<x<27,F,x>80,1
398,19<x<32,21<x<30,x>8,Mum,S,Under-7,11<x<27,F,x>80,1
399,2<x<10,80<x<97,7<x<8,Father,F,Under-7,35<x<62,F,20<x<23,1
400,x>66,x>98,x>8,Mum,F,Under-7,11<x<27,F,7<x<10,1
401,x>66,x<5,x>8,Mum,S,Above-7,11<x<27,M,23<x<50,0
402,32<x<65,10<x<21,7<x<8,Father,F,Above-7,62<x<75,M,55<x<80,1
403,x>66,30<x<70,6<x<7,Father,F,Above-7,35<x<62,F,14<x<20,1
404,32<x<65,70<x<80,x<2,Mum,S,Above-7,35<x<62,M,x>80,1
405,32<x<65,x<5,5<x<6,Mum,F,Above-7,11<x<27,M,14<x<20,0
406,19<x<32,80<x<97,2<x<4,Father,F,Under-7,27<x<34,F,14<x<20,1
407,19<x<32,80<x<97,x<2,Father,F,Above-7,62<x<75,F,55<x<80,1
408,19<x<32,30<x<70,x>8,Father,S,Above-7,62<x<75,F,7<x<10,0
409,32<x<65,x<5,2<x<4,Father,S,Under-7,x<2,F,50<x<55,1
410,2<x<10,30<x<70,4<x<5,Father,F,Under-7,2<x<11,M,23<x<50,1
411,x>66,30<x<70,x<2,Mum,S,Above-7,x>90,M,55<x<80,1
412,65<x<66,21<x<30,2<x<4,Mum,S,Above-7,35<x<62,F,x>80,1
413,x>66,30<x<70,4<x<5,Mum,F,Above-7,34<x<35,M,x>80,1
414,19<x<32,30<x<70,4<x<5,Father,F,Under-7,76<x<90,M,23<x<50,1
415,x>66,30<x<70,x>8,Mum,F,Above-7,76<x<90,F,23<x<50,1
416,32<x<65,x<5,4<x<5,Mum,F,Under-7,35<x<62,F,7<x<10,1
417,32<x<65,80<x<97,4<x<5,Mum,F,Under-7,x>90,F,55<x<80,1
418,32<x<65,30<x<70,4<x<5,Mum,F,Under-7,35<x<62,M,23<x<50,1
419,19<x<32,80<x<97,x>8,Mum,S,Above-7,x>90,M,55<x<80,1
420,32<x<65,21<x<30,5<x<6,Mum,S,Under-7,35<x<62,M,55<x<80,1
421,32<x<65,30<x<70,2<x<4,Mum,F,Under-7,35<x<62,M,55<x<80,1
422,x>66,7<x<10,x>8,Father,S,Above-7,x>90,M,x>80,1
423,32<x<65,10<x<21,x<2,Mum,S,Above-7,x>90,F,x>80,1
424,32<x<65,21<x<30,5<x<6,Father,S,Above-7,76<x<90,M,23<x<50,1
425,19<x<32,80<x<97,4<x<5,Mum,S,Under-7,35<x<62,F,x>80,1
426,x>66,80<x<97,2<x<4,Father,S,Under-7,11<x<27,M,14<x<20,1
427,11<x<15,80<x<97,5<x<6,Mum,F,Above-7,62<x<75,F,14<x<20,0
428,19<x<32,30<x<70,x>8,Father,S,Above-7,76<x<90,M,23<x<50,1
429,32<x<65,30<x<70,4<x<5,Father,S,Under-7,35<x<62,M,14<x<20,1
430,32<x<65,80<x<97,5<x<6,Father,S,Above-7,2<x<11,M,14<x<20,1
431,32<x<65,30<x<70,6<x<7,Father,S,Above-7,62<x<75,F,x<2,0
432,32<x<65,80<x<97,x<2,Mum,F,Above-7,35<x<62,M,55<x<80,1
433,2<x<10,80<x<97,7<x<8,Father,F,Under-7,2<x<11,F,x>80,1
434,2<x<10,x<5,x>8,Mum,S,Under-7,62<x<75,F,55<x<80,1
435,x>66,30<x<70,4<x<5,Mum,S,Under-7,76<x<90,F,x>80,1
436,x>66,30<x<70,x<2,Mum,F,Above-7,76<x<90,F,55<x<80,1
437,32<x<65,x<5,2<x<4,Mum,S,Under-7,27<x<34,M,10<x<14,1
438,x>66,70<x<80,x>8,Father,S,Under-7,x>90,M,23<x<50,1
439,19<x<32,21<x<30,7<x<8,Mum,S,Above-7,62<x<75,M,x>80,1
440,19<x<32,70<x<80,4<x<5,Father,F,Above-7,62<x<75,M,55<x<80,1
441,32<x<65,21<x<30,5<x<6,Mum,F,Above-7,11<x<27,F,x>80,1
442,19<x<32,30<x<70,7<x<8,Mum,F,Under-7,76<x<90,M,x>80,1
443,16<x<18,30<x<70,x>8,Mum,S,Above-7,35<x<62,F,23<x<50,1
444,11<x<15,5<x<7,x<2,Mum,F,Under-7,62<x<75,F,10<x<14,1
445,x>66,80<x<97,2<x<4,Father,S,Above-7,62<x<75,F,55<x<80,1
446,x>66,7<x<10,x>8,Mum,S,Above-7,x>90,M,x>80,1
447,19<x<32,21<x<30,7<x<8,Father,F,Under-7,x>90,M,23<x<50,1
448,x>66,21<x<30,x>8,Father,F,Above-7,2<x<11,M,23<x<50,1
449,32<x<65,30<x<70,4<x<5,Father,S,Under-7,11<x<27,F,55<x<80,1
450,32<x<65,97<x<98,x>8,Father,F,Under-7,27<x<34,F,x>80,1
451,32<x<65,80<x<97,2<x<4,Father,S,Under-7,11<x<27,F,55<x<80,1
452,2<x<10,10<x<21,x>8,Father,S,Above-7,11<x<27,M,55<x<80,0
453,19<x<32,30<x<70,x<2,Father,F,Above-7,34<x<35,M,x>80,1
454,32<x<65,7<x<10,x>8,Father,S,Under-7,62<x<75,F,23<x<50,1
455,32<x<65,x<5,x>8,Mum,F,Above-7,76<x<90,F,55<x<80,1
456,32<x<65,30<x<70,4<x<5,Father,F,Above-7,x<2,M,2<x<5,0
457,2<x<10,80<x<97,x>8,Father,F,Above-7,75<x<76,M,55<x<80,1
458,32<x<65,30<x<70,x>8,Father,F,Above-7,27<x<34,F,55<x<80,1
459,x>66,30<x<70,6<x<7,Father,F,Above-7,62<x<75,M,55<x<80,1
460,2<x<10,30<x<70,x>8,Father,F,Under-7,2<x<11,F,23<x<50,1
461,19<x<32,80<x<97,x>8,Father,S,Under-7,11<x<27,F,14<x<20,1
462,19<x<32,80<x<97,x>8,Mum,S,Under-7,11<x<27,F,50<x<55,1
463,x>66,x<5,x>8,Mum,S,Above-7,x>90,F,23<x<50,1
464,32<x<65,30<x<70,4<x<5,Mum,F,Above-7,2<x<11,M,x>80,1
465,x>66,21<x<30,5<x<6,Father,S,Above-7,62<x<75,F,7<x<10,0
466,32<x<65,30<x<70,5<x<6,Father,F,Above-7,62<x<75,F,23<x<50,1
467,2<x<10,7<x<10,x>8,Father,F,Under-7,11<x<27,M,x<2,0
468,11<x<15,30<x<70,x>8,Mum,S,Above-7,x<2,F,x<2,0
469,2<x<10,70<x<80,x>8,Father,S,Under-7,2<x<11,M,55<x<80,1
470,x>66,70<x<80,6<x<7,Father,F,Under-7,11<x<27,M,23<x<50,1
471,x>66,30<x<70,6<x<7,Father,S,Under-7,62<x<75,F,23<x<50,1
472,19<x<32,30<x<70,5<x<6,Mum,F,Above-7,x>90,F,55<x<80,1
473,x>66,10<x<21,x>8,Father,S,Above-7,76<x<90,F,x>80,1
474,19<x<32,21<x<30,x>8,Mum,S,Above-7,62<x<75,F,55<x<80,1
475,19<x<32,70<x<80,6<x<7,Mum,F,Under-7,27<x<34,F,x>80,1
476,x>66,10<x<21,5<x<6,Mum,F,Under-7,62<x<75,F,14<x<20,1
477,x>66,30<x<70,x<2,Father,S,Above-7,62<x<75,M,55<x<80,1
478,11<x<15,80<x<97,2<x<4,Father,F,Above-7,35<x<62,F,5<x<7,0
479,32<x<65,10<x<21,x<2,Mum,F,Above-7,x<2,F,x>80,1
480,32<x<65,7<x<10,x>8,Mum,F,Above-7,11<x<27,F,2<x<5,0
481,x>66,30<x<70,x>8,Mum,S,Above-7,35<x<62,F,55<x<80,1
482,32<x<65,80<x<97,2<x<4,Mum,S,Under-7,76<x<90,F,50<x<55,1
483,x>66,5<x<7,x>8,Mum,F,Under-7,11<x<27,M,55<x<80,1
484,32<x<65,70<x<80,5<x<6,Father,F,Under-7,11<x<27,M,55<x<80,1
485,32<x<65,70<x<80,2<x<4,Father,S,Above-7,62<x<75,M,55<x<80,1
486,2<x<10,21<x<30,6<x<7,Mum,F,Under-7,76<x<90,M,55<x<80,1
487,x>66,10<x<21,x<2,Mum,S,Above-7,62<x<75,F,55<x<80,1
488,19<x<32,80<x<97,7<x<8,Mum,F,Under-7,35<x<62,M,10<x<14,1
489,32<x<65,10<x<21,x>8,Father,S,Above-7,76<x<90,F,23<x<50,1
490,x>66,10<x<21,x<2,Father,S,Under-7,x>90,F,55<x<80,1
491,19<x<32,80<x<97,4<x<5,Father,S,Above-7,11<x<27,M,23<x<50,1
492,32<x<65,70<x<80,x>8,Mum,F,Above-7,35<x<62,M,23<x<50,1
493,0<x<2,10<x<21,x>8,Mum,F,Above-7,2<x<11,F,55<x<80,1
494,19<x<32,30<x<70,x>8,Father,S,Under-7,76<x<90,M,23<x<50,1
495,19<x<32,21<x<30,x>8,Father,S,Above-7,x>90,F,x>80,1
496,19<x<32,7<x<10,x>8,Mum,S,Under-7,35<x<62,F,10<x<14,1
497,32<x<65,x<5,7<x<8,Mum,S,Above-7,11<x<27,F,14<x<20,0
498,x>66,30<x<70,7<x<8,Father,S,Under-7,35<x<62,F,x>80,1
499,32<x<65,10<x<21,4<x<5,Mum,F,Under-7,62<x<75,M,14<x<20,1
500,x>66,80<x<97,6<x<7,Mum,F,Under-7,35<x<62,F,x>80,1
501,19<x<32,10<x<21,2<x<4,Mum,F,Under-7,76<x<90,M,x<2,1
502,32<x<65,21<x<30,2<x<4,Mum,S,Under-7,2<x<11,M,14<x<20,1
503,x>66,7<x<10,6<x<7,Father,S,Above-7,2<x<11,M,x>80,0
504,19<x<32,21<x<30,x>8,Father,S,Above-7,62<x<75,M,23<x<50,1
505,19<x<32,30<x<70,5<x<6,Father,S,Above-7,35<x<62,M,x>80,1
506,32<x<65,30<x<70,4<x<5,Father,F,Above-7,62<x<75,F,20<x<23,1
507,11<x<15,30<x<70,x>8,Mum,F,Under-7,11<x<27,M,50<x<55,1
508,x>66,30<x<70,5<x<6,Mum,S,Under-7,11<x<27,F,x<2,1
509,x>66,70<x<80,6<x<7,Father,F,Above-7,x<2,M,x>80,1
510,x>66,30<x<70,4<x<5,Mum,S,Above-7,62<x<75,F,14<x<20,1
511,x>66,80<x<97,x>8,Mum,F,Above-7,62<x<75,F,7<x<10,0
512,32<x<65,80<x<97,5<x<6,Father,S,Above-7,62<x<75,M,x>80,1
513,16<x<18,7<x<10,x>8,Father,S,Under-7,76<x<90,F,55<x<80,1
514,19<x<32,80<x<97,x<2,Mum,S,Under-7,35<x<62,F,x>80,1
515,32<x<65,7<x<10,x<2,Mum,F,Above-7,2<x<11,F,50<x<55,1
516,32<x<65,30<x<70,x>8,Father,F,Under-7,35<x<62,M,55<x<80,1
517,32<x<65,30<x<70,4<x<5,Father,F,Above-7,76<x<90,F,55<x<80,1
518,x>66,30<x<70,x>8,Father,F,Under-7,11<x<27,M,2<x<5,0
519,32<x<65,70<x<80,x>8,Mum,F,Above-7,11<x<27,M,x>80,1
520,32<x<65,70<x<80,x>8,Mum,F,Under-7,11<x<27,F,14<x<20,1
521,19<x<32,30<x<70,2<x<4,Mum,S,Under-7,35<x<62,F,x<2,1
522,11<x<15,80<x<97,4<x<5,Mum,S,Above-7,76<x<90,M,x>80,1
523,11<x<15,30<x<70,6<x<7,Father,S,Under-7,2<x<11,F,23<x<50,1
524,2<x<10,30<x<70,6<x<7,Mum,S,Above-7,11<x<27,M,14<x<20,0
525,2<x<10,21<x<30,7<x<8,Mum,S,Above-7,35<x<62,M,23<x<50,0
526,x>66,80<x<97,5<x<6,Father,F,Above-7,2<x<11,M,x>80,1
527,2<x<10,30<x<70,x>8,Father,S,Above-7,x>90,M,23<x<50,1
528,32<x<65,30<x<70,6<x<7,Father,F,Above-7,62<x<75,M,x>80,1
529,65<x<66,21<x<30,6<x<7,Mum,S,Above-7,2<x<11,M,23<x<50,0
530,32<x<65,80<x<97,6<x<7,Mum,F,Under-7,x<2,F,x>80,1
531,32<x<65,21<x<30,x<2,Mum,F,Above-7,76<x<90,F,x>80,1
532,32<x<65,21<x<30,x>8,Father,F,Above-7,x>90,M,55<x<80,1
533,2<x<10,10<x<21,4<x<5,Mum,S,Under-7,35<x<62,M,23<x<50,1
534,x>66,80<x<97,x>8,Mum,S,Above-7,35<x<62,F,50<x<55,1
535,2<x<10,21<x<30,2<x<4,Father,F,Above-7,35<x<62,M,55<x<80,1
536,11<x<15,80<x<97,x>8,Father,F,Under-7,62<x<75,M,55<x<80,1
537,x>66,10<x<21,x>8,Mum,S,Under-7,62<x<75,F,55<x<80,1
538,11<x<15,7<x<10,x>8,Father,S,Above-7,11<x<27,M,55<x<80,0
539,32<x<65,30<x<70,7<x<8,Mum,F,Above-7,35<x<62,F,50<x<55,1
540,32<x<65,30<x<70,2<x<4,Mum,S,Above-7,11<x<27,F,x>80,1
541,x>66,80<x<97,x>8,Father,S,Under-7,76<x<90,M,55<x<80,1
542,x>66,80<x<97,6<x<7,Father,S,Above-7,x>90,F,7<x<10,1
543,2<x<10,70<x<80,7<x<8,Mum,F,Under-7,76<x<90,M,23<x<50,1
544,x>66,30<x<70,5<x<6,Mum,F,Under-7,62<x<75,M,55<x<80,1
545,2<x<10,30<x<70,x>8,Father,S,Under-7,62<x<75,F,x>80,1
546,32<x<65,10<x<21,x<2,Mum,S,Under-7,35<x<62,M,55<x<80,1
547,32<x<65,80<x<97,x>8,Mum,F,Above-7,76<x<90,F,55<x<80,1
548,2<x<10,21<x<30,4<x<5,Mum,S,Above-7,62<x<75,M,20<x<23,0
549,2<x<10,30<x<70,2<x<4,Father,S,Above-7,11<x<27,M,23<x<50,0
550,x>66,80<x<97,2<x<4,Mum,S,Above-7,76<x<90,F,x>80,1
551,32<x<65,30<x<70,x>8,Mum,S,Under-7,76<x<90,F,x<2,1
552,x>66,30<x<70,4<x<5,Father,S,Under-7,35<x<62,F,23<x<50,1
553,32<x<65,30<x<70,5<x<6,Father,S,Under-7,35<x<62,F,2<x<5,1
554,19<x<32,10<x<21,x>8,Father,S,Under-7,62<x<75,M,5<x<7,0
555,19<x<32,30<x<70,2<x<4,Mum,F,Above-7,35<x<62,M,10<x<14,0
556,x>66,30<x<70,7<x<8,Mum,F,Above-7,27<x<34,M,14<x<20,1
557,x>66,30<x<70,x>8,Mum,S,Under-7,62<x<75,M,x>80,1
558,2<x<10,x<5,7<x<8,Father,S,Above-7,76<x<90,M,5<x<7,0
559,32<x<65,10<x<21,5<x<6,Father,S,Above-7,35<x<62,M,23<x<50,1
560,10<x<11,30<x<70,x>8,Mum,S,Under-7,35<x<62,F,50<x<55,1
561,16<x<18,30<x<70,4<x<5,Mum,F,Above-7,35<x<62,M,20<x<23,1
562,2<x<10,70<x<80,6<x<7,Mum,F,Above-7,x<2,M,x>80,1
563,x>66,80<x<97,x<2,Father,F,Above-7,11<x<27,F,5<x<7,0
564,2<x<10,30<x<70,2<x<4,Mum,F,Under-7,35<x<62,F,23<x<50,1
565,32<x<65,70<x<80,x>8,Father,F,Above-7,76<x<90,M,x>80,1
566,0<x<2,30<x<70,6<x<7,Mum,S,Under-7,11<x<27,M,20<x<23,1
567,11<x<15,70<x<80,x>8,Father,F,Under-7,35<x<62,F,55<x<80,1
568,32<x<65,x>98,x<2,Father,F,Under-7,35<x<62,M,x>80,1
569,32<x<65,30<x<70,x>8,Father,S,Above-7,62<x<75,F,x>80,1
570,x<0,10<x<21,2<x<4,Father,S,Above-7,11<x<27,M,55<x<80,0
571,11<x<15,30<x<70,x>8,Father,F,Under-7,35<x<62,F,23<x<50,1
572,32<x<65,30<x<70,2<x<4,Father,F,Under-7,27<x<34,F,55<x<80,1
573,32<x<65,30<x<70,x>8,Father,F,Under-7,35<x<62,M,55<x<80,1
574,x>66,30<x<70,x>8,Mum,F,Above-7,11<x<27,M,23<x<50,1
575,x>66,80<x<97,x>8,Mum,F,Under-7,35<x<62,M,5<x<7,0
576,32<x<65,30<x<70,x<2,Mum,S,Above-7,75<x<76,F,55<x<80,1
577,2<x<10,30<x<70,2<x<4,Mum,F,Under-7,35<x<62,M,55<x<80,1
578,11<x<15,80<x<97,x>8,Mum,F,Above-7,35<x<62,F,23<x<50,0
579,19<x<32,30<x<70,2<x<4,Mum,S,Above-7,35<x<62,M,x>80,1
580,11<x<15,30<x<70,x>8,Father,S,Above-7,76<x<90,M,7<x<10,0
581,2<x<10,30<x<70,x>8,Father,F,Under-7,35<x<62,M,x>80,1
582,19<x<32,21<x<30,7<x<8,Mum,S,Under-7,62<x<75,M,14<x<20,1
583,32<x<65,21<x<30,x<2,Mum,S,Above-7,2<x<11,M,55<x<80,1
584,x>66,70<x<80,2<x<4,Mum,F,Above-7,76<x<90,F,x>80,1
585,32<x<65,70<x<80,4<x<5,Mum,S,Under-7,35<x<62,F,55<x<80,1
586,32<x<65,80<x<97,x>8,Father,F,Under-7,35<x<62,F,55<x<80,1
587,19<x<32,10<x<21,7<x<8,Father,S,Under-7,62<x<75,F,55<x<80,1
588,19<x<32,10<x<21,x>8,Mum,F,Under-7,35<x<62,M,55<x<80,1
589,18<x<19,21<x<30,x>8,Father,S,Under-7,76<x<90,M,55<x<80,1
590,19<x<32,x<5,6<x<7,Father,S,Above-7,35<x<62,F,23<x<50,0
591,19<x<32,10<x<21,x>8,Father,F,Under-7,35<x<62,F,55<x<80,1
592,32<x<65,x<5,x>8,Mum,F,Under-7,2<x<11,F,x<2,0
593,19<x<32,30<x<70,2<x<4,Mum,S,Above-7,x<2,F,23<x<50,1
594,x>66,7<x<10,x>8,Father,F,Under-7,2<x<11,M,2<x<5,0
595,19<x<32,10<x<21,5<x<6,Mum,S,Under-7,11<x<27,M,23<x<50,1
596,x>66,80<x<97,2<x<4,Mum,S,Under-7,11<x<27,F,23<x<50,1
597,32<x<65,x<5,2<x<4,Father,S,Under-7,35<x<62,F,14<x<20,1
598,32<x<65,10<x<21,x>8,Mum,S,Under-7,76<x<90,M,x>80,1
599,x>66,70<x<80,x>8,Father,F,Under-7,76<x<90,M,55<x<80,1
600,x>66,30<x<70,x>8,Father,F,Above-7,2<x<11,F,10<x<14,0
601,x>66,10<x<21,2<x<4,Mum,F,Under-7,35<x<62,F,20<x<23,1
602,19<x<32,30<x<70,x>8,Father,S,Under-7,2<x<11,M,23<x<50,1
603,32<x<65,21<x<30,x>8,Father,S,Under-7,27<x<34,F,x>80,1
604,16<x<18,70<x<80,x>8,Mum,S,Under-7,62<x<75,F,10<x<14,1
605,32<x<65,80<x<97,x>8,Father,F,Under-7,76<x<90,F,x>80,1
606,2<x<10,30<x<70,7<x<8,Mum,S,Above-7,2<x<11,F,23<x<50,0
607,32<x<65,80<x<97,6<x<7,Father,F,Above-7,62<x<75,F,x>80,1
608,32<x<65,x<5,7<x<8,Mum,S,Above-7,11<x<27,M,10<x<14,0
609,32<x<65,10<x<21,x>8,Mum,F,Under-7,2<x<11,F,x>80,1
610,x>66,30<x<70,x>8,Mum,F,Above-7,76<x<90,F,55<x<80,1
611,x>66,30<x<70,2<x<4,Father,F,Above-7,35<x<62,M,23<x<50,1
612,32<x<65,80<x<97,x>8,Mum,F,Above-7,11<x<27,M,x>80,1
613,32<x<65,10<x<21,x>8,Father,S,Under-7,35<x<62,F,55<x<80,1
614,32<x<65,80<x<97,4<x<5,Mum,S,Under-7,27<x<34,F,x<2,0
615,x>66,30<x<70,x<2,Father,S,Under-7,x>90,F,55<x<80,1
616,x>66,10<x<21,x>8,Father,F,Above-7,34<x<35,F,23<x<50,1
617,x>66,x>98,6<x<7,Father,S,Above-7,2<x<11,M,55<x<80,1
618,11<x<15,80<x<97,4<x<5,Mum,F,Above-7,11<x<27,F,x>80,1
619,x>66,21<x<30,x>8,Mum,S,Above-7,11<x<27,M,55<x<80,1
620,x>66,30<x<70,6<x<7,Father,S,Under-7,2<x<11,M,x>80,1
621,32<x<65,80<x<97,7<x<8,Father,S,Above-7,2<x<11,M,x>80,1
622,x>66,30<x<70,x>8,Father,S,Under-7,76<x<90,F,23<x<50,1
623,18<x<19,30<x<70,x>8,Father,S,Above-7,35<x<62,F,55<x<80,1
624,x>66,10<x<21,6<x<7,Mum,F,Above-7,35<x<62,F,x>80,1
625,x>66,10<x<21,x>8,Father,F,Under-7,11<x<27,M,7<x<10,0
626,x>66,30<x<70,4<x<5,Mum,S,Under-7,2<x<11,M,23<x<50,1
627,32<x<65,80<x<97,x<2,Mum,F,Above-7,62<x<75,M,50<x<55,1
628,32<x<65,80<x<97,x>8,Father,S,Above-7,11<x<27,M,x>80,1
629,x>66,21<x<30,x>8,Father,F,Under-7,62<x<75,F,23<x<50,1
630,x>66,21<x<30,x>8,Mum,F,Above-7,62<x<75,F,23<x<50,1
631,32<x<65,x<5,x>8,Mum,S,Above-7,76<x<90,M,23<x<50,1
632,19<x<32,x<5,7<x<8,Father,F,Under-7,62<x<75,F,14<x<20,1
633,2<x<10,30<x<70,4<x<5,Father,S,Above-7,x>90,M,55<x<80,1
634,32<x<65,30<x<70,x<2,Father,F,Above-7,35<x<62,M,55<x<80,1
635,x>66,80<x<97,x>8,Father,F,Under-7,76<x<90,F,23<x<50,1
636,32<x<65,30<x<70,x>8,Father,F,Under-7,62<x<75,M,55<x<80,1
637,2<x<10,30<x<70,4<x<5,Father,S,Above-7,11<x<27,F,10<x<14,0
638,19<x<32,80<x<97,x>8,Mum,S,Under-7,62<x<75,F,x>80,1
639,19<x<32,30<x<70,7<x<8,Father,F,Above-7,35<x<62,M,7<x<10,0
640,x>66,21<x<30,x>8,Mum,F,Under-7,x<2,M,10<x<14,1
641,11<x<15,30<x<70,6<x<7,Father,F,Under-7,x>90,F,55<x<80,1
642,x>66,21<x<30,x<2,Father,F,Above-7,x>90,F,7<x<10,0
643,32<x<65,30<x<70,5<x<6,Mum,S,Above-7,76<x<90,F,x>80,1
644,19<x<32,30<x<70,6<x<7,Mum,S,Under-7,x>90,M,55<x<80,1
645,65<x<66,30<x<70,x>8,Father,F,Under-7,x>90,M,23<x<50,1
646,32<x<65,30<x<70,x>8,Father,F,Above-7,35<x<62,F,10<x<14,0
647,x>66,30<x<70,x>8,Father,F,Above-7,27<x<34,F,23<x<50,1
648,19<x<32,5<x<7,x>8,Mum,F,Above-7,11<x<27,M,23<x<50,1
649,19<x<32,10<x<21,x>8,Mum,F,Above-7,35<x<62,F,2<x<5,0
650,2<x<10,80<x<97,x<2,Mum,S,Under-7,x>90,F,23<x<50,1
651,19<x<32,70<x<80,x>8,Mum,F,Above-7,x<2,M,23<x<50,1
652,x>66,97<x<98,5<x<6,Mum,F,Above-7,27<x<34,F,x>80,1
653,2<x<10,x>98,5<x<6,Mum,S,Under-7,35<x<62,M,23<x<50,1
654,11<x<15,80<x<97,7<x<8,Father,S,Under-7,2<x<11,M,x>80,1
655,x>66,x<5,x>8,Mum,F,Above-7,76<x<90,F,55<x<80,1
656,x>66,30<x<70,x>8,Father,S,Under-7,35<x<62,M,14<x<20,1
657,32<x<65,10<x<21,6<x<7,Father,F,Above-7,11<x<27,M,55<x<80,1
658,x>66,10<x<21,2<x<4,Mum,F,Under-7,11<x<27,F,7<x<10,1
659,19<x<32,80<x<97,x<2,Mum,S,Above-7,x>90,M,23<x<50,1
660,32<x<65,80<x<97,x>8,Father,S,Above-7,11<x<27,F,7<x<10,0
661,x>66,x<5,5<x<6,Father,S,Above-7,11<x<27,M,50<x<55,0
662,2<x<10,7<x<10,7<x<8,Father,S,Above-7,35<x<62,F,7<x<10,0
663,x>66,30<x<70,x>8,Father,S,Above-7,62<x<75,F,10<x<14,0
664,32<x<65,7<x<10,5<x<6,Mum,S,Under-7,11<x<27,M,55<x<80,1
665,2<x<10,30<x<70,x<2,Father,F,Above-7,62<x<75,F,23<x<50,1
666,32<x<65,21<x<30,x>8,Father,S,Above-7,35<x<62,F,x>80,1
667,x>66,80<x<97,4<x<5,Father,S,Under-7,27<x<34,M,23<x<50,1
668,19<x<32,30<x<70,x>8,Father,F,Above-7,11<x<27,M,50<x<55,1
669,x>66,30<x<70,4<x<5,Mum,F,Under-7,x>90,M,23<x<50,1
670,0<x<2,10<x<21,6<x<7,Mum,F,Under-7,35<x<62,F,5<x<7,0
671,2<x<10,70<x<80,x>8,Mum,F,Under-7,35<x<62,F,x>80,1
672,19<x<32,80<x<97,2<x<4,Mum,S,Above-7,62<x<75,F,2<x<5,0
673,x>66,30<x<70,2<x<4,Mum,S,Above-7,35<x<62,M,55<x<80,1
674,32<x<65,10<x<21,7<x<8,Father,F,Above-7,x>90,M,14<x<20,1
675,32<x<65,30<x<70,2<x<4,Father,F,Under-7,11<x<27,F,55<x<80,1
676,x>66,30<x<70,6<x<7,Mum,F,Above-7,2<x<11,F,x>80,1
677,x>66,30<x<70,7<x<8,Father,S,Above-7,x>90,M,10<x<14,1
678,32<x<65,10<x<21,x>8,Father,S,Above-7,11<x<27,F,x>80,0
679,x>66,30<x<70,6<x<7,Father,F,Under-7,35<x<62,M,x>80,1
680,32<x<65,30<x<70,x>8,Father,F,Above-7,11<x<27,F,23<x<50,1
681,32<x<65,10<x<21,x>8,Father,F,Under-7,35<x<62,M,x>80,1
682,32<x<65,10<x<21,4<x<5,Mum,S,Above-7,2<x<11,M,x>80,0
683,x>66,80<x<97,x>8,Mum,S,Under-7,35<x<62,F,x>80,1
684,11<x<15,x<5,5<x<6,Mum,F,Under-7,x<2,M,x>80,1
685,65<x<66,10<x<21,5<x<6,Father,F,Above-7,35<x<62,F,x>80,1
686,x>66,30<x<70,x>8,Mum,F,Above-7,x>90,M,x>80,1
687,x>66,30<x<70,2<x<4,Mum,F,Above-7,11<x<27,M,x>80,1
688,32<x<65,30<x<70,2<x<4,Father,F,Above-7,76<x<90,F,7<x<10,1
689,x>66,30<x<70,7<x<8,Father,S,Above-7,x>90,M,14<x<20,1
690,32<x<65,70<x<80,7<x<8,Father,S,Under-7,x>90,M,14<x<20,1
691,19<x<32,30<x<70,x>8,Mum,S,Above-7,76<x<90,M,55<x<80,1
692,32<x<65,97<x<98,x>8,Mum,S,Under-7,35<x<62,F,x>80,1
693,19<x<32,30<x<70,6<x<7,Father,S,Under-7,35<x<62,F,x>80,1
694,x>66,21<x<30,6<x<7,Father,F,Under-7,11<x<27,F,55<x<80,1
695,32<x<65,70<x<80,2<x<4,Father,F,Under-7,62<x<75,M,23<x<50,1
696,19<x<32,80<x<97,x>8,Father,F,Under-7,62<x<75,M,23<x<50,1
697,19<x<32,30<x<70,x>8,Father,F,Under-7,35<x<62,F,23<x<50,1
698,x>66,10<x<21,x>8,Father,F,Above-7,35<x<62,M,55<x<80,1
699,x>66,x>98,7<x<8,Mum,S,Above-7,76<x<90,M,50<x<55,1
700,19<x<32,70<x<80,x<2,Mum,F,Under-7,x>90,F,23<x<50,1
701,x>66,80<x<97,x>8,Mum,F,Above-7,35<x<62,F,55<x<80,1
702,32<x<65,70<x<80,x>8,Mum,S,Above-7,x<2,F,55<x<80,1
703,2<x<10,30<x<70,2<x<4,Mum,S,Under-7,76<x<90,F,14<x<20,1
704,32<x<65,70<x<80,6<x<7,Father,S,Above-7,35<x<62,F,7<x<10,0
705,18<x<19,30<x<70,7<x<8,Father,F,Under-7,62<x<75,F,23<x<50,1
706,11<x<15,80<x<97,x>8,Mum,F,Above-7,62<x<75,M,x<2,0
707,32<x<65,21<x<30,x>8,Father,F,Under-7,x<2,M,55<x<80,1
708,2<x<10,70<x<80,x>8,Mum,F,Above-7,35<x<62,F,55<x<80,1
709,x>66,30<x<70,x<2,Mum,F,Above-7,75<x<76,M,23<x<50,1
710,x>66,30<x<70,x>8,Mum,S,Above-7,27<x<34,F,50<x<55,1
711,32<x<65,30<x<70,x<2,Father,F,Under-7,2<x<11,F,55<x<80,1
712,65<x<66,30<x<70,x>8,Father,S,Above-7,2<x<11,M,55<x<80,1
713,32<x<65,30<x<70,x>8,Mum,F,Under-7,35<x<62,F,x>80,1
714,32<x<65,21<x<30,5<x<6,Father,F,Under-7,x>90,F,55<x<80,1
715,32<x<65,10<x<21,4<x<5,Father,S,Under-7,11<x<27,F,10<x<14,1
716,32<x<65,10<x<21,5<x<6,Father,S,Under-7,62<x<75,F,50<x<55,1
717,19<x<32,80<x<97,5<x<6,Mum,S,Under-7,11<x<27,M,x>80,1
718,32<x<65,80<x<97,5<x<6,Mum,S,Above-7,11<x<27,M,23<x<50,1
719,11<x<15,30<x<70,x>8,Mum,S,Under-7,35<x<62,M,55<x<80,1
720,2<x<10,30<x<70,x>8,Father,S,Under-7,2<x<11,F,7<x<10,1
721,32<x<65,21<x<30,6<x<7,Father,S,Above-7,x>90,F,x>80,1
722,32<x<65,30<x<70,6<x<7,Father,S,Above-7,35<x<62,F,23<x<50,1
723,x>66,30<x<70,x>8,Father,S,Above-7,76<x<90,F,55<x<80,1
724,19<x<32,30<x<70,5<x<6,Mum,S,Above-7,76<x<90,F,5<x<7,0
725,x>66,70<x<80,x>8,Mum,F,Above-7,27<x<34,M,14<x<20,1
726,x>66,30<x<70,6<x<7,Mum,F,Above-7,11<x<27,F,23<x<50,1
727,32<x<65,10<x<21,2<x<4,Father,F,Under-7,11<x<27,M,x>80,1
728,19<x<32,80<x<97,x<2,Mum,S,Above-7,35<x<62,M,x>80,1
729,32<x<65,70<x<80,2<x<4,Mum,S,Under-7,2<x<11,M,x<2,0
730,x>66,x<5,2<x<4,Mum,S,Under-7,75<x<76,F,14<x<20,1
731,x>66,30<x<70,x>8,Father,F,Above-7,62<x<75,M,50<x<55,1
732,0<x<2,70<x<80,x>8,Father,F,Under-7,76<x<90,M,x>80,1
733,32<x<65,80<x<97,x>8,Father,S,Under-7,11<x<27,F,55<x<80,1
734,16<x<18,30<x<70,x>8,Father,F,Under-7,34<x<35,M,55<x<80,1
735,32<x<65,30<x<70,x>8,Father,F,Under-7,76<x<90,M,x>80,1
736,32<x<65,30<x<70,4<x<5,Mum,S,Above-7,2<x<11,F,14<x<20,1
737,32<x<65,80<x<97,x>8,Mum,S,Under-7,x<2,F,55<x<80,1
738,2<x<10,x<5,x>8,Father,S,Under-7,35<x<62,M,55<x<80,1
739,x>66,7<x<10,x>8,Mum,F,Under-7,35<x<62,M,x>80,1
740,32<x<65,x<5,x<2,Father,F,Under-7,2<x<11,M,50<x<55,1
741,2<x<10,70<x<80,6<x<7,Father,S,Under-7,62<x<75,M,14<x<20,1
742,19<x<32,21<x<30,5<x<6,Mum,S,Above-7,76<x<90,M,x<2,0
743,2<x<10,97<x<98,7<x<8,Mum,F,Under-7,2<x<11,F,23<x<50,1
744,11<x<15,80<x<97,x>8,Mum,F,Under-7,x<2,F,23<x<50,1
745,32<x<65,21<x<30,5<x<6,Mum,S,Above-7,2<x<11,F,23<x<50,0
746,x>66,7<x<10,x>8,Mum,S,Above-7,35<x<62,M,x>80,1
747,x>66,21<x<30,2<x<4,Father,S,Above-7,11<x<27,M,20<x<23,1
748,x>66,7<x<10,6<x<7,Father,S,Above-7,x<2,F,55<x<80,0
749,x>66,30<x<70,4<x<5,Father,S,Under-7,76<x<90,M,7<x<10,1
750,0<x<2,30<x<70,7<x<8,Father,S,Above-7,11<x<27,F,23<x<50,0
751,32<x<65,30<x<70,x>8,Father,F,Under-7,76<x<90,M,2<x<5,0
752,2<x<10,30<x<70,x>8,Father,F,Under-7,76<x<90,M,x>80,1
753,32<x<65,10<x<21,4<x<5,Mum,F,Above-7,x>90,F,7<x<10,1
754,32<x<65,10<x<21,x>8,Mum,F,Above-7,35<x<62,F,x>80,1
755,x>66,10<x<21,2<x<4,Father,S,Under-7,76<x<90,F,23<x<50,1
756,0<x<2,30<x<70,7<x<8,Mum,F,Under-7,x>90,F,55<x<80,1
757,x>66,21<x<30,x>8,Mum,F,Under-7,35<x<62,M,x>80,1
758,x>66,30<x<70,x>8,Mum,F,Above-7,11<x<27,M,20<x<23,1
759,x>66,70<x<80,x>8,Mum,F,Under-7,62<x<75,M,55<x<80,1
760,32<x<65,30<x<70,7<x<8,Father,S,Under-7,x>90,M,23<x<50,1
761,32<x<65,30<x<70,5<x<6,Father,S,Above-7,35<x<62,M,23<x<50,1
762,32<x<65,30<x<70,x>8,Father,F,Above-7,76<x<90,F,x>80,1
763,x>66,30<x<70,x>8,Mum,S,Under-7,2<x<11,M,55<x<80,1
764,32<x<65,30<x<70,x>8,Mum,F,Above-7,2<x<11,M,23<x<50,1
765,x>66,30<x<70,x>8,Mum,F,Above-7,76<x<90,M,x<2,1
766,32<x<65,x>98,x>8,Mum,F,Under-7,35<x<62,M,50<x<55,1
767,x>66,30<x<70,x>8,Father,S,Under-7,2<x<11,F,55<x<80,1
768,32<x<65,10<x<21,x>8,Father,S,Under-7,76<x<90,M,x>80,1
769,32<x<65,21<x<30,x>8,Mum,F,Under-7,11<x<27,M,23<x<50,1
770,x>66,21<x<30,2<x<4,Father,S,Under-7,x>90,F,55<x<80,1
771,19<x<32,10<x<21,4<x<5,Father,S,Under-7,76<x<90,M,20<x<23,1
772,32<x<65,80<x<97,7<x<8,Mum,F,Under-7,76<x<90,F,23<x<50,1
773,19<x<32,30<x<70,x>8,Father,S,Under-7,2<x<11,F,10<x<14,1
774,32<x<65,80<x<97,x>8,Father,S,Under-7,11<x<27,M,55<x<80,1
775,11<x<15,x<5,x>8,Mum,S,Under-7,11<x<27,M,2<x<5,0
776,65<x<66,30<x<70,x>8,Father,F,Under-7,76<x<90,M,55<x<80,1
777,18<x<19,30<x<70,x>8,Father,S,Under-7,x>90,M,14<x<20,1
778,x>66,21<x<30,x>8,Mum,S,Above-7,62<x<75,M,55<x<80,1
779,11<x<15,x<5,x>8,Mum,S,Under-7,76<x<90,F,x>80,1
780,19<x<32,70<x<80,x>8,Father,F,Above-7,35<x<62,M,x>80,1
781,32<x<65,70<x<80,6<x<7,Mum,F,Above-7,11<x<27,F,23<x<50,1
782,19<x<32,10<x<21,6<x<7,Mum,S,Under-7,x>90,M,23<x<50,1
783,x>66,30<x<70,x>8,Father,F,Above-7,62<x<75,M,23<x<50,1
784,32<x<65,30<x<70,x>8,Father,F,Under-7,62<x<75,F,55<x<80,1
785,19<x<32,70<x<80,6<x<7,Mum,F,Under-7,76<x<90,M,x>80,1
786,32<x<65,70<x<80,x>8,Father,F,Above-7,76<x<90,M,23<x<50,1
787,x>66,10<x<21,x<2,Father,S,Under-7,35<x<62,M,14<x<20,1
788,x>66,7<x<10,x<2,Mum,F,Under-7,x<2,F,55<x<80,1
789,18<x<19,80<x<97,x>8,Father,S,Under-7,76<x<90,M,55<x<80,1
790,10<x<11,80<x<97,4<x<5,Mum,F,Above-7,27<x<34,F,x>80,1
791,x>66,x<5,6<x<7,Mum,S,Above-7,62<x<75,M,55<x<80,1
792,2<x<10,30<x<70,x<2,Father,F,Under-7,35<x<62,F,23<x<50,1
793,x>66,x<5,6<x<7,Mum,F,Above-7,11<x<27,F,23<x<50,1
794,32<x<65,30<x<70,5<x<6,Father,S,Under-7,x>90,F,20<x<23,1
795,32<x<65,30<x<70,5<x<6,Mum,S,Under-7,x<2,F,55<x<80,1
796,x>66,70<x<80,x>8,Father,F,Above-7,76<x<90,M,55<x<80,1
797,32<x<65,10<x<21,x>8,Mum,F,Above-7,2<x<11,F,55<x<80,1
798,32<x<65,x<5,x>8,Father,S,Under-7,11<x<27,M,x>80,1
799,x>66,30<x<70,x>8,Mum,S,Under-7,76<x<90,F,55<x<80,1
800,2<x<10,x<5,x<2,Father,S,Under-7,35<x<62,M,23<x<50,0
801,x>66,30<x<70,x>8,Father,F,Above-7,35<x<62,F,23<x<50,1
802,19<x<32,30<x<70,x>8,Father,F,Above-7,2<x<11,F,50<x<55,1
803,x>66,30<x<70,x>8,Father,S,Under-7,11<x<27,M,23<x<50,1
804,19<x<32,21<x<30,6<x<7,Mum,F,Under-7,35<x<62,F,20<x<23,1
805,32<x<65,21<x<30,5<x<6,Mum,F,Above-7,76<x<90,F,23<x<50,1
806,x<0,80<x<97,x>8,Mum,F,Above-7,35<x<62,F,20<x<23,0
807,x>66,x<5,5<x<6,Mum,S,Under-7,35<x<62,F,14<x<20,1
808,x>66,x<5,4<x<5,Mum,F,Above-7,35<x<62,M,23<x<50,0
809,32<x<65,7<x<10,7<x<8,Father,S,Above-7,2<x<11,M,55<x<80,0
810,19<x<32,30<x<70,6<x<7,Mum,S,Above-7,11<x<27,M,x>80,1
811,x>66,30<x<70,5<x<6,Father,F,Under-7,27<x<34,F,2<x<5,0
812,32<x<65,10<x<21,5<x<6,Mum,S,Under-7,62<x<75,F,55<x<80,1
813,0<x<2,30<x<70,x>8,Father,F,Above-7,27<x<34,M,23<x<50,0
814,19<x<32,5<x<7,2<x<4,Mum,S,Under-7,35<x<62,F,5<x<7,1
815,18<x<19,80<x<97,6<x<7,Mum,S,Under-7,76<x<90,M,x>80,1
816,32<x<65,70<x<80,x>8,Father,S,Under-7,11<x<27,F,55<x<80,1
817,2<x<10,21<x<30,x>8,Father,F,Above-7,2<x<11,M,x>80,1
818,0<x<2,70<x<80,x>8,Father,F,Under-7,27<x<34,F,50<x<55,1
819,2<x<10,21<x<30,6<x<7,Mum,S,Above-7,11<x<27,F,55<x<80,0
820,x>66,10<x<21,x>8,Father,S,Under-7,76<x<90,F,23<x<50,1
821,32<x<65,5<x<7,2<x<4,Father,F,Above-7,76<x<90,F,23<x<50,1
822,x>66,70<x<80,x<2,Mum,F,Under-7,2<x<11,F,23<x<50,1
823,x>66,30<x<70,x>8,Father,F,Above-7,x>90,F,55<x<80,1
824,2<x<10,80<x<97,x>8,Father,F,Under-7,62<x<75,F,10<x<14,1
825,2<x<10,30<x<70,x>8,Mum,S,Under-7,27<x<34,M,23<x<50,1
826,x<0,80<x<97,5<x<6,Father,S,Above-7,35<x<62,M,x<2,0
827,19<x<32,10<x<21,x<2,Father,F,Under-7,35<x<62,F,50<x<55,1
828,x>66,x<5,x>8,Mum,F,Above-7,11<x<27,M,14<x<20,0
829,32<x<65,x<5,4<x<5,Mum,S,Above-7,76<x<90,F,7<x<10,1
830,x>66,30<x<70,x>8,Father,F,Above-7,35<x<62,F,x>80,1
831,2<x<10,30<x<70,x<2,Father,F,Under-7,76<x<90,F,55<x<80,1
832,32<x<65,80<x<97,x>8,Father,S,Under-7,x>90,M,55<x<80,1
833,16<x<18,10<x<21,6<x<7,Mum,S,Above-7,27<x<34,F,14<x<20,0
834,x>66,30<x<70,x>8,Father,F,Under-7,35<x<62,M,23<x<50,1
835,32<x<65,80<x<97,x>8,Father,F,Under-7,35<x<62,M,10<x<14,1
836,32<x<65,80<x<97,x>8,Father,F,Under-7,x>90,F,23<x<50,1
837,x>66,70<x<80,x>8,Father,S,Under-7,35<x<62,M,x>80,1
838,32<x<65,80<x<97,7<x<8,Father,F,Above-7,11<x<27,M,55<x<80,1
839,10<x<11,10<x<21,x>8,Father,S,Under-7,35<x<62,F,5<x<7,0
840,32<x<65,7<x<10,x>8,Mum,F,Above-7,62<x<75,F,x>80,1
841,32<x<65,30<x<70,7<x<8,Father,F,Under-7,11<x<27,F,x>80,1
842,10<x<11,80<x<97,4<x<5,Father,S,Above-7,x>90,F,55<x<80,1
843,x>66,30<x<70,x>8,Father,S,Above-7,35<x<62,M,55<x<80,1
844,19<x<32,30<x<70,x>8,Father,F,Above-7,62<x<75,F,55<x<80,1
845,32<x<65,80<x<97,4<x<5,Mum,F,Under-7,62<x<75,M,10<x<14,1
846,x>66,70<x<80,4<x<5,Mum,S,Above-7,x>90,F,14<x<20,1
847,32<x<65,30<x<70,x>8,Mum,S,Under-7,35<x<62,M,x>80,1
848,0<x<2,30<x<70,x>8,Father,S,Under-7,x<2,F,2<x<5,0
849,32<x<65,x<5,x>8,Mum,F,Under-7,35<x<62,F,x>80,1
850,32<x<65,70<x<80,x>8,Mum,F,Above-7,35<x<62,M,5<x<7,0
851,32<x<65,10<x<21,7<x<8,Mum,F,Under-7,35<x<62,M,23<x<50,1
852,32<x<65,21<x<30,x>8,Mum,S,Under-7,2<x<11,M,23<x<50,1
853,2<x<10,80<x<97,7<x<8,Mum,S,Under-7,11<x<27,F,23<x<50,1
854,x>66,21<x<30,x>8,Father,S,Above-7,2<x<11,F,55<x<80,1
855,19<x<32,30<x<70,4<x<5,Mum,S,Under-7,76<x<90,F,55<x<80,1
856,2<x<10,80<x<97,x<2,Mum,S,Under-7,76<x<90,F,23<x<50,1
857,2<x<10,30<x<70,x>8,Mum,F,Above-7,11<x<27,M,23<x<50,0
858,2<x<10,21<x<30,x>8,Father,F,Under-7,62<x<75,F,x<2,0
859,x>66,30<x<70,6<x<7,Father,S,Above-7,35<x<62,M,23<x<50,1
860,x>66,80<x<97,x>8,Father,F,Under-7,76<x<90,M,20<x<23,1
861,32<x<65,10<x<21,x>8,Mum,F,Above-7,62<x<75,M,x>80,1
862,x>66,21<x<30,2<x<4,Mum,F,Under-7,35<x<62,F,55<x<80,1
863,x>66,30<x<70,4<x<5,Father,F,Under-7,35<x<62,M,23<x<50,1
864,32<x<65,7<x<10,x>8,Father,S,Above-7,x>90,F,14<x<20,1
865,2<x<10,30<x<70,x<2,Father,F,Under-7,2<x<11,M,55<x<80,1
866,32<x<65,21<x<30,x>8,Father,F,Above-7,2<x<11,F,55<x<80,1
867,x>66,10<x<21,6<x<7,Mum,F,Above-7,35<x<62,M,55<x<80,1
868,32<x<65,x<5,5<x<6,Father,F,Above-7,35<x<62,F,14<x<20,0
869,32<x<65,97<x<98,6<x<7,Father,F,Above-7,35<x<62,F,x>80,1
870,x>66,80<x<97,6<x<7,Mum,F,Under-7,2<x<11,M,55<x<80,1
871,32<x<65,30<x<70,x>8,Mum,F,Above-7,27<x<34,F,55<x<80,1
872,32<x<65,30<x<70,5<x<6,Mum,F,Under-7,11<x<27,M,55<x<80,1
873,19<x<32,80<x<97,7<x<8,Father,S,Above-7,35<x<62,M,14<x<20,1
874,x>66,10<x<21,x<2,Father,S,Above-7,2<x<11,F,x>80,1
875,19<x<32,30<x<70,5<x<6,Mum,S,Above-7,2<x<11,F,23<x<50,1
876,32<x<65,30<x<70,7<x<8,Mum,S,Above-7,76<x<90,F,2<x<5,1
877,x>66,30<x<70,7<x<8,Father,S,Above-7,2<x<11,M,x>80,1
878,x>66,80<x<97,5<x<6,Mum,S,Above-7,11<x<27,F,20<x<23,1
879,2<x<10,5<x<7,x>8,Mum,F,Under-7,2<x<11,M,10<x<14,0
880,19<x<32,x<5,2<x<4,Father,S,Above-7,76<x<90,F,x>80,1
881,32<x<65,97<x<98,x<2,Mum,S,Under-7,27<x<34,F,20<x<23,1
882,2<x<10,70<x<80,x>8,Mum,F,Above-7,11<x<27,M,23<x<50,0
883,32<x<65,7<x<10,5<x<6,Father,F,Above-7,76<x<90,F,x>80,1
884,x>66,30<x<70,2<x<4,Father,S,Above-7,11<x<27,F,x>80,1
885,2<x<10,80<x<97,x>8,Father,S,Under-7,11<x<27,M,x>80,1
886,11<x<15,30<x<70,6<x<7,Father,S,Under-7,35<x<62,F,23<x<50,1
887,x>66,80<x<97,7<x<8,Father,F,Under-7,62<x<75,F,7<x<10,1
888,19<x<32,10<x<21,6<x<7,Mum,F,Under-7,35<x<62,F,x>80,1
889,32<x<65,21<x<30,x>8,Mum,F,Under-7,35<x<62,F,x>80,1
890,16<x<18,21<x<30,6<x<7,Mum,S,Under-7,35<x<62,F,55<x<80,1
891,19<x<32,30<x<70,6<x<7,Mum,S,Above-7,62<x<75,F,x>80,1
892,x>66,21<x<30,x>8,Mum,S,Above-7,11<x<27,M,5<x<7,0
893,32<x<65,7<x<10,2<x<4,Mum,F,Under-7,2<x<11,F,23<x<50,1
894,32<x<65,10<x<21,6<x<7,Father,F,Above-7,11<x<27,M,x<2,0
895,19<x<32,80<x<97,4<x<5,Mum,F,Under-7,35<x<62,F,x>80,1
896,32<x<65,30<x<70,x<2,Father,F,Above-7,35<x<62,F,x>80,1
897,32<x<65,30<x<70,x<2,Father,S,Above-7,35<x<62,F,2<x<5,0
898,11<x<15,30<x<70,x>8,Father,S,Above-7,62<x<75,M,x>80,1
899,18<x<19,7<x<10,x>8,Mum,S,Under-7,62<x<75,M,50<x<55,1
900,32<x<65,30<x<70,6<x<7,Mum,S,Above-7,35<x<62,M,23<x<50,1
901,32<x<65,21<x<30,x>8,Father,S,Under-7,27<x<34,M,10<x<14,1
902,32<x<65,80<x<97,6<x<7,Father,F,Above-7,x<2,M,x>80,1
903,19<x<32,21<x<30,5<x<6,Father,F,Under-7,62<x<75,M,x<2,0
904,32<x<65,30<x<70,7<x<8,Father,S,Under-7,35<x<62,F,x>80,1
905,19<x<32,30<x<70,x>8,Mum,S,Above-7,11<x<27,F,x>80,1
906,16<x<18,30<x<70,x>8,Mum,F,Under-7,x<2,F,55<x<80,1
907,x>66,10<x<21,7<x<8,Father,F,Above-7,x<2,F,14<x<20,1
908,32<x<65,80<x<97,x>8,Mum,S,Under-7,11<x<27,F,10<x<14,1
909,32<x<65,21<x<30,5<x<6,Mum,S,Above-7,35<x<62,F,x>80,1
910,11<x<15,21<x<30,x>8,Father,S,Under-7,76<x<90,M,x>80,1
911,65<x<66,30<x<70,4<x<5,Mum,S,Above-7,2<x<11,M,23<x<50,1
912,x>66,80<x<97,2<x<4,Mum,S,Under-7,x<2,M,55<x<80,1
913,32<x<65,30<x<70,6<x<7,Mum,S,Above-7,11<x<27,M,5<x<7,0
914,19<x<32,10<x<21,x<2,Father,F,Above-7,62<x<75,M,x<2,0
915,19<x<32,80<x<97,6<x<7,Father,F,Above-7,11<x<27,F,10<x<14,0
916,2<x<10,30<x<70,5<x<6,Father,F,Under-7,11<x<27,F,55<x<80,1
917,19<x<32,7<x<10,x>8,Father,F,Under-7,x>90,F,23<x<50,1
918,11<x<15,30<x<70,7<x<8,Father,S,Above-7,76<x<90,M,x>80,1
919,19<x<32,30<x<70,x>8,Father,F,Under-7,76<x<90,M,x>80,1
920,32<x<65,80<x<97,5<x<6,Father,F,Under-7,35<x<62,F,23<x<50,1
921,11<x<15,x>98,7<x<8,Mum,F,Under-7,62<x<75,M,23<x<50,1
922,32<x<65,80<x<97,2<x<4,Father,S,Under-7,35<x<62,M,2<x<5,0
923,32<x<65,21<x<30,x>8,Mum,S,Above-7,x<2,M,23<x<50,0
924,32<x<65,30<x<70,x>8,Mum,S,Under-7,11<x<27,F,2<x<5,1
925,0<x<2,30<x<70,x<2,Father,F,Above-7,27<x<34,M,55<x<80,0
926,x>66,21<x<30,x>8,Mum,F,Above-7,76<x<90,F,23<x<50,1
927,65<x<66,70<x<80,x>8,Mum,S,Under-7,27<x<34,F,x>80,1
928,19<x<32,30<x<70,x>8,Mum,F,Above-7,35<x<62,F,x>80,1
929,2<x<10,70<x<80,x>8,Father,F,Under-7,62<x<75,F,x>80,1
930,19<x<32,70<x<80,x>8,Father,F,Above-7,35<x<62,F,7<x<10,0
931,19<x<32,80<x<97,4<x<5,Mum,F,Under-7,11<x<27,M,23<x<50,1
932,19<x<32,30<x<70,5<x<6,Mum,F,Under-7,x>90,M,50<x<55,1
933,x>66,70<x<80,6<x<7,Father,S,Above-7,11<x<27,F,x>80,1
934,32<x<65,30<x<70,6<x<7,Father,F,Under-7,x>90,M,x>80,1
935,19<x<32,80<x<97,x>8,Mum,F,Under-7,62<x<75,F,23<x<50,1
936,16<x<18,70<x<80,2<x<4,Mum,S,Above-7,35<x<62,M,23<x<50,1
937,19<x<32,7<x<10,4<x<5,Father,S,Above-7,62<x<75,F,x<2,0
938,18<x<19,30<x<70,5<x<6,Father,F,Under-7,2<x<11,M,x>80,1
939,32<x<65,30<x<70,5<x<6,Father,F,Under-7,2<x<11,M,55<x<80,1
940,32<x<65,21<x<30,4<x<5,Father,S,Above-7,11<x<27,M,x>80,0
941,2<x<10,70<x<80,5<x<6,Father,F,Above-7,11<x<27,M,x>80,1
942,0<x<2,80<x<97,5<x<6,Father,F,Above-7,2<x<11,M,55<x<80,1
943,x>66,80<x<97,x>8,Father,S,Above-7,76<x<90,M,23<x<50,1
944,18<x<19,21<x<30,x<2,Father,S,Under-7,2<x<11,F,50<x<55,1
945,19<x<32,30<x<70,4<x<5,Mum,S,Under-7,27<x<34,F,55<x<80,1
946,19<x<32,30<x<70,x>8,Mum,S,Above-7,35<x<62,F,x>80,1
947,32<x<65,70<x<80,x<2,Father,F,Above-7,27<x<34,F,23<x<50,1
948,19<x<32,80<x<97,x>8,Mum,F,Above-7,35<x<62,F,55<x<80,1
949,16<x<18,5<x<7,4<x<5,Father,F,Above-7,x>90,F,20<x<23,1
950,x>66,30<x<70,4<x<5,Mum,S,Above-7,76<x<90,M,55<x<80,1
951,x>66,70<x<80,x>8,Mum,S,Under-7,2<x<11,M,23<x<50,1
952,2<x<10,10<x<21,7<x<8,Father,F,Under-7,x>90,F,7<x<10,1
953,32<x<65,30<x<70,2<x<4,Mum,S,Under-7,35<x<62,M,55<x<80,1
954,32<x<65,30<x<70,4<x<5,Mum,F,Above-7,76<x<90,M,50<x<55,1
955,32<x<65,30<x<70,x>8,Father,F,Under-7,62<x<75,M,55<x<80,1
956,2<x<10,21<x<30,4<x<5,Father,F,Above-7,x>90,F,x>80,1
957,32<x<65,80<x<97,6<x<7,Father,S,Above-7,27<x<34,M,7<x<10,0
958,x>66,30<x<70,4<x<5,Father,F,Under-7,2<x<11,F,55<x<80,1
959,x<0,30<x<70,2<x<4,Mum,S,Above-7,76<x<90,F,23<x<50,1
960,32<x<65,30<x<70,x>8,Mum,F,Above-7,11<x<27,F,2<x<5,0
961,x>66,80<x<97,x>8,Mum,F,Under-7,2<x<11,M,55<x<80,1
962,16<x<18,21<x<30,7<x<8,Mum,F,Above-7,35<x<62,M,55<x<80,1
963,11<x<15,x<5,4<x<5,Father,S,Under-7,11<x<27,M,23<x<50,1
964,19<x<32,30<x<70,x>8,Father,F,Above-7,2<x<11,F,x>80,1
965,x>66,80<x<97,5<x<6,Mum,F,Under-7,11<x<27,F,x>80,1
966,32<x<65,x<5,2<x<4,Mum,F,Under-7,11<x<27,M,7<x<10,1
967,32<x<65,80<x<97,5<x<6,Father,F,Above-7,27<x<34,M,14<x<20,1
968,32<x<65,80<x<97,x>8,Father,S,Under-7,11<x<27,F,23<x<50,1
969,19<x<32,80<x<97,5<x<6,Father,F,Under-7,62<x<75,F,23<x<50,1
970,2<x<10,10<x<21,5<x<6,Father,F,Above-7,2<x<11,F,10<x<14,0
971,18<x<19,70<x<80,7<x<8,Mum,S,Under-7,11<x<27,F,x<2,0
972,x>66,10<x<21,6<x<7,Mum,S,Above-7,76<x<90,F,14<x<20,1
973,16<x<18,x<5,x>8,Mum,F,Under-7,35<x<62,M,23<x<50,1
974,x>66,21<x<30,7<x<8,Father,F,Under-7,76<x<90,M,14<x<20,1
975,x>66,80<x<97,x>8,Father,F,Under-7,x<2,M,23<x<50,1
976,19<x<32,x<5,x>8,Mum,S,Above-7,35<x<62,F,55<x<80,1
977,32<x<65,30<x<70,x>8,Mum,F,Under-7,x>90,F,x>80,1
978,11<x<15,30<x<70,7<x<8,Mum,F,Under-7,35<x<62,M,7<x<10,0
979,32<x<65,70<x<80,x>8,Father,F,Under-7,x>90,F,23<x<50,1
980,19<x<32,30<x<70,2<x<4,Mum,F,Above-7,35<x<62,F,55<x<80,1
981,32<x<65,30<x<70,5<x<6,Mum,S,Under-7,62<x<75,M,2<x<5,0
982,32<x<65,x<5,6<x<7,Mum,S,Above-7,35<x<62,M,7<x<10,0
983,x>66,10<x<21,7<x<8,Mum,S,Above-7,76<x<90,F,23<x<50,1
984,32<x<65,80<x<97,x>8,Mum,S,Above-7,11<x<27,M,2<x<5,0
985,x>66,30<x<70,x>8,Mum,F,Under-7,11<x<27,F,23<x<50,1
986,32<x<65,30<x<70,x<2,Father,F,Under-7,35<x<62,M,23<x<50,1
987,x>66,30<x<70,x>8,Father,F,Above-7,35<x<62,M,55<x<80,1
988,32<x<65,70<x<80,x>8,Father,S,Under-7,76<x<90,F,x>80,1
989,19<x<32,80<x<97,x>8,Mum,S,Under-7,11<x<27,M,55<x<80,1
990,19<x<32,30<x<70,x<2,Father,S,Above-7,27<x<34,F,55<x<80,1
991,10<x<11,10<x<21,x>8,Mum,F,Under-7,34<x<35,F,10<x<14,1
992,19<x<32,30<x<70,4<x<5,Mum,S,Above-7,62<x<75,F,23<x<50,1
993,65<x<66,21<x<30,7<x<8,Father,S,Above-7,2<x<11,F,23<x<50,0
994,x>66,97<x<98,4<x<5,Father,F,Under-7,27<x<34,F,x<2,0
995,x>66,80<x<97,x>8,Father,S,Under-7,35<x<62,M,x>80,1
996,32<x<65,30<x<70,x>8,Father,F,Above-7,62<x<75,F,20<x<23,1
997,32<x<65,30<x<70,6<x<7,Father,S,Above-7,35<x<62,M,55<x<80,1
998,32<x<65,5<x<7,6<x<7,Father,F,Above-7,11<x<27,F,14<x<20,0
999,32<x<65,30<x<70,x>8,Mum,S,Under-7,11<x<27,F,23<x<50,1
