id,AnnouncementsView,Discussion,Grade,NationalITy,ParentAnsweringSurvey,ParentschoolSatisfaction,Relation,SectionID,Semester,StageID,StudentAbsenceDays,Topic,VisITedResources,gender,raisedhands,class
0,12<x<20,21<x<69,2<x<12,Morocco,Yes,Good,Mum,B,F,lowerlevel,Under-7,IT,37<x<74,M,55<x<80,1
1,x>66,21<x<69,2<x<12,venzuela,Yes,Good,Father,A,F,HighSchool,Under-7,Quran,x<2,M,55<x<80,1
2,21<x<50,21<x<69,2<x<12,Iran,No,Bad,Father,A,S,MiddleSchool,Under-7,French,2<x<15,F,55<x<80,1
3,21<x<50,21<x<69,2<x<12,Syria,Yes,Bad,Mum,A,F,HighSchool,Above-7,Biology,2<x<15,M,x>80,1
4,x>66,80<x<96,2<x<12,Tunis,No,Bad,Father,B,F,HighSchool,Under-7,Arabic,37<x<74,F,23<x<40,1
5,21<x<50,70<x<80,2<x<12,Iran,Yes,Bad,Father,B,F,lowerlevel,Above-7,Spanish,37<x<74,F,x>80,1
6,12<x<20,5<x<10,2<x<12,Syria,Yes,Bad,Mum,B,F,lowerlevel,Above-7,Spanish,15<x<37,M,55<x<80,1
7,12<x<20,21<x<69,2<x<12,venzuela,Yes,Bad,Mum,C,S,lowerlevel,Above-7,History,37<x<74,F,40<x<54,1
8,x>66,70<x<80,2<x<12,SaudiArabia,Yes,Good,Mum,B,S,lowerlevel,Under-7,IT,15<x<37,M,55<x<80,1
9,2<x<12,80<x<96,2<x<12,Lybia,No,Good,Father,C,F,lowerlevel,Under-7,English,15<x<37,M,x>80,1
10,50<x<66,80<x<96,2<x<12,Syria,Yes,Good,Father,B,F,HighSchool,Under-7,History,37<x<74,F,55<x<80,1
11,x>66,21<x<69,2<x<12,Lybia,Yes,Bad,Mum,B,F,lowerlevel,Under-7,French,37<x<74,M,x>80,1
12,21<x<50,21<x<69,2<x<12,Iraq,No,Bad,Mum,C,S,HighSchool,Above-7,Arabic,37<x<74,F,x>80,1
13,50<x<66,21<x<69,2<x<12,KW,No,Good,Mum,A,F,lowerlevel,Above-7,English,37<x<74,M,x>80,1
14,50<x<66,80<x<96,2<x<12,USA,No,Bad,Mum,C,S,lowerlevel,Above-7,Quran,15<x<37,M,55<x<80,1
15,x>66,21<x<69,2<x<12,Morocco,Yes,Good,Father,B,S,HighSchool,Under-7,Math,15<x<37,F,23<x<40,1
16,50<x<66,3<x<5,2<x<12,KW,Yes,Good,Father,B,F,HighSchool,Above-7,IT,37<x<74,M,23<x<40,1
17,12<x<20,13<x<21,2<x<12,Palestine,No,Good,Mum,A,S,lowerlevel,Above-7,Biology,37<x<74,F,40<x<54,1
18,12<x<20,x>97,x<2,SaudiArabia,Yes,Good,Mum,C,S,HighSchool,Under-7,Science,74<x<76,F,55<x<80,1
19,21<x<50,5<x<10,2<x<12,SaudiArabia,No,Bad,Father,A,F,HighSchool,Above-7,Science,37<x<74,M,55<x<80,1
20,x>66,80<x<96,2<x<12,Egypt,No,Good,Father,B,S,MiddleSchool,Above-7,Arabic,37<x<74,F,x<5,0
21,50<x<66,x>97,2<x<12,Morocco,Yes,Good,Mum,B,F,lowerlevel,Above-7,Geology,x>90,F,10<x<12,1
22,21<x<50,21<x<69,2<x<12,Morocco,No,Bad,Father,A,S,MiddleSchool,Under-7,Spanish,x>90,F,7<x<10,1
23,0<x<2,21<x<69,2<x<12,Egypt,No,Good,Mum,B,F,lowerlevel,Above-7,History,x>90,M,23<x<40,1
24,0<x<2,70<x<80,2<x<12,Egypt,No,Good,Father,C,F,HighSchool,Under-7,Biology,15<x<37,M,55<x<80,1
25,21<x<50,80<x<96,x<2,Morocco,No,Bad,Father,B,F,HighSchool,Above-7,Math,76<x<90,F,x>80,1
26,21<x<50,21<x<69,2<x<12,Lybia,Yes,Bad,Father,A,S,HighSchool,Under-7,Science,15<x<37,M,13<x<19,1
27,50<x<66,21<x<69,2<x<12,KW,No,Good,Father,A,S,lowerlevel,Above-7,IT,76<x<90,F,23<x<40,1
28,x>66,13<x<21,2<x<12,Egypt,No,Bad,Father,A,S,HighSchool,Above-7,Quran,x>90,M,23<x<40,1
29,21<x<50,13<x<21,x<2,Jordan,Yes,Bad,Father,C,S,MiddleSchool,Above-7,Arabic,15<x<37,F,10<x<12,1
30,12<x<20,13<x<21,2<x<12,Palestine,Yes,Bad,Father,A,F,MiddleSchool,Under-7,Chemistry,x>90,F,40<x<54,1
31,x<0,21<x<69,2<x<12,KW,Yes,Good,Father,A,F,lowerlevel,Above-7,Science,2<x<15,M,x>80,0
32,21<x<50,21<x<69,2<x<12,SaudiArabia,No,Good,Father,C,F,MiddleSchool,Above-7,Chemistry,x>90,M,55<x<80,1
33,2<x<12,3<x<5,2<x<12,Jordan,No,Good,Mum,A,F,HighSchool,Above-7,Spanish,37<x<74,F,55<x<80,0
34,x>66,21<x<69,x<2,Syria,No,Good,Father,C,S,lowerlevel,Under-7,Chemistry,76<x<90,F,7<x<10,1
35,21<x<50,80<x<96,2<x<12,KW,Yes,Bad,Mum,B,F,MiddleSchool,Under-7,Chemistry,37<x<74,M,40<x<54,1
36,21<x<50,80<x<96,2<x<12,Iraq,No,Bad,Mum,C,F,lowerlevel,Above-7,Chemistry,76<x<90,F,7<x<10,1
37,x>66,5<x<10,2<x<12,KW,Yes,Good,Father,C,F,HighSchool,Above-7,IT,76<x<90,M,55<x<80,1
38,50<x<66,21<x<69,2<x<12,Iraq,No,Good,Father,B,S,HighSchool,Above-7,IT,15<x<37,M,40<x<54,1
39,x>66,5<x<10,2<x<12,USA,No,Good,Mum,C,F,lowerlevel,Under-7,Biology,37<x<74,F,40<x<54,1
40,x>66,80<x<96,x<2,Egypt,Yes,Bad,Father,B,S,lowerlevel,Above-7,Geology,76<x<90,F,x>80,1
41,21<x<50,80<x<96,2<x<12,Tunis,Yes,Good,Mum,A,F,lowerlevel,Above-7,Geology,x>90,F,55<x<80,1
42,x>66,21<x<69,2<x<12,SaudiArabia,No,Good,Mum,B,F,lowerlevel,Above-7,Quran,76<x<90,M,7<x<10,1
43,21<x<50,80<x<96,2<x<12,Egypt,No,Good,Mum,B,S,MiddleSchool,Under-7,Spanish,15<x<37,F,40<x<54,1
44,12<x<20,21<x<69,2<x<12,USA,Yes,Bad,Mum,A,S,HighSchool,Under-7,IT,37<x<74,F,23<x<40,1
45,21<x<50,2<x<3,2<x<12,Iran,No,Bad,Mum,A,F,HighSchool,Under-7,Arabic,37<x<74,F,x>80,1
46,x>66,21<x<69,2<x<12,Morocco,Yes,Good,Father,B,S,HighSchool,Above-7,English,37<x<74,M,40<x<54,1
47,0<x<2,21<x<69,2<x<12,Iraq,Yes,Good,Mum,B,F,MiddleSchool,Above-7,Geology,15<x<37,M,x>80,1
48,x>66,21<x<69,2<x<12,SaudiArabia,No,Bad,Father,B,S,HighSchool,Under-7,Math,37<x<74,M,x<5,0
49,12<x<20,21<x<69,2<x<12,lebanon,No,Good,Father,C,F,HighSchool,Under-7,Math,37<x<74,F,13<x<19,1
50,x>66,21<x<69,2<x<12,USA,Yes,Bad,Father,A,S,MiddleSchool,Under-7,Geology,15<x<37,M,x>80,1
51,21<x<50,21<x<69,2<x<12,Jordan,No,Bad,Father,B,F,MiddleSchool,Under-7,Chemistry,x>90,M,55<x<80,1
52,50<x<66,13<x<21,2<x<12,venzuela,No,Good,Father,C,F,MiddleSchool,Under-7,Arabic,15<x<37,M,55<x<80,1
53,x<0,21<x<69,2<x<12,Lybia,No,Good,Father,C,S,HighSchool,Under-7,Biology,76<x<90,F,19<x<23,1
54,21<x<50,70<x<80,2<x<12,Iran,Yes,Bad,Father,C,S,HighSchool,Under-7,IT,76<x<90,M,7<x<10,1
55,x>66,2<x<3,2<x<12,Palestine,Yes,Good,Mum,C,S,HighSchool,Under-7,Geology,37<x<74,F,23<x<40,1
56,21<x<50,80<x<96,2<x<12,Lybia,Yes,Bad,Mum,C,F,MiddleSchool,Under-7,IT,15<x<37,F,55<x<80,1
57,2<x<12,21<x<69,2<x<12,Iraq,Yes,Bad,Mum,C,F,MiddleSchool,Under-7,Chemistry,x>90,F,23<x<40,1
58,12<x<20,21<x<69,2<x<12,venzuela,Yes,Good,Father,C,S,MiddleSchool,Under-7,English,76<x<90,M,19<x<23,1
59,21<x<50,21<x<69,2<x<12,SaudiArabia,Yes,Good,Father,A,F,MiddleSchool,Under-7,English,15<x<37,F,x>80,1
60,x>66,2<x<3,2<x<12,USA,Yes,Bad,Mum,B,F,HighSchool,Above-7,Chemistry,76<x<90,M,55<x<80,1
61,x>66,21<x<69,2<x<12,venzuela,Yes,Good,Mum,C,S,lowerlevel,Under-7,French,15<x<37,F,10<x<12,1
62,12<x<20,70<x<80,2<x<12,SaudiArabia,No,Good,Mum,B,F,MiddleSchool,Above-7,IT,15<x<37,M,23<x<40,1
63,x>66,21<x<69,2<x<12,Iran,Yes,Good,Mum,B,F,HighSchool,Under-7,Arabic,x<2,M,55<x<80,1
64,21<x<50,13<x<21,2<x<12,Lybia,No,Bad,Father,B,S,HighSchool,Above-7,English,15<x<37,F,5<x<7,0
65,x>66,21<x<69,2<x<12,Iraq,Yes,Bad,Father,C,F,HighSchool,Under-7,History,37<x<74,M,40<x<54,1
66,21<x<50,21<x<69,2<x<12,Egypt,Yes,Bad,Mum,A,F,MiddleSchool,Above-7,Math,x>90,F,7<x<10,1
67,x>66,80<x<96,x<2,Palestine,No,Good,Father,A,S,HighSchool,Above-7,IT,76<x<90,F,23<x<40,1
68,x>66,21<x<69,2<x<12,Morocco,No,Good,Father,C,F,lowerlevel,Under-7,Geology,15<x<37,F,23<x<40,1
69,x>66,80<x<96,2<x<12,Egypt,Yes,Bad,Father,A,S,MiddleSchool,Above-7,Math,15<x<37,F,13<x<19,1
70,50<x<66,x>97,x<2,Iran,Yes,Bad,Mum,C,F,HighSchool,Under-7,History,37<x<74,M,55<x<80,1
71,2<x<12,21<x<69,2<x<12,SaudiArabia,No,Bad,Mum,B,F,MiddleSchool,Under-7,IT,15<x<37,F,x>80,1
72,x>66,21<x<69,2<x<12,Iraq,No,Bad,Father,C,F,MiddleSchool,Above-7,English,76<x<90,M,40<x<54,1
73,21<x<50,21<x<69,2<x<12,Syria,Yes,Good,Mum,C,F,HighSchool,Under-7,History,2<x<15,F,x>80,1
74,12<x<20,96<x<97,2<x<12,Lybia,Yes,Good,Father,A,F,MiddleSchool,Under-7,History,2<x<15,M,55<x<80,1
75,21<x<50,21<x<69,2<x<12,Tunis,No,Good,Father,B,S,MiddleSchool,Above-7,English,76<x<90,M,12<x<13,1
76,50<x<66,80<x<96,2<x<12,Syria,Yes,Bad,Father,A,S,lowerlevel,Above-7,History,2<x<15,F,23<x<40,1
77,21<x<50,x<2,2<x<12,Egypt,Yes,Good,Mum,A,F,lowerlevel,Under-7,Quran,37<x<74,F,10<x<12,1
78,50<x<66,13<x<21,2<x<12,Tunis,Yes,Bad,Father,C,F,lowerlevel,Above-7,Science,2<x<15,F,55<x<80,1
79,x>66,13<x<21,2<x<12,SaudiArabia,Yes,Good,Mum,C,S,MiddleSchool,Under-7,History,37<x<74,M,40<x<54,1
80,21<x<50,5<x<10,2<x<12,Lybia,Yes,Bad,Father,B,S,HighSchool,Above-7,Arabic,37<x<74,M,x>80,1
81,x>66,80<x<96,x<2,Iraq,No,Bad,Father,B,F,MiddleSchool,Above-7,Math,x<2,F,19<x<23,1
82,x>66,21<x<69,2<x<12,Egypt,No,Good,Father,C,S,HighSchool,Above-7,French,37<x<74,M,x>80,1
83,x>66,21<x<69,2<x<12,USA,Yes,Bad,Mum,C,S,MiddleSchool,Under-7,Chemistry,76<x<90,M,19<x<23,1
84,21<x<50,21<x<69,2<x<12,Lybia,Yes,Good,Mum,A,S,lowerlevel,Above-7,IT,37<x<74,F,x>80,1
85,21<x<50,21<x<69,2<x<12,USA,Yes,Bad,Father,A,S,MiddleSchool,Under-7,Chemistry,37<x<74,M,x<5,1
86,21<x<50,5<x<10,2<x<12,Palestine,Yes,Good,Mum,A,F,lowerlevel,Above-7,Chemistry,15<x<37,F,40<x<54,1
87,x>66,21<x<69,2<x<12,Syria,No,Good,Father,C,F,HighSchool,Above-7,French,x<2,F,55<x<80,1
88,x>66,5<x<10,2<x<12,KW,Yes,Good,Mum,B,S,HighSchool,Above-7,Spanish,x<2,M,23<x<40,1
89,21<x<50,70<x<80,2<x<12,Iraq,No,Bad,Father,A,S,MiddleSchool,Above-7,Quran,15<x<37,F,13<x<19,1
90,21<x<50,21<x<69,x<2,Lybia,No,Good,Mum,C,S,MiddleSchool,Under-7,Spanish,37<x<74,M,40<x<54,1
91,2<x<12,21<x<69,2<x<12,Jordan,No,Bad,Mum,C,S,HighSchool,Under-7,Arabic,37<x<74,M,40<x<54,1
92,x>66,70<x<80,2<x<12,Lybia,Yes,Bad,Father,A,F,MiddleSchool,Under-7,French,15<x<37,M,55<x<80,1
93,12<x<20,21<x<69,x<2,Egypt,Yes,Good,Father,A,F,HighSchool,Under-7,Quran,37<x<74,M,55<x<80,1
94,x>66,21<x<69,x<2,Iraq,Yes,Bad,Father,A,F,lowerlevel,Under-7,Spanish,37<x<74,F,40<x<54,1
95,2<x<12,21<x<69,2<x<12,Lybia,No,Bad,Father,C,F,MiddleSchool,Under-7,Geology,37<x<74,M,23<x<40,1
96,21<x<50,21<x<69,2<x<12,Egypt,Yes,Bad,Mum,C,S,MiddleSchool,Above-7,French,74<x<76,F,23<x<40,1
97,21<x<50,70<x<80,2<x<12,venzuela,Yes,Good,Father,C,S,HighSchool,Under-7,Arabic,76<x<90,M,19<x<23,1
98,0<x<2,80<x<96,2<x<12,SaudiArabia,No,Good,Father,B,S,MiddleSchool,Above-7,Biology,37<x<74,M,x<5,0
99,x>66,21<x<69,2<x<12,Morocco,Yes,Good,Father,B,F,MiddleSchool,Above-7,Science,37<x<74,M,40<x<54,1
100,12<x<20,80<x<96,2<x<12,Egypt,Yes,Bad,Father,A,F,lowerlevel,Above-7,Arabic,37<x<74,F,55<x<80,1
101,21<x<50,70<x<80,2<x<12,Egypt,No,Good,Father,C,F,HighSchool,Above-7,French,37<x<74,F,40<x<54,1
102,x>66,80<x<96,2<x<12,Lybia,Yes,Good,Mum,B,S,HighSchool,Above-7,English,37<x<74,F,x>80,1
103,2<x<12,21<x<69,x<2,Jordan,Yes,Bad,Mum,C,F,MiddleSchool,Under-7,IT,76<x<90,F,x<5,0
104,2<x<12,21<x<69,2<x<12,Jordan,No,Bad,Mum,A,S,MiddleSchool,Above-7,IT,76<x<90,M,19<x<23,1
105,21<x<50,80<x<96,2<x<12,Iraq,Yes,Bad,Mum,B,S,lowerlevel,Under-7,French,15<x<37,M,55<x<80,1
106,21<x<50,21<x<69,2<x<12,Tunis,Yes,Good,Mum,B,F,lowerlevel,Under-7,Math,15<x<37,F,23<x<40,1
107,21<x<50,5<x<10,2<x<12,Palestine,Yes,Good,Mum,A,F,HighSchool,Under-7,English,2<x<15,M,55<x<80,1
108,12<x<20,21<x<69,2<x<12,venzuela,Yes,Good,Father,C,S,lowerlevel,Above-7,Spanish,2<x<15,M,55<x<80,1
109,x>66,10<x<13,2<x<12,Iraq,No,Good,Mum,C,F,HighSchool,Under-7,History,15<x<37,M,40<x<54,1
110,x>66,21<x<69,2<x<12,KW,No,Good,Father,A,S,MiddleSchool,Above-7,Geology,37<x<74,M,x<5,0
111,12<x<20,69<x<70,2<x<12,Iraq,No,Good,Mum,A,S,lowerlevel,Under-7,Math,37<x<74,M,13<x<19,1
112,2<x<12,80<x<96,2<x<12,Tunis,Yes,Bad,Mum,A,S,HighSchool,Above-7,Geology,x<2,M,x>80,1
113,2<x<12,13<x<21,2<x<12,Egypt,No,Bad,Father,B,S,MiddleSchool,Under-7,History,x>90,M,13<x<19,1
114,50<x<66,21<x<69,2<x<12,KW,Yes,Bad,Mum,A,F,HighSchool,Above-7,Biology,2<x<15,M,x>80,1
115,12<x<20,13<x<21,2<x<12,Morocco,Yes,Good,Father,B,F,MiddleSchool,Above-7,Quran,x>90,M,19<x<23,1
116,x>66,21<x<69,2<x<12,Egypt,Yes,Good,Mum,B,S,HighSchool,Under-7,Quran,15<x<37,M,13<x<19,1
117,21<x<50,21<x<69,2<x<12,Morocco,No,Bad,Mum,C,F,MiddleSchool,Under-7,Math,76<x<90,F,40<x<54,1
118,50<x<66,21<x<69,2<x<12,USA,No,Good,Father,C,S,MiddleSchool,Under-7,History,15<x<37,M,23<x<40,1
119,21<x<50,5<x<10,2<x<12,Palestine,No,Good,Mum,B,F,HighSchool,Above-7,English,x>90,F,23<x<40,1
120,2<x<12,21<x<69,2<x<12,SaudiArabia,Yes,Bad,Father,C,F,lowerlevel,Above-7,French,76<x<90,M,x>80,1
121,50<x<66,3<x<5,2<x<12,Morocco,Yes,Bad,Mum,B,F,HighSchool,Above-7,Spanish,2<x<15,F,55<x<80,1
122,x>66,70<x<80,2<x<12,venzuela,Yes,Good,Father,B,S,MiddleSchool,Above-7,Science,2<x<15,M,x>80,1
123,x>66,70<x<80,2<x<12,Iran,Yes,Good,Father,C,S,MiddleSchool,Above-7,Arabic,2<x<15,F,12<x<13,0
124,50<x<66,21<x<69,2<x<12,Lybia,No,Bad,Mum,C,S,lowerlevel,Under-7,Math,2<x<15,F,19<x<23,1
125,2<x<12,5<x<10,2<x<12,Egypt,Yes,Bad,Father,B,F,lowerlevel,Above-7,Chemistry,15<x<37,F,x>80,1
126,2<x<12,21<x<69,2<x<12,Palestine,Yes,Bad,Father,C,F,MiddleSchool,Under-7,Quran,76<x<90,F,x<5,0
127,50<x<66,13<x<21,2<x<12,Palestine,Yes,Bad,Father,C,F,MiddleSchool,Above-7,English,76<x<90,M,23<x<40,1
128,21<x<50,80<x<96,2<x<12,venzuela,Yes,Good,Father,A,F,lowerlevel,Above-7,French,x>90,F,13<x<19,1
129,x>66,21<x<69,x<2,Syria,Yes,Bad,Father,A,S,lowerlevel,Under-7,Quran,2<x<15,M,55<x<80,1
130,12<x<20,70<x<80,2<x<12,KW,No,Bad,Father,A,F,lowerlevel,Above-7,Math,37<x<74,M,23<x<40,1
131,2<x<12,21<x<69,x<2,Jordan,Yes,Bad,Mum,A,F,MiddleSchool,Above-7,History,x<2,M,10<x<12,0
132,50<x<66,21<x<69,2<x<12,Egypt,No,Bad,Father,A,S,HighSchool,Under-7,IT,x>90,F,x>80,1
133,21<x<50,70<x<80,2<x<12,Morocco,No,Good,Father,C,S,HighSchool,Above-7,Math,2<x<15,F,x>80,1
134,50<x<66,21<x<69,2<x<12,venzuela,Yes,Bad,Mum,B,S,HighSchool,Above-7,Geology,37<x<74,M,x>80,1
135,21<x<50,21<x<69,2<x<12,Iran,Yes,Bad,Mum,A,F,MiddleSchool,Under-7,Spanish,15<x<37,F,x<5,0
136,x>66,21<x<69,2<x<12,Syria,No,Bad,Father,A,F,MiddleSchool,Under-7,Chemistry,76<x<90,F,23<x<40,1
137,50<x<66,13<x<21,2<x<12,Morocco,No,Bad,Father,B,F,lowerlevel,Above-7,Chemistry,37<x<74,F,23<x<40,1
138,21<x<50,70<x<80,2<x<12,USA,No,Good,Mum,A,S,lowerlevel,Under-7,Arabic,15<x<37,M,55<x<80,1
139,x>66,21<x<69,x<2,lebanon,No,Bad,Mum,B,S,HighSchool,Under-7,IT,37<x<74,F,x>80,1
140,50<x<66,13<x<21,2<x<12,Jordan,No,Bad,Father,A,F,MiddleSchool,Under-7,Chemistry,37<x<74,F,23<x<40,1
141,12<x<20,70<x<80,2<x<12,Lybia,Yes,Good,Father,B,S,HighSchool,Above-7,History,2<x<15,F,23<x<40,1
142,50<x<66,13<x<21,2<x<12,SaudiArabia,Yes,Good,Father,B,S,lowerlevel,Under-7,Spanish,2<x<15,F,7<x<10,0
143,12<x<20,70<x<80,2<x<12,Egypt,Yes,Good,Mum,C,F,lowerlevel,Under-7,IT,37<x<74,M,54<x<55,1
144,x>66,5<x<10,x<2,Iran,No,Good,Father,A,F,lowerlevel,Under-7,French,37<x<74,M,23<x<40,1
145,50<x<66,21<x<69,2<x<12,venzuela,Yes,Good,Father,A,S,lowerlevel,Under-7,History,37<x<74,M,40<x<54,1
146,50<x<66,80<x<96,2<x<12,venzuela,Yes,Bad,Father,C,S,MiddleSchool,Above-7,History,15<x<37,M,23<x<40,1
147,x>66,x<2,2<x<12,USA,Yes,Good,Father,A,F,HighSchool,Under-7,Chemistry,37<x<74,F,x>80,1
148,x>66,21<x<69,2<x<12,Tunis,Yes,Bad,Father,A,F,lowerlevel,Above-7,Spanish,37<x<74,M,23<x<40,1
149,12<x<20,13<x<21,2<x<12,venzuela,No,Good,Father,A,F,HighSchool,Under-7,History,37<x<74,F,19<x<23,1
150,12<x<20,10<x<13,2<x<12,Tunis,Yes,Bad,Father,A,S,lowerlevel,Above-7,Biology,37<x<74,F,55<x<80,1
151,2<x<12,5<x<10,2<x<12,lebanon,No,Bad,Mum,A,S,lowerlevel,Above-7,French,15<x<37,F,13<x<19,0
152,50<x<66,80<x<96,2<x<12,Syria,Yes,Good,Father,C,S,HighSchool,Under-7,History,x>90,M,55<x<80,1
153,2<x<12,21<x<69,2<x<12,SaudiArabia,No,Good,Father,B,S,MiddleSchool,Above-7,IT,2<x<15,F,19<x<23,0
154,2<x<12,21<x<69,2<x<12,KW,No,Good,Mum,C,S,lowerlevel,Above-7,History,15<x<37,F,55<x<80,1
155,50<x<66,21<x<69,2<x<12,Palestine,Yes,Good,Father,A,S,HighSchool,Under-7,Arabic,2<x<15,M,x>80,1
156,2<x<12,96<x<97,2<x<12,SaudiArabia,Yes,Bad,Mum,C,F,MiddleSchool,Under-7,Arabic,x>90,F,40<x<54,1
157,x>66,21<x<69,2<x<12,Lybia,Yes,Bad,Father,C,F,MiddleSchool,Above-7,English,x>90,F,23<x<40,1
158,21<x<50,21<x<69,2<x<12,Tunis,No,Bad,Mum,A,F,HighSchool,Above-7,Chemistry,76<x<90,M,19<x<23,1
159,21<x<50,21<x<69,2<x<12,Jordan,No,Good,Mum,B,F,HighSchool,Above-7,History,2<x<15,F,55<x<80,1
160,x>66,70<x<80,2<x<12,Palestine,No,Good,Mum,A,F,MiddleSchool,Above-7,Arabic,x>90,F,23<x<40,1
161,x>66,80<x<96,2<x<12,Lybia,Yes,Bad,Mum,C,S,lowerlevel,Under-7,Chemistry,2<x<15,F,x>80,1
162,x>66,80<x<96,2<x<12,Palestine,Yes,Good,Father,A,F,HighSchool,Under-7,Quran,37<x<74,M,55<x<80,1
163,x>66,21<x<69,2<x<12,Egypt,Yes,Good,Mum,B,S,lowerlevel,Under-7,Quran,15<x<37,M,10<x<12,1
164,21<x<50,5<x<10,2<x<12,Iraq,No,Good,Father,B,F,lowerlevel,Under-7,Biology,76<x<90,F,23<x<40,1
165,x>66,21<x<69,2<x<12,Palestine,No,Good,Father,B,S,MiddleSchool,Under-7,Geology,37<x<74,M,55<x<80,1
166,x>66,3<x<5,2<x<12,Tunis,Yes,Good,Father,C,S,MiddleSchool,Above-7,Science,15<x<37,M,x>80,1
167,21<x<50,21<x<69,2<x<12,Egypt,No,Bad,Father,C,S,MiddleSchool,Above-7,Math,x>90,F,55<x<80,1
168,50<x<66,21<x<69,2<x<12,Morocco,Yes,Good,Father,C,S,MiddleSchool,Under-7,History,2<x<15,M,40<x<54,1
169,x>66,21<x<69,2<x<12,lebanon,Yes,Good,Mum,B,F,HighSchool,Under-7,Chemistry,2<x<15,M,55<x<80,1
170,21<x<50,21<x<69,2<x<12,Iraq,No,Bad,Mum,B,F,HighSchool,Under-7,Biology,2<x<15,F,7<x<10,0
171,50<x<66,x>97,2<x<12,Iran,No,Bad,Father,B,F,HighSchool,Above-7,Spanish,2<x<15,M,55<x<80,1
172,x>66,13<x<21,2<x<12,Iran,Yes,Good,Father,A,F,HighSchool,Above-7,Arabic,37<x<74,M,19<x<23,1
173,50<x<66,21<x<69,2<x<12,Tunis,No,Bad,Mum,C,S,lowerlevel,Above-7,Arabic,37<x<74,M,19<x<23,1
174,50<x<66,80<x<96,2<x<12,Syria,Yes,Bad,Father,C,F,lowerlevel,Under-7,Biology,15<x<37,F,23<x<40,1
175,x>66,21<x<69,2<x<12,Lybia,Yes,Bad,Mum,A,S,HighSchool,Under-7,Geology,15<x<37,M,55<x<80,1
176,21<x<50,13<x<21,2<x<12,KW,Yes,Bad,Father,C,S,HighSchool,Under-7,French,2<x<15,M,55<x<80,1
177,x>66,21<x<69,2<x<12,Syria,No,Bad,Father,C,S,MiddleSchool,Under-7,Spanish,15<x<37,M,23<x<40,1
178,12<x<20,70<x<80,2<x<12,Palestine,No,Bad,Father,C,S,lowerlevel,Above-7,Biology,37<x<74,F,40<x<54,1
179,21<x<50,21<x<69,2<x<12,Lybia,No,Good,Father,A,S,lowerlevel,Above-7,Science,2<x<15,M,x<5,0
180,x>66,x<2,2<x<12,Jordan,No,Good,Father,A,S,MiddleSchool,Under-7,Biology,2<x<15,F,23<x<40,1
181,21<x<50,70<x<80,2<x<12,Jordan,Yes,Good,Mum,C,S,lowerlevel,Under-7,English,37<x<74,F,55<x<80,1
182,50<x<66,21<x<69,2<x<12,Iran,No,Bad,Father,A,S,lowerlevel,Above-7,Biology,37<x<74,M,23<x<40,1
183,12<x<20,5<x<10,2<x<12,Iraq,No,Bad,Father,A,F,HighSchool,Under-7,Science,76<x<90,M,55<x<80,1
184,21<x<50,80<x<96,2<x<12,KW,Yes,Good,Mum,C,F,MiddleSchool,Above-7,History,15<x<37,F,x>80,1
185,21<x<50,10<x<13,2<x<12,Palestine,No,Bad,Father,B,S,lowerlevel,Under-7,Spanish,2<x<15,F,5<x<7,0
186,21<x<50,21<x<69,2<x<12,Tunis,Yes,Bad,Mum,A,S,lowerlevel,Under-7,Math,37<x<74,F,10<x<12,1
187,50<x<66,80<x<96,2<x<12,venzuela,No,Bad,Father,B,F,MiddleSchool,Above-7,French,15<x<37,M,40<x<54,1
188,x>66,21<x<69,x<2,Syria,Yes,Bad,Father,C,F,MiddleSchool,Under-7,Spanish,76<x<90,F,x>80,1
189,12<x<20,21<x<69,2<x<12,lebanon,Yes,Good,Father,A,F,MiddleSchool,Under-7,English,37<x<74,F,x>80,1
190,21<x<50,21<x<69,2<x<12,Palestine,Yes,Good,Father,B,S,lowerlevel,Under-7,Biology,37<x<74,F,10<x<12,1
191,x>66,21<x<69,2<x<12,venzuela,No,Good,Father,B,S,MiddleSchool,Above-7,English,76<x<90,F,13<x<19,1
192,21<x<50,21<x<69,2<x<12,Tunis,No,Bad,Father,B,F,MiddleSchool,Under-7,French,76<x<90,F,55<x<80,1
193,21<x<50,21<x<69,2<x<12,Iraq,Yes,Good,Mum,C,F,HighSchool,Above-7,History,37<x<74,F,13<x<19,1
194,x>66,70<x<80,x<2,Palestine,No,Bad,Mum,B,F,HighSchool,Above-7,Geology,x>90,M,23<x<40,1
195,x>66,2<x<3,2<x<12,KW,Yes,Bad,Father,A,F,lowerlevel,Above-7,Geology,37<x<74,F,40<x<54,1
196,21<x<50,70<x<80,2<x<12,Egypt,No,Good,Mum,A,S,HighSchool,Under-7,Science,15<x<37,M,13<x<19,1
197,2<x<12,80<x<96,2<x<12,Egypt,Yes,Bad,Mum,A,F,HighSchool,Under-7,History,74<x<76,F,55<x<80,1
198,x>66,21<x<69,2<x<12,Jordan,Yes,Good,Father,A,S,MiddleSchool,Under-7,English,15<x<37,M,54<x<55,1
199,21<x<50,x<2,2<x<12,Iraq,Yes,Good,Father,A,F,HighSchool,Under-7,History,x>90,F,40<x<54,1
200,x>66,80<x<96,x<2,venzuela,No,Good,Mum,A,S,lowerlevel,Under-7,Quran,76<x<90,F,x<5,1
201,x>66,21<x<69,x<2,Palestine,Yes,Good,Mum,C,F,MiddleSchool,Under-7,Science,76<x<90,M,55<x<80,1
202,21<x<50,70<x<80,2<x<12,Palestine,No,Good,Father,C,S,HighSchool,Above-7,Geology,76<x<90,M,23<x<40,1
203,2<x<12,21<x<69,2<x<12,Iran,No,Bad,Father,A,F,MiddleSchool,Under-7,History,15<x<37,F,55<x<80,1
204,21<x<50,80<x<96,2<x<12,SaudiArabia,No,Bad,Mum,A,F,MiddleSchool,Under-7,Science,37<x<74,F,7<x<10,1
205,21<x<50,21<x<69,x<2,USA,Yes,Good,Father,A,F,MiddleSchool,Above-7,Spanish,37<x<74,F,x>80,1
206,x>66,70<x<80,2<x<12,Egypt,No,Bad,Mum,B,S,MiddleSchool,Above-7,IT,x>90,F,13<x<19,1
207,2<x<12,21<x<69,2<x<12,USA,No,Good,Mum,A,F,lowerlevel,Under-7,IT,76<x<90,F,40<x<54,1
208,50<x<66,5<x<10,2<x<12,Syria,Yes,Bad,Mum,B,F,MiddleSchool,Under-7,Spanish,x>90,F,23<x<40,1
209,50<x<66,13<x<21,2<x<12,Lybia,No,Bad,Mum,A,S,MiddleSchool,Under-7,French,37<x<74,M,23<x<40,1
210,x>66,5<x<10,2<x<12,SaudiArabia,Yes,Bad,Mum,A,S,HighSchool,Under-7,French,76<x<90,F,23<x<40,1
211,50<x<66,21<x<69,x<2,Tunis,Yes,Bad,Mum,A,S,lowerlevel,Above-7,Chemistry,x>90,M,19<x<23,1
212,21<x<50,21<x<69,2<x<12,USA,Yes,Good,Father,A,F,MiddleSchool,Under-7,Spanish,37<x<74,M,x<5,0
213,21<x<50,80<x<96,2<x<12,Syria,No,Bad,Father,A,F,HighSchool,Under-7,Quran,76<x<90,M,x<5,1
214,12<x<20,80<x<96,x<2,Iraq,Yes,Good,Father,C,S,MiddleSchool,Under-7,Arabic,76<x<90,M,55<x<80,1
215,21<x<50,70<x<80,2<x<12,Egypt,No,Bad,Father,C,F,MiddleSchool,Under-7,English,37<x<74,F,40<x<54,1
216,x>66,21<x<69,2<x<12,Tunis,Yes,Good,Mum,A,F,lowerlevel,Under-7,Biology,15<x<37,M,23<x<40,1
217,50<x<66,5<x<10,2<x<12,Jordan,Yes,Bad,Father,C,F,lowerlevel,Above-7,Quran,37<x<74,F,x>80,1
218,21<x<50,13<x<21,2<x<12,Syria,Yes,Good,Mum,A,S,HighSchool,Under-7,History,37<x<74,F,13<x<19,1
219,x>66,3<x<5,2<x<12,KW,No,Good,Mum,C,F,lowerlevel,Above-7,Geology,37<x<74,F,55<x<80,1
220,50<x<66,21<x<69,x<2,KW,No,Bad,Father,C,S,HighSchool,Under-7,Chemistry,37<x<74,M,40<x<54,1
221,x>66,10<x<13,x<2,Palestine,No,Bad,Father,B,S,MiddleSchool,Above-7,Spanish,2<x<15,M,55<x<80,1
222,x>66,21<x<69,2<x<12,SaudiArabia,Yes,Good,Mum,C,S,HighSchool,Above-7,IT,37<x<74,M,40<x<54,1
223,20<x<21,21<x<69,2<x<12,Palestine,Yes,Bad,Father,A,F,HighSchool,Above-7,IT,37<x<74,F,54<x<55,1
224,12<x<20,13<x<21,2<x<12,Jordan,No,Bad,Mum,A,S,lowerlevel,Under-7,English,15<x<37,F,40<x<54,1
225,21<x<50,13<x<21,2<x<12,Palestine,No,Bad,Father,A,S,MiddleSchool,Under-7,Arabic,x>90,M,55<x<80,1
226,x>66,21<x<69,2<x<12,KW,No,Good,Father,C,S,MiddleSchool,Above-7,Math,x>90,M,23<x<40,1
227,21<x<50,21<x<69,2<x<12,Iraq,No,Bad,Mum,B,F,MiddleSchool,Under-7,Math,76<x<90,F,x>80,1
228,x>66,21<x<69,2<x<12,Morocco,No,Good,Mum,C,F,lowerlevel,Above-7,English,37<x<74,M,x<5,0
229,12<x<20,21<x<69,2<x<12,venzuela,Yes,Bad,Mum,A,F,HighSchool,Under-7,Spanish,x<2,M,55<x<80,1
230,21<x<50,21<x<69,2<x<12,venzuela,Yes,Good,Mum,B,S,lowerlevel,Above-7,Spanish,15<x<37,M,55<x<80,1
231,2<x<12,21<x<69,2<x<12,Lybia,No,Bad,Father,A,F,lowerlevel,Under-7,History,15<x<37,M,x>80,1
232,2<x<12,21<x<69,2<x<12,Tunis,Yes,Good,Mum,C,F,HighSchool,Above-7,Quran,2<x<15,M,55<x<80,1
233,x>66,3<x<5,x<2,KW,No,Good,Father,C,F,HighSchool,Above-7,Chemistry,15<x<37,F,55<x<80,1
234,21<x<50,21<x<69,2<x<12,venzuela,Yes,Good,Mum,B,S,lowerlevel,Under-7,Geology,37<x<74,M,13<x<19,1
235,x>66,80<x<96,2<x<12,Egypt,No,Bad,Mum,B,F,lowerlevel,Under-7,Math,2<x<15,M,x<5,0
236,x>66,70<x<80,2<x<12,SaudiArabia,Yes,Bad,Father,A,F,lowerlevel,Under-7,Quran,37<x<74,M,40<x<54,1
237,50<x<66,80<x<96,2<x<12,venzuela,Yes,Bad,Mum,B,F,MiddleSchool,Above-7,IT,15<x<37,F,5<x<7,1
238,21<x<50,21<x<69,2<x<12,Egypt,Yes,Good,Mum,C,F,lowerlevel,Under-7,Quran,76<x<90,M,40<x<54,1
239,21<x<50,70<x<80,2<x<12,Syria,No,Bad,Mum,A,S,HighSchool,Under-7,English,76<x<90,M,x<5,1
240,x>66,21<x<69,2<x<12,SaudiArabia,Yes,Bad,Father,C,S,MiddleSchool,Under-7,Spanish,x>90,M,23<x<40,1
241,20<x<21,21<x<69,2<x<12,Egypt,No,Bad,Father,C,F,lowerlevel,Under-7,Geology,37<x<74,M,55<x<80,1
242,21<x<50,70<x<80,x<2,Egypt,No,Good,Mum,C,S,MiddleSchool,Above-7,Spanish,2<x<15,F,55<x<80,1
243,21<x<50,x<2,2<x<12,Iran,No,Good,Father,A,F,HighSchool,Above-7,IT,37<x<74,M,x>80,1
244,21<x<50,80<x<96,x<2,Iran,Yes,Good,Mum,C,S,lowerlevel,Under-7,Arabic,37<x<74,F,23<x<40,1
245,x>66,80<x<96,2<x<12,SaudiArabia,Yes,Good,Father,C,F,MiddleSchool,Above-7,English,37<x<74,M,13<x<19,1
246,21<x<50,x>97,2<x<12,Jordan,No,Bad,Father,A,F,MiddleSchool,Above-7,Geology,76<x<90,F,x>80,1
247,x>66,21<x<69,x<2,Iraq,Yes,Good,Mum,B,S,HighSchool,Under-7,Math,15<x<37,M,5<x<7,1
248,50<x<66,21<x<69,2<x<12,venzuela,No,Bad,Mum,B,F,lowerlevel,Under-7,Science,37<x<74,M,40<x<54,1
249,x>66,21<x<69,2<x<12,USA,Yes,Bad,Father,A,S,HighSchool,Under-7,Arabic,37<x<74,M,x>80,1
250,50<x<66,80<x<96,2<x<12,Tunis,Yes,Good,Father,B,F,HighSchool,Above-7,Science,15<x<37,F,23<x<40,1
251,21<x<50,21<x<69,x<2,Morocco,Yes,Bad,Mum,B,F,MiddleSchool,Under-7,IT,15<x<37,M,x>80,1
252,0<x<2,80<x<96,2<x<12,USA,Yes,Bad,Father,B,F,HighSchool,Under-7,English,2<x<15,M,40<x<54,1
253,x>66,80<x<96,2<x<12,Jordan,Yes,Good,Father,C,S,MiddleSchool,Under-7,English,15<x<37,F,55<x<80,1
254,21<x<50,80<x<96,2<x<12,SaudiArabia,No,Bad,Mum,A,S,MiddleSchool,Under-7,Geology,x>90,F,55<x<80,1
255,21<x<50,5<x<10,2<x<12,venzuela,No,Bad,Father,C,F,MiddleSchool,Above-7,Spanish,76<x<90,F,55<x<80,1
256,21<x<50,21<x<69,2<x<12,Jordan,No,Good,Mum,A,S,HighSchool,Under-7,Arabic,x>90,F,23<x<40,1
257,x>66,21<x<69,2<x<12,venzuela,Yes,Bad,Mum,A,F,lowerlevel,Under-7,Math,x>90,F,55<x<80,1
258,21<x<50,13<x<21,2<x<12,USA,Yes,Bad,Mum,A,F,lowerlevel,Under-7,Biology,37<x<74,F,x>80,1
259,x>66,70<x<80,2<x<12,USA,No,Good,Mum,C,S,lowerlevel,Above-7,French,37<x<74,M,55<x<80,1
260,21<x<50,21<x<69,2<x<12,Syria,No,Good,Father,C,F,lowerlevel,Above-7,Science,37<x<74,F,55<x<80,1
261,50<x<66,21<x<69,2<x<12,Iran,Yes,Bad,Mum,A,S,HighSchool,Above-7,Spanish,37<x<74,F,55<x<80,1
262,21<x<50,80<x<96,x<2,KW,No,Bad,Father,A,S,MiddleSchool,Under-7,English,x>90,M,x>80,1
263,21<x<50,21<x<69,2<x<12,Lybia,Yes,Good,Mum,B,F,lowerlevel,Above-7,Quran,37<x<74,F,55<x<80,1
264,x>66,21<x<69,2<x<12,KW,No,Good,Mum,B,S,MiddleSchool,Above-7,Geology,x<2,M,x<5,0
265,21<x<50,13<x<21,2<x<12,SaudiArabia,No,Good,Father,A,S,HighSchool,Above-7,Math,15<x<37,M,x>80,1
266,21<x<50,21<x<69,2<x<12,Iran,No,Good,Mum,A,F,lowerlevel,Above-7,Geology,x>90,M,23<x<40,1
267,12<x<20,70<x<80,2<x<12,Lybia,No,Good,Father,A,S,lowerlevel,Above-7,Arabic,76<x<90,F,40<x<54,1
268,50<x<66,5<x<10,2<x<12,SaudiArabia,Yes,Bad,Mum,C,S,MiddleSchool,Above-7,Biology,76<x<90,F,40<x<54,1
269,21<x<50,21<x<69,2<x<12,SaudiArabia,No,Good,Father,C,S,HighSchool,Under-7,Science,15<x<37,F,x>80,1
270,x>66,21<x<69,2<x<12,venzuela,Yes,Bad,Mum,B,S,lowerlevel,Above-7,Geology,15<x<37,M,7<x<10,1
271,21<x<50,80<x<96,2<x<12,Iran,Yes,Bad,Mum,B,F,MiddleSchool,Under-7,Spanish,37<x<74,F,x>80,1
272,x<0,21<x<69,2<x<12,Syria,No,Good,Mum,A,F,lowerlevel,Above-7,French,37<x<74,F,55<x<80,1
273,x>66,21<x<69,2<x<12,KW,Yes,Good,Father,B,F,MiddleSchool,Above-7,Geology,x>90,F,x>80,1
274,x>66,80<x<96,2<x<12,Lybia,Yes,Bad,Mum,A,S,lowerlevel,Above-7,Geology,37<x<74,F,40<x<54,1
275,x>66,70<x<80,2<x<12,Syria,No,Bad,Mum,C,S,lowerlevel,Above-7,Biology,37<x<74,M,55<x<80,1
276,2<x<12,21<x<69,2<x<12,Palestine,Yes,Good,Father,B,F,MiddleSchool,Under-7,Biology,37<x<74,M,55<x<80,1
277,x>66,21<x<69,2<x<12,KW,Yes,Bad,Father,A,F,MiddleSchool,Under-7,Arabic,2<x<15,M,19<x<23,1
278,x>66,70<x<80,2<x<12,SaudiArabia,Yes,Good,Mum,B,F,MiddleSchool,Above-7,Geology,15<x<37,M,40<x<54,1
279,50<x<66,21<x<69,x<2,Syria,Yes,Good,Father,B,S,HighSchool,Above-7,Math,76<x<90,F,x>80,1
280,21<x<50,80<x<96,2<x<12,venzuela,No,Good,Father,C,S,HighSchool,Under-7,History,2<x<15,M,x<5,0
281,2<x<12,70<x<80,x<2,KW,No,Good,Father,A,F,lowerlevel,Above-7,English,76<x<90,F,19<x<23,1
282,21<x<50,21<x<69,2<x<12,Jordan,Yes,Bad,Mum,B,F,MiddleSchool,Under-7,IT,37<x<74,M,x>80,1
283,2<x<12,80<x<96,2<x<12,USA,No,Good,Mum,B,S,lowerlevel,Above-7,French,76<x<90,M,5<x<7,0
284,2<x<12,80<x<96,2<x<12,Iran,Yes,Bad,Father,C,S,MiddleSchool,Under-7,Biology,15<x<37,F,23<x<40,1
285,12<x<20,21<x<69,2<x<12,USA,Yes,Bad,Father,B,F,MiddleSchool,Above-7,IT,76<x<90,F,40<x<54,1
286,21<x<50,5<x<10,2<x<12,Syria,Yes,Bad,Mum,A,S,lowerlevel,Above-7,Biology,15<x<37,F,19<x<23,1
287,50<x<66,21<x<69,2<x<12,Iraq,No,Bad,Father,B,F,MiddleSchool,Above-7,History,37<x<74,F,x<5,0
288,x>66,21<x<69,2<x<12,Tunis,No,Good,Mum,C,S,HighSchool,Under-7,Science,2<x<15,M,40<x<54,1
289,12<x<20,21<x<69,2<x<12,USA,Yes,Good,Father,C,S,HighSchool,Above-7,IT,2<x<15,M,19<x<23,1
290,21<x<50,21<x<69,2<x<12,Iraq,Yes,Bad,Mum,A,F,MiddleSchool,Above-7,Arabic,76<x<90,F,x>80,1
291,50<x<66,21<x<69,2<x<12,SaudiArabia,No,Bad,Father,C,S,MiddleSchool,Above-7,French,x>90,M,55<x<80,1
292,21<x<50,70<x<80,2<x<12,Morocco,Yes,Bad,Father,A,F,MiddleSchool,Above-7,IT,37<x<74,M,x<5,0
293,20<x<21,5<x<10,2<x<12,Morocco,Yes,Good,Father,C,F,MiddleSchool,Under-7,History,37<x<74,M,55<x<80,1
294,x>66,13<x<21,2<x<12,Lybia,Yes,Bad,Mum,A,S,HighSchool,Above-7,Spanish,37<x<74,F,13<x<19,1
295,21<x<50,2<x<3,2<x<12,Morocco,Yes,Bad,Father,A,F,lowerlevel,Under-7,English,15<x<37,F,13<x<19,1
296,x>66,13<x<21,2<x<12,lebanon,Yes,Bad,Father,A,F,lowerlevel,Above-7,IT,37<x<74,F,x<5,0
297,x>66,70<x<80,2<x<12,Egypt,Yes,Good,Mum,A,F,lowerlevel,Above-7,History,37<x<74,M,55<x<80,1
298,21<x<50,21<x<69,2<x<12,venzuela,No,Bad,Father,A,F,HighSchool,Under-7,English,37<x<74,M,55<x<80,1
299,50<x<66,13<x<21,2<x<12,Tunis,Yes,Bad,Father,A,F,HighSchool,Under-7,French,2<x<15,F,x<5,1
300,50<x<66,21<x<69,2<x<12,KW,Yes,Good,Mum,B,F,lowerlevel,Above-7,Math,2<x<15,M,55<x<80,1
301,2<x<12,21<x<69,2<x<12,Lybia,Yes,Bad,Father,C,S,MiddleSchool,Under-7,Science,37<x<74,F,x>80,1
302,21<x<50,5<x<10,2<x<12,Iran,Yes,Good,Father,B,S,MiddleSchool,Under-7,Spanish,37<x<74,F,40<x<54,1
303,2<x<12,x<2,2<x<12,Tunis,No,Bad,Mum,B,F,lowerlevel,Above-7,Arabic,x>90,M,x>80,1
304,21<x<50,21<x<69,2<x<12,Iraq,No,Good,Father,C,S,HighSchool,Above-7,Geology,37<x<74,F,55<x<80,1
305,50<x<66,80<x<96,2<x<12,venzuela,No,Good,Mum,C,F,HighSchool,Above-7,Science,74<x<76,F,23<x<40,1
306,21<x<50,21<x<69,2<x<12,venzuela,Yes,Good,Mum,A,S,MiddleSchool,Above-7,Geology,15<x<37,M,55<x<80,1
307,21<x<50,21<x<69,x<2,Morocco,Yes,Bad,Mum,B,F,MiddleSchool,Under-7,IT,15<x<37,F,23<x<40,1
308,21<x<50,80<x<96,2<x<12,Egypt,No,Bad,Father,C,S,lowerlevel,Under-7,Arabic,x<2,M,19<x<23,0
309,2<x<12,21<x<69,2<x<12,venzuela,No,Bad,Mum,A,S,MiddleSchool,Above-7,Quran,37<x<74,F,23<x<40,1
310,21<x<50,21<x<69,2<x<12,Jordan,Yes,Bad,Father,B,F,MiddleSchool,Above-7,Geology,37<x<74,M,40<x<54,1
311,21<x<50,2<x<3,2<x<12,SaudiArabia,Yes,Good,Father,A,F,lowerlevel,Above-7,Biology,37<x<74,M,19<x<23,1
312,12<x<20,21<x<69,x<2,Morocco,Yes,Good,Father,B,F,lowerlevel,Under-7,Math,15<x<37,F,x>80,1
313,21<x<50,x<2,2<x<12,Syria,No,Bad,Mum,C,F,lowerlevel,Above-7,Science,15<x<37,F,40<x<54,1
314,21<x<50,13<x<21,2<x<12,KW,Yes,Bad,Mum,B,F,MiddleSchool,Above-7,Spanish,76<x<90,F,54<x<55,1
315,x>66,80<x<96,2<x<12,Iran,No,Good,Mum,C,S,MiddleSchool,Under-7,Arabic,37<x<74,F,13<x<19,1
316,x>66,21<x<69,2<x<12,Egypt,Yes,Good,Mum,A,F,lowerlevel,Above-7,Science,15<x<37,M,x>80,1
317,x>66,21<x<69,2<x<12,Tunis,Yes,Good,Father,C,S,HighSchool,Under-7,Spanish,37<x<74,F,55<x<80,1
318,21<x<50,21<x<69,2<x<12,SaudiArabia,Yes,Good,Father,A,F,MiddleSchool,Under-7,Arabic,37<x<74,F,x<5,1
319,x>66,21<x<69,2<x<12,Lybia,Yes,Bad,Father,A,S,HighSchool,Under-7,Math,76<x<90,F,7<x<10,1
320,50<x<66,80<x<96,2<x<12,Syria,No,Bad,Father,C,S,MiddleSchool,Under-7,Math,76<x<90,F,x>80,1
321,x>66,80<x<96,2<x<12,SaudiArabia,Yes,Bad,Mum,B,S,MiddleSchool,Under-7,Spanish,15<x<37,M,23<x<40,1
322,50<x<66,21<x<69,2<x<12,Egypt,Yes,Bad,Mum,B,F,MiddleSchool,Above-7,Arabic,76<x<90,M,55<x<80,1
323,12<x<20,5<x<10,2<x<12,KW,No,Bad,Father,C,F,MiddleSchool,Above-7,Biology,2<x<15,M,5<x<7,0
324,50<x<66,13<x<21,2<x<12,Tunis,No,Bad,Father,B,S,HighSchool,Above-7,Quran,2<x<15,F,23<x<40,1
325,50<x<66,21<x<69,2<x<12,Morocco,No,Good,Father,B,S,HighSchool,Under-7,English,37<x<74,M,40<x<54,1
326,x>66,80<x<96,2<x<12,Palestine,Yes,Good,Father,C,S,lowerlevel,Under-7,Geology,37<x<74,M,40<x<54,1
327,x>66,13<x<21,2<x<12,Palestine,No,Good,Father,B,F,MiddleSchool,Under-7,Geology,x>90,M,19<x<23,1
328,50<x<66,x<2,2<x<12,lebanon,No,Bad,Father,C,S,MiddleSchool,Above-7,French,76<x<90,F,55<x<80,1
329,21<x<50,21<x<69,2<x<12,venzuela,No,Bad,Father,A,S,HighSchool,Under-7,IT,37<x<74,M,x<5,0
330,x>66,21<x<69,2<x<12,Morocco,Yes,Good,Mum,C,F,MiddleSchool,Under-7,English,37<x<74,M,23<x<40,1
331,x>66,5<x<10,2<x<12,Syria,Yes,Good,Mum,B,F,HighSchool,Above-7,Science,37<x<74,F,55<x<80,1
332,x>66,13<x<21,2<x<12,KW,No,Good,Father,A,S,lowerlevel,Under-7,Chemistry,x>90,M,40<x<54,1
333,x>66,80<x<96,2<x<12,Iran,Yes,Bad,Father,A,S,MiddleSchool,Above-7,Biology,15<x<37,F,40<x<54,1
334,21<x<50,13<x<21,2<x<12,lebanon,No,Bad,Father,C,S,lowerlevel,Under-7,History,76<x<90,M,13<x<19,1
335,x>66,80<x<96,2<x<12,KW,No,Bad,Mum,C,F,MiddleSchool,Above-7,Math,15<x<37,M,x>80,1
336,x>66,80<x<96,2<x<12,venzuela,No,Bad,Mum,B,S,lowerlevel,Above-7,Spanish,76<x<90,M,19<x<23,1
337,21<x<50,21<x<69,2<x<12,lebanon,Yes,Bad,Mum,C,F,HighSchool,Above-7,Arabic,x>90,F,x<5,1
338,50<x<66,21<x<69,2<x<12,KW,No,Good,Mum,C,S,lowerlevel,Under-7,Biology,15<x<37,M,19<x<23,1
339,x>66,70<x<80,2<x<12,Syria,No,Bad,Father,A,F,HighSchool,Under-7,Science,2<x<15,M,x<5,0
340,0<x<2,5<x<10,2<x<12,USA,Yes,Bad,Father,B,F,MiddleSchool,Above-7,Science,37<x<74,F,23<x<40,1
341,0<x<2,3<x<5,2<x<12,Egypt,Yes,Good,Mum,C,F,MiddleSchool,Under-7,English,x>90,F,13<x<19,1
342,0<x<2,13<x<21,2<x<12,lebanon,Yes,Good,Mum,A,F,HighSchool,Under-7,IT,x>90,M,23<x<40,1
343,x>66,3<x<5,2<x<12,SaudiArabia,No,Good,Father,A,F,MiddleSchool,Under-7,Biology,15<x<37,F,13<x<19,1
344,2<x<12,80<x<96,2<x<12,Egypt,Yes,Bad,Mum,B,S,MiddleSchool,Above-7,Spanish,76<x<90,M,55<x<80,1
345,12<x<20,21<x<69,2<x<12,USA,Yes,Bad,Father,A,F,MiddleSchool,Above-7,French,15<x<37,M,x>80,1
346,12<x<20,21<x<69,2<x<12,Jordan,Yes,Good,Father,C,F,MiddleSchool,Under-7,Science,15<x<37,F,55<x<80,1
347,12<x<20,21<x<69,2<x<12,Syria,Yes,Good,Mum,B,F,HighSchool,Under-7,IT,37<x<74,F,23<x<40,1
348,0<x<2,21<x<69,2<x<12,Tunis,No,Good,Father,A,F,HighSchool,Under-7,History,37<x<74,F,55<x<80,1
349,50<x<66,21<x<69,2<x<12,lebanon,Yes,Bad,Mum,A,F,HighSchool,Under-7,IT,76<x<90,M,x>80,1
350,50<x<66,21<x<69,2<x<12,Lybia,No,Good,Father,B,S,MiddleSchool,Above-7,Chemistry,x>90,F,40<x<54,1
351,50<x<66,21<x<69,2<x<12,Egypt,Yes,Good,Father,B,S,lowerlevel,Under-7,Science,76<x<90,F,54<x<55,1
352,x>66,21<x<69,2<x<12,SaudiArabia,No,Good,Father,B,F,lowerlevel,Above-7,Biology,15<x<37,M,19<x<23,1
353,2<x<12,70<x<80,2<x<12,Syria,No,Good,Mum,C,F,HighSchool,Under-7,IT,15<x<37,M,x<5,0
354,21<x<50,21<x<69,2<x<12,Iraq,No,Bad,Mum,B,S,MiddleSchool,Above-7,Quran,x<2,M,x>80,1
355,12<x<20,21<x<69,2<x<12,Lybia,No,Bad,Mum,A,S,HighSchool,Above-7,Arabic,76<x<90,F,19<x<23,1
356,2<x<12,21<x<69,2<x<12,Lybia,Yes,Bad,Father,A,S,lowerlevel,Above-7,Spanish,37<x<74,M,x>80,1
357,21<x<50,70<x<80,2<x<12,Palestine,Yes,Good,Father,A,S,lowerlevel,Under-7,French,2<x<15,F,23<x<40,1
358,21<x<50,21<x<69,2<x<12,lebanon,No,Good,Mum,B,S,lowerlevel,Above-7,Biology,15<x<37,M,23<x<40,1
359,50<x<66,21<x<69,2<x<12,KW,Yes,Good,Father,B,S,lowerlevel,Under-7,Chemistry,76<x<90,F,19<x<23,1
360,2<x<12,21<x<69,2<x<12,KW,Yes,Bad,Father,C,F,MiddleSchool,Under-7,Quran,37<x<74,M,55<x<80,1
361,21<x<50,80<x<96,2<x<12,SaudiArabia,No,Bad,Mum,C,F,lowerlevel,Under-7,English,37<x<74,F,x>80,1
362,50<x<66,21<x<69,2<x<12,venzuela,No,Good,Mum,A,F,MiddleSchool,Under-7,History,15<x<37,M,23<x<40,1
363,50<x<66,x>97,2<x<12,Palestine,Yes,Good,Father,B,F,lowerlevel,Under-7,Quran,37<x<74,F,x>80,1
364,50<x<66,21<x<69,2<x<12,lebanon,No,Good,Father,C,F,lowerlevel,Above-7,Chemistry,15<x<37,F,7<x<10,1
365,x<0,70<x<80,2<x<12,Palestine,Yes,Good,Mum,A,F,lowerlevel,Under-7,Biology,x>90,M,13<x<19,1
366,21<x<50,80<x<96,2<x<12,USA,No,Good,Father,A,S,lowerlevel,Under-7,Spanish,37<x<74,F,40<x<54,1
367,50<x<66,5<x<10,2<x<12,SaudiArabia,Yes,Bad,Father,A,S,MiddleSchool,Under-7,IT,37<x<74,F,x>80,1
368,21<x<50,21<x<69,2<x<12,lebanon,Yes,Good,Father,B,F,HighSchool,Under-7,Geology,76<x<90,F,23<x<40,1
369,21<x<50,21<x<69,2<x<12,Lybia,Yes,Good,Mum,A,F,MiddleSchool,Under-7,Arabic,76<x<90,F,23<x<40,1
370,0<x<2,13<x<21,2<x<12,Iraq,No,Good,Mum,B,F,MiddleSchool,Under-7,Quran,37<x<74,M,23<x<40,1
371,x>66,21<x<69,2<x<12,Iran,No,Bad,Mum,C,F,HighSchool,Above-7,History,37<x<74,M,x>80,1
372,21<x<50,13<x<21,2<x<12,Iran,Yes,Bad,Father,A,S,MiddleSchool,Above-7,English,2<x<15,M,13<x<19,0
373,12<x<20,21<x<69,2<x<12,Iraq,No,Bad,Mum,B,S,lowerlevel,Above-7,French,37<x<74,M,x>80,1
374,x>66,21<x<69,2<x<12,Iran,Yes,Bad,Father,C,F,MiddleSchool,Under-7,Spanish,76<x<90,M,23<x<40,1
375,21<x<50,x>97,2<x<12,Egypt,No,Good,Mum,B,S,MiddleSchool,Above-7,English,76<x<90,F,23<x<40,1
376,12<x<20,70<x<80,2<x<12,Morocco,Yes,Bad,Mum,A,S,MiddleSchool,Above-7,Science,15<x<37,F,x<5,0
377,21<x<50,21<x<69,2<x<12,Tunis,Yes,Bad,Mum,A,F,MiddleSchool,Under-7,IT,x<2,M,55<x<80,1
378,0<x<2,13<x<21,2<x<12,venzuela,Yes,Bad,Mum,C,S,HighSchool,Above-7,Science,37<x<74,F,x>80,1
379,2<x<12,10<x<13,2<x<12,Tunis,No,Bad,Mum,C,F,MiddleSchool,Under-7,English,37<x<74,M,x>80,1
380,21<x<50,80<x<96,2<x<12,Morocco,No,Good,Father,B,S,HighSchool,Above-7,History,37<x<74,F,13<x<19,1
381,21<x<50,21<x<69,2<x<12,Iraq,Yes,Bad,Mum,C,S,lowerlevel,Above-7,Math,37<x<74,M,x>80,1
382,12<x<20,13<x<21,2<x<12,USA,Yes,Bad,Father,A,S,HighSchool,Under-7,French,x<2,M,19<x<23,1
383,12<x<20,21<x<69,2<x<12,Morocco,Yes,Bad,Mum,C,F,MiddleSchool,Under-7,Chemistry,x>90,M,55<x<80,1
384,2<x<12,80<x<96,2<x<12,Iran,No,Good,Mum,C,S,HighSchool,Above-7,Science,15<x<37,F,23<x<40,1
385,21<x<50,80<x<96,2<x<12,SaudiArabia,No,Bad,Mum,B,F,lowerlevel,Under-7,IT,37<x<74,F,x<5,0
386,21<x<50,21<x<69,2<x<12,Iraq,No,Good,Father,C,S,MiddleSchool,Above-7,Spanish,76<x<90,M,55<x<80,1
387,x>66,13<x<21,2<x<12,KW,No,Good,Mum,A,S,MiddleSchool,Under-7,English,37<x<74,M,55<x<80,1
388,x>66,80<x<96,2<x<12,Iran,Yes,Bad,Mum,B,F,lowerlevel,Above-7,Chemistry,37<x<74,F,10<x<12,1
389,x>66,21<x<69,2<x<12,Palestine,No,Bad,Mum,C,S,HighSchool,Above-7,Biology,15<x<37,M,7<x<10,0
390,21<x<50,x<2,2<x<12,Palestine,Yes,Bad,Father,C,S,lowerlevel,Above-7,Chemistry,37<x<74,M,13<x<19,1
391,x>66,80<x<96,x<2,venzuela,Yes,Good,Father,B,S,HighSchool,Above-7,IT,76<x<90,M,54<x<55,1
392,0<x<2,21<x<69,2<x<12,Syria,Yes,Good,Father,B,S,lowerlevel,Under-7,Quran,37<x<74,M,23<x<40,1
393,2<x<12,13<x<21,2<x<12,Egypt,No,Bad,Mum,B,F,MiddleSchool,Above-7,Spanish,15<x<37,M,x>80,1
394,x>66,70<x<80,2<x<12,Palestine,Yes,Good,Mum,A,F,lowerlevel,Under-7,Math,15<x<37,F,55<x<80,1
395,12<x<20,21<x<69,2<x<12,lebanon,Yes,Bad,Mum,C,S,MiddleSchool,Under-7,Geology,37<x<74,M,55<x<80,1
396,x>66,21<x<69,2<x<12,KW,No,Bad,Father,A,F,MiddleSchool,Above-7,Chemistry,x>90,F,55<x<80,1
397,21<x<50,21<x<69,2<x<12,Tunis,Yes,Bad,Father,B,S,HighSchool,Above-7,French,2<x<15,M,55<x<80,1
398,21<x<50,21<x<69,2<x<12,Tunis,No,Good,Father,B,S,lowerlevel,Under-7,Chemistry,37<x<74,M,10<x<12,1
399,x>66,5<x<10,x<2,Lybia,Yes,Good,Mum,C,F,lowerlevel,Above-7,IT,76<x<90,F,19<x<23,1
400,21<x<50,21<x<69,2<x<12,USA,No,Good,Mum,B,F,HighSchool,Under-7,Biology,2<x<15,F,23<x<40,1
401,x>66,21<x<69,2<x<12,Jordan,Yes,Bad,Father,A,S,HighSchool,Above-7,Geology,37<x<74,M,x>80,1
402,50<x<66,80<x<96,2<x<12,KW,No,Bad,Father,C,S,lowerlevel,Under-7,Math,15<x<37,M,13<x<19,1
403,x>66,21<x<69,2<x<12,Iran,No,Good,Father,B,S,lowerlevel,Under-7,Arabic,37<x<74,M,23<x<40,1
404,0<x<2,21<x<69,2<x<12,Lybia,No,Bad,Father,A,S,HighSchool,Above-7,Geology,2<x<15,M,40<x<54,0
405,x>66,10<x<13,2<x<12,venzuela,No,Good,Father,A,F,lowerlevel,Under-7,History,37<x<74,M,x>80,1
406,x>66,21<x<69,2<x<12,Iran,Yes,Bad,Father,A,F,HighSchool,Under-7,IT,2<x<15,M,55<x<80,1
407,2<x<12,80<x<96,x<2,Morocco,No,Good,Mum,C,S,MiddleSchool,Above-7,IT,37<x<74,M,x<5,0
408,x>66,21<x<69,2<x<12,USA,Yes,Bad,Father,A,S,HighSchool,Under-7,English,37<x<74,F,x>80,1
409,21<x<50,21<x<69,2<x<12,Iraq,Yes,Good,Mum,C,S,MiddleSchool,Under-7,Geology,15<x<37,F,55<x<80,1
410,x>66,10<x<13,x<2,Jordan,No,Good,Mum,A,S,MiddleSchool,Under-7,Biology,15<x<37,F,5<x<7,0
411,x>66,21<x<69,2<x<12,Palestine,Yes,Good,Mum,B,S,HighSchool,Under-7,Science,x>90,M,55<x<80,1
412,2<x<12,80<x<96,2<x<12,SaudiArabia,No,Good,Mum,C,S,HighSchool,Under-7,IT,2<x<15,F,19<x<23,1
413,12<x<20,13<x<21,2<x<12,lebanon,No,Bad,Father,C,S,HighSchool,Under-7,Science,2<x<15,F,23<x<40,1
414,21<x<50,70<x<80,2<x<12,venzuela,Yes,Good,Mum,B,S,MiddleSchool,Above-7,Science,x>90,F,x<5,1
415,50<x<66,96<x<97,x<2,venzuela,No,Good,Father,B,S,MiddleSchool,Above-7,History,2<x<15,M,10<x<12,0
416,21<x<50,21<x<69,2<x<12,Jordan,No,Bad,Father,B,S,MiddleSchool,Above-7,Biology,37<x<74,F,55<x<80,1
417,21<x<50,80<x<96,2<x<12,KW,No,Bad,Father,B,S,MiddleSchool,Under-7,Biology,15<x<37,M,55<x<80,1
418,50<x<66,21<x<69,x<2,Tunis,No,Bad,Father,C,F,lowerlevel,Above-7,History,x>90,M,55<x<80,1
419,x>66,21<x<69,2<x<12,USA,Yes,Bad,Father,B,F,lowerlevel,Above-7,English,37<x<74,F,23<x<40,1
420,x>66,80<x<96,2<x<12,Syria,No,Good,Mum,C,S,MiddleSchool,Under-7,Chemistry,15<x<37,F,19<x<23,1
421,21<x<50,70<x<80,2<x<12,Palestine,No,Bad,Mum,B,S,HighSchool,Under-7,Science,x>90,M,x>80,1
422,21<x<50,69<x<70,2<x<12,lebanon,Yes,Good,Father,C,S,HighSchool,Under-7,History,37<x<74,M,40<x<54,1
423,21<x<50,10<x<13,2<x<12,venzuela,Yes,Good,Father,B,S,MiddleSchool,Under-7,Quran,15<x<37,M,55<x<80,1
424,x>66,21<x<69,2<x<12,lebanon,No,Bad,Father,B,F,MiddleSchool,Under-7,Chemistry,2<x<15,F,55<x<80,1
425,12<x<20,13<x<21,2<x<12,SaudiArabia,Yes,Bad,Mum,A,F,HighSchool,Under-7,Science,37<x<74,M,23<x<40,1
426,21<x<50,69<x<70,2<x<12,SaudiArabia,Yes,Good,Mum,B,F,MiddleSchool,Above-7,Arabic,15<x<37,M,55<x<80,1
427,12<x<20,21<x<69,2<x<12,Jordan,Yes,Bad,Mum,C,S,lowerlevel,Under-7,Geology,37<x<74,F,23<x<40,1
428,2<x<12,21<x<69,2<x<12,Morocco,No,Bad,Mum,B,F,HighSchool,Above-7,French,37<x<74,M,55<x<80,1
429,2<x<12,80<x<96,x<2,lebanon,Yes,Good,Father,A,S,MiddleSchool,Above-7,French,76<x<90,F,23<x<40,1
430,2<x<12,21<x<69,2<x<12,Palestine,Yes,Good,Father,A,F,HighSchool,Under-7,Spanish,15<x<37,F,55<x<80,1
431,x>66,10<x<13,2<x<12,Lybia,No,Good,Mum,B,F,MiddleSchool,Above-7,Math,37<x<74,F,55<x<80,1
432,50<x<66,80<x<96,2<x<12,venzuela,Yes,Good,Father,C,F,lowerlevel,Under-7,Math,x>90,F,55<x<80,1
433,x>66,3<x<5,2<x<12,lebanon,Yes,Good,Mum,C,S,lowerlevel,Under-7,Spanish,74<x<76,F,23<x<40,1
434,21<x<50,70<x<80,x<2,venzuela,No,Good,Mum,C,F,lowerlevel,Under-7,French,15<x<37,F,55<x<80,1
435,x>66,21<x<69,2<x<12,Jordan,No,Bad,Mum,A,S,HighSchool,Above-7,Chemistry,76<x<90,M,x>80,1
436,x>66,5<x<10,2<x<12,Tunis,No,Good,Father,C,S,MiddleSchool,Under-7,Quran,37<x<74,M,55<x<80,1
437,21<x<50,21<x<69,2<x<12,Jordan,Yes,Bad,Mum,C,S,HighSchool,Under-7,IT,15<x<37,M,x>80,1
438,x>66,21<x<69,2<x<12,Tunis,No,Good,Mum,C,S,HighSchool,Under-7,Spanish,15<x<37,M,23<x<40,1
439,x>66,21<x<69,2<x<12,Tunis,No,Bad,Mum,A,S,lowerlevel,Under-7,Spanish,15<x<37,F,13<x<19,1
440,x>66,80<x<96,2<x<12,lebanon,Yes,Good,Mum,B,F,HighSchool,Above-7,Math,76<x<90,F,13<x<19,1
441,21<x<50,21<x<69,2<x<12,SaudiArabia,Yes,Bad,Mum,A,S,lowerlevel,Under-7,IT,76<x<90,M,10<x<12,1
442,2<x<12,21<x<69,2<x<12,Jordan,No,Good,Mum,A,F,MiddleSchool,Under-7,Spanish,76<x<90,F,55<x<80,1
443,12<x<20,21<x<69,2<x<12,Syria,Yes,Bad,Father,C,S,lowerlevel,Above-7,Science,2<x<15,M,7<x<10,0
444,21<x<50,5<x<10,2<x<12,Iran,No,Good,Mum,A,S,lowerlevel,Under-7,Geology,x>90,F,40<x<54,1
445,50<x<66,21<x<69,2<x<12,Palestine,Yes,Good,Father,A,F,lowerlevel,Above-7,Science,76<x<90,M,x<5,0
446,x>66,21<x<69,2<x<12,SaudiArabia,Yes,Good,Father,A,F,MiddleSchool,Above-7,Chemistry,76<x<90,M,x>80,1
447,50<x<66,21<x<69,2<x<12,Morocco,Yes,Bad,Mum,A,F,MiddleSchool,Under-7,Chemistry,x>90,F,10<x<12,1
448,21<x<50,80<x<96,2<x<12,Jordan,Yes,Good,Mum,C,F,lowerlevel,Under-7,History,37<x<74,F,55<x<80,1
449,12<x<20,21<x<69,2<x<12,Palestine,No,Bad,Father,C,S,HighSchool,Above-7,History,2<x<15,M,55<x<80,1
450,21<x<50,21<x<69,2<x<12,Syria,Yes,Bad,Father,B,F,HighSchool,Under-7,French,37<x<74,M,55<x<80,1
451,21<x<50,21<x<69,2<x<12,lebanon,No,Bad,Mum,C,F,HighSchool,Above-7,Geology,2<x<15,M,55<x<80,1
452,12<x<20,5<x<10,2<x<12,KW,Yes,Good,Father,B,F,MiddleSchool,Above-7,English,37<x<74,F,13<x<19,1
453,2<x<12,80<x<96,2<x<12,Egypt,No,Good,Father,A,F,MiddleSchool,Under-7,Math,15<x<37,M,13<x<19,1
454,21<x<50,21<x<69,2<x<12,lebanon,Yes,Bad,Father,C,S,lowerlevel,Under-7,Biology,76<x<90,M,40<x<54,1
455,21<x<50,21<x<69,2<x<12,Tunis,Yes,Bad,Father,A,S,HighSchool,Under-7,Quran,2<x<15,F,40<x<54,1
456,21<x<50,21<x<69,2<x<12,KW,Yes,Bad,Mum,B,S,HighSchool,Above-7,Arabic,x>90,M,12<x<13,1
457,x>66,21<x<69,2<x<12,SaudiArabia,Yes,Bad,Father,A,S,MiddleSchool,Above-7,Biology,37<x<74,M,55<x<80,1
458,21<x<50,70<x<80,2<x<12,Iran,No,Bad,Mum,A,S,MiddleSchool,Above-7,Quran,2<x<15,F,x<5,0
459,x>66,10<x<13,2<x<12,Syria,Yes,Good,Father,A,F,lowerlevel,Under-7,Math,x>90,M,55<x<80,1
460,x<0,21<x<69,x<2,Iran,Yes,Bad,Father,B,F,lowerlevel,Under-7,History,2<x<15,F,x>80,1
461,x>66,5<x<10,2<x<12,Egypt,No,Good,Mum,C,F,HighSchool,Under-7,IT,37<x<74,F,40<x<54,1
462,x>66,21<x<69,2<x<12,lebanon,No,Good,Mum,B,F,MiddleSchool,Above-7,Geology,2<x<15,M,23<x<40,1
463,50<x<66,5<x<10,2<x<12,SaudiArabia,No,Bad,Father,B,S,MiddleSchool,Under-7,Arabic,37<x<74,F,10<x<12,1
464,x>66,21<x<69,2<x<12,Palestine,Yes,Bad,Father,A,F,MiddleSchool,Above-7,Chemistry,x>90,M,55<x<80,1
465,12<x<20,21<x<69,2<x<12,KW,No,Bad,Father,A,F,MiddleSchool,Under-7,IT,15<x<37,M,x>80,1
466,50<x<66,21<x<69,2<x<12,SaudiArabia,No,Good,Father,C,F,lowerlevel,Under-7,Chemistry,37<x<74,M,x>80,1
467,x>66,21<x<69,2<x<12,USA,Yes,Good,Father,B,S,MiddleSchool,Above-7,Biology,2<x<15,F,55<x<80,1
468,x>66,21<x<69,2<x<12,Morocco,Yes,Good,Father,C,F,HighSchool,Above-7,History,37<x<74,F,23<x<40,1
469,x>66,21<x<69,2<x<12,Iraq,Yes,Bad,Mum,B,F,MiddleSchool,Under-7,English,37<x<74,M,55<x<80,1
470,2<x<12,80<x<96,2<x<12,Iran,Yes,Bad,Father,A,S,lowerlevel,Above-7,French,76<x<90,F,23<x<40,1
471,21<x<50,13<x<21,2<x<12,Lybia,Yes,Good,Mum,B,S,lowerlevel,Under-7,Spanish,37<x<74,M,x<5,0
472,x>66,21<x<69,2<x<12,Egypt,Yes,Good,Father,C,F,HighSchool,Above-7,French,76<x<90,F,55<x<80,1
473,x>66,21<x<69,2<x<12,USA,No,Bad,Father,C,S,HighSchool,Under-7,French,37<x<74,F,x>80,1
474,50<x<66,70<x<80,2<x<12,USA,Yes,Bad,Mum,C,S,MiddleSchool,Above-7,Geology,15<x<37,M,x>80,1
475,x>66,96<x<97,2<x<12,Iraq,No,Good,Mum,A,S,HighSchool,Above-7,IT,37<x<74,F,23<x<40,1
476,2<x<12,80<x<96,2<x<12,Iran,Yes,Good,Father,B,F,HighSchool,Above-7,Science,2<x<15,M,5<x<7,0
477,50<x<66,69<x<70,2<x<12,Iran,No,Good,Mum,C,S,HighSchool,Above-7,Science,37<x<74,M,23<x<40,1
478,x>66,70<x<80,2<x<12,Lybia,No,Good,Father,A,S,HighSchool,Under-7,Math,37<x<74,F,55<x<80,1
479,x>66,5<x<10,x<2,Lybia,No,Good,Father,A,S,lowerlevel,Under-7,Geology,15<x<37,M,55<x<80,1
480,21<x<50,21<x<69,2<x<12,Iraq,No,Good,Mum,C,F,MiddleSchool,Under-7,Geology,37<x<74,F,55<x<80,1
481,21<x<50,80<x<96,x<2,USA,Yes,Good,Mum,A,S,MiddleSchool,Under-7,Quran,76<x<90,F,19<x<23,1
482,21<x<50,21<x<69,x<2,SaudiArabia,Yes,Good,Father,B,S,HighSchool,Above-7,Quran,15<x<37,F,40<x<54,1
483,21<x<50,21<x<69,2<x<12,venzuela,No,Good,Father,B,S,lowerlevel,Above-7,Math,15<x<37,M,23<x<40,1
484,21<x<50,21<x<69,2<x<12,Jordan,No,Bad,Mum,B,S,MiddleSchool,Above-7,French,76<x<90,F,13<x<19,1
485,21<x<50,96<x<97,2<x<12,Egypt,No,Bad,Mum,C,S,HighSchool,Above-7,Quran,15<x<37,F,x>80,1
486,x>66,80<x<96,x<2,KW,Yes,Good,Mum,C,S,MiddleSchool,Under-7,IT,37<x<74,M,x>80,1
487,2<x<12,70<x<80,2<x<12,SaudiArabia,No,Bad,Mum,A,F,lowerlevel,Above-7,Math,15<x<37,M,23<x<40,1
488,50<x<66,21<x<69,2<x<12,lebanon,Yes,Bad,Mum,A,F,lowerlevel,Above-7,Arabic,15<x<37,M,x<5,0
489,21<x<50,80<x<96,2<x<12,Morocco,Yes,Good,Mum,C,S,lowerlevel,Above-7,French,37<x<74,M,23<x<40,1
490,2<x<12,21<x<69,2<x<12,Iraq,Yes,Good,Mum,B,S,HighSchool,Above-7,Science,2<x<15,M,x>80,1
491,x>66,21<x<69,2<x<12,Jordan,Yes,Bad,Mum,C,F,MiddleSchool,Above-7,IT,76<x<90,F,55<x<80,1
492,x>66,70<x<80,x<2,Egypt,No,Good,Father,C,F,MiddleSchool,Under-7,Geology,37<x<74,F,x>80,1
493,12<x<20,70<x<80,2<x<12,Lybia,No,Good,Mum,A,F,MiddleSchool,Under-7,Arabic,x>90,M,19<x<23,1
494,2<x<12,21<x<69,2<x<12,Palestine,No,Bad,Father,B,S,lowerlevel,Above-7,Science,76<x<90,F,x>80,1
495,21<x<50,21<x<69,2<x<12,lebanon,Yes,Good,Mum,B,F,HighSchool,Under-7,Spanish,76<x<90,F,x>80,1
496,21<x<50,21<x<69,2<x<12,Morocco,Yes,Bad,Mum,B,F,HighSchool,Under-7,Biology,37<x<74,F,23<x<40,1
497,50<x<66,80<x<96,2<x<12,Egypt,No,Bad,Mum,A,S,HighSchool,Above-7,Arabic,15<x<37,M,40<x<54,1
498,2<x<12,13<x<21,2<x<12,venzuela,No,Bad,Father,B,F,lowerlevel,Under-7,Quran,x>90,M,55<x<80,1
499,x>66,21<x<69,2<x<12,SaudiArabia,Yes,Good,Father,B,F,MiddleSchool,Above-7,Chemistry,37<x<74,M,x>80,1
500,21<x<50,70<x<80,2<x<12,Iran,No,Bad,Mum,A,S,MiddleSchool,Under-7,Biology,x>90,F,55<x<80,1
501,2<x<12,21<x<69,2<x<12,Jordan,No,Bad,Mum,C,S,MiddleSchool,Above-7,Geology,2<x<15,M,13<x<19,0
502,x>66,80<x<96,2<x<12,Syria,Yes,Good,Mum,C,S,MiddleSchool,Above-7,English,x>90,F,x>80,1
503,0<x<2,x>97,x<2,USA,No,Good,Father,B,F,MiddleSchool,Above-7,Math,2<x<15,F,23<x<40,1
504,21<x<50,5<x<10,2<x<12,Iran,No,Bad,Father,C,F,lowerlevel,Above-7,Geology,2<x<15,F,13<x<19,0
505,21<x<50,80<x<96,2<x<12,Iraq,Yes,Bad,Father,A,F,HighSchool,Above-7,Quran,37<x<74,M,x<5,0
506,x>66,5<x<10,2<x<12,SaudiArabia,Yes,Bad,Mum,A,S,HighSchool,Under-7,French,2<x<15,F,x>80,1
507,21<x<50,80<x<96,x<2,USA,No,Good,Mum,A,F,MiddleSchool,Above-7,Geology,x>90,M,23<x<40,1
508,x>66,21<x<69,2<x<12,Egypt,No,Bad,Father,A,F,HighSchool,Under-7,Chemistry,15<x<37,M,40<x<54,1
509,x>66,13<x<21,2<x<12,Iran,No,Good,Father,C,S,MiddleSchool,Above-7,Math,37<x<74,F,55<x<80,1
510,21<x<50,21<x<69,2<x<12,Syria,No,Bad,Father,A,F,lowerlevel,Above-7,Spanish,37<x<74,F,x>80,1
511,x>66,21<x<69,2<x<12,KW,No,Bad,Father,A,S,HighSchool,Above-7,Spanish,37<x<74,M,55<x<80,1
512,x>66,21<x<69,2<x<12,Tunis,No,Good,Father,C,F,lowerlevel,Under-7,Quran,37<x<74,F,x>80,1
513,x<0,5<x<10,2<x<12,Morocco,No,Bad,Mum,C,S,HighSchool,Under-7,Spanish,76<x<90,M,x>80,1
514,x<0,21<x<69,2<x<12,Morocco,No,Bad,Father,B,S,HighSchool,Under-7,Quran,76<x<90,F,7<x<10,0
515,21<x<50,21<x<69,2<x<12,Jordan,Yes,Good,Father,B,F,MiddleSchool,Under-7,Quran,2<x<15,F,19<x<23,1
516,50<x<66,80<x<96,2<x<12,Tunis,No,Bad,Father,B,F,lowerlevel,Under-7,English,2<x<15,M,10<x<12,0
517,12<x<20,21<x<69,2<x<12,Palestine,Yes,Bad,Father,C,S,MiddleSchool,Above-7,Science,76<x<90,M,23<x<40,1
518,x>66,21<x<69,2<x<12,USA,No,Bad,Father,C,F,MiddleSchool,Above-7,IT,37<x<74,F,x>80,1
519,21<x<50,5<x<10,2<x<12,venzuela,Yes,Bad,Father,A,F,MiddleSchool,Above-7,Arabic,76<x<90,M,5<x<7,1
520,2<x<12,21<x<69,2<x<12,Morocco,No,Good,Mum,C,S,MiddleSchool,Above-7,Geology,76<x<90,F,x>80,1
521,21<x<50,13<x<21,2<x<12,venzuela,No,Bad,Mum,C,S,MiddleSchool,Above-7,French,37<x<74,M,40<x<54,1
522,x>66,13<x<21,x<2,Lybia,No,Bad,Mum,B,F,lowerlevel,Above-7,History,76<x<90,M,55<x<80,1
523,21<x<50,21<x<69,2<x<12,USA,Yes,Bad,Father,C,F,lowerlevel,Under-7,French,37<x<74,F,x>80,1
524,21<x<50,3<x<5,2<x<12,Tunis,No,Bad,Father,B,S,MiddleSchool,Above-7,English,37<x<74,F,55<x<80,1
525,x>66,80<x<96,2<x<12,Iraq,No,Good,Father,A,F,lowerlevel,Under-7,IT,15<x<37,M,13<x<19,1
526,21<x<50,80<x<96,2<x<12,Syria,No,Good,Mum,A,S,HighSchool,Under-7,Biology,2<x<15,F,x>80,1
527,21<x<50,13<x<21,2<x<12,Egypt,No,Good,Father,C,S,HighSchool,Under-7,French,2<x<15,F,55<x<80,1
528,21<x<50,x<2,2<x<12,Iran,No,Good,Father,C,F,HighSchool,Above-7,Chemistry,37<x<74,M,x>80,1
529,50<x<66,13<x<21,2<x<12,Lybia,No,Good,Mum,A,F,MiddleSchool,Above-7,French,2<x<15,F,23<x<40,1
530,21<x<50,80<x<96,2<x<12,Iran,No,Good,Mum,B,S,lowerlevel,Above-7,French,15<x<37,F,23<x<40,1
531,21<x<50,21<x<69,2<x<12,Jordan,No,Good,Mum,B,F,MiddleSchool,Above-7,Biology,x>90,F,55<x<80,1
532,x>66,5<x<10,2<x<12,venzuela,Yes,Good,Mum,A,S,MiddleSchool,Above-7,Quran,76<x<90,M,40<x<54,1
533,21<x<50,21<x<69,2<x<12,venzuela,Yes,Good,Father,B,F,MiddleSchool,Above-7,IT,37<x<74,F,10<x<12,1
534,x>66,21<x<69,2<x<12,Morocco,No,Bad,Father,A,F,lowerlevel,Under-7,Math,37<x<74,M,x>80,1
535,12<x<20,21<x<69,2<x<12,USA,Yes,Bad,Mum,C,F,MiddleSchool,Above-7,English,2<x<15,M,55<x<80,1
536,21<x<50,21<x<69,2<x<12,SaudiArabia,Yes,Good,Mum,B,S,HighSchool,Under-7,French,37<x<74,F,x>80,1
537,21<x<50,70<x<80,2<x<12,Iran,No,Good,Father,A,S,lowerlevel,Above-7,Geology,15<x<37,M,10<x<12,0
538,x>66,21<x<69,2<x<12,Palestine,No,Bad,Father,A,F,MiddleSchool,Above-7,History,x>90,M,x<5,0
539,x>66,3<x<5,2<x<12,Tunis,Yes,Bad,Mum,B,S,lowerlevel,Above-7,English,37<x<74,F,55<x<80,1
540,50<x<66,21<x<69,2<x<12,Jordan,Yes,Good,Father,C,F,MiddleSchool,Above-7,English,15<x<37,F,55<x<80,1
541,12<x<20,21<x<69,2<x<12,Lybia,No,Bad,Mum,C,S,HighSchool,Under-7,Geology,76<x<90,F,40<x<54,1
542,21<x<50,21<x<69,2<x<12,Morocco,No,Good,Mum,C,F,lowerlevel,Above-7,History,76<x<90,F,55<x<80,1
543,50<x<66,13<x<21,2<x<12,venzuela,No,Good,Mum,A,S,lowerlevel,Above-7,Biology,76<x<90,F,55<x<80,1
544,20<x<21,70<x<80,2<x<12,Morocco,Yes,Good,Father,A,S,lowerlevel,Under-7,Science,37<x<74,M,x<5,0
545,20<x<21,70<x<80,x<2,Lybia,No,Good,Father,B,S,MiddleSchool,Under-7,French,15<x<37,F,x>80,1
546,x>66,21<x<69,2<x<12,Iran,Yes,Good,Father,B,S,MiddleSchool,Above-7,Geology,74<x<76,M,23<x<40,1
547,x>66,10<x<13,2<x<12,Egypt,No,Bad,Mum,C,S,lowerlevel,Above-7,French,15<x<37,M,55<x<80,1
548,2<x<12,10<x<13,2<x<12,Syria,Yes,Bad,Mum,C,F,MiddleSchool,Under-7,Science,15<x<37,F,23<x<40,1
549,50<x<66,21<x<69,2<x<12,KW,No,Bad,Father,A,F,lowerlevel,Above-7,Spanish,37<x<74,M,55<x<80,1
550,21<x<50,13<x<21,2<x<12,Palestine,Yes,Bad,Father,B,F,HighSchool,Under-7,Science,37<x<74,M,5<x<7,0
551,x>66,21<x<69,2<x<12,Tunis,Yes,Bad,Father,A,S,lowerlevel,Above-7,IT,15<x<37,F,40<x<54,1
552,21<x<50,x>97,2<x<12,SaudiArabia,No,Bad,Mum,C,S,HighSchool,Above-7,Geology,37<x<74,F,x<5,0
553,21<x<50,80<x<96,2<x<12,Egypt,No,Good,Mum,B,S,HighSchool,Above-7,Chemistry,37<x<74,M,55<x<80,1
554,x>66,13<x<21,2<x<12,Morocco,Yes,Good,Father,B,S,lowerlevel,Under-7,History,76<x<90,F,55<x<80,1
555,x>66,80<x<96,2<x<12,KW,Yes,Bad,Mum,C,S,HighSchool,Above-7,Spanish,37<x<74,F,23<x<40,1
556,x>66,21<x<69,2<x<12,Jordan,Yes,Good,Mum,C,F,MiddleSchool,Above-7,Chemistry,76<x<90,F,55<x<80,1
557,21<x<50,21<x<69,2<x<12,USA,No,Good,Father,C,F,MiddleSchool,Under-7,Arabic,37<x<74,M,x>80,1
558,x>66,69<x<70,2<x<12,Tunis,Yes,Bad,Mum,B,S,MiddleSchool,Above-7,French,15<x<37,M,x<5,0
559,50<x<66,21<x<69,2<x<12,Iraq,No,Good,Father,C,S,MiddleSchool,Above-7,Science,x<2,M,40<x<54,1
560,21<x<50,70<x<80,2<x<12,SaudiArabia,No,Good,Mum,A,F,HighSchool,Above-7,Spanish,76<x<90,M,23<x<40,1
561,21<x<50,5<x<10,2<x<12,Tunis,No,Good,Father,B,F,MiddleSchool,Under-7,IT,37<x<74,F,x>80,1
562,x>66,x>97,x<2,USA,No,Good,Mum,C,F,lowerlevel,Above-7,Math,37<x<74,F,10<x<12,1
563,21<x<50,10<x<13,2<x<12,SaudiArabia,No,Good,Father,B,S,HighSchool,Under-7,Chemistry,15<x<37,F,55<x<80,1
564,x>66,80<x<96,2<x<12,Iraq,Yes,Good,Father,A,F,HighSchool,Under-7,IT,37<x<74,F,x>80,1
565,x>66,21<x<69,x<2,Tunis,No,Bad,Father,B,F,MiddleSchool,Under-7,Quran,2<x<15,M,40<x<54,1
566,x>66,21<x<69,2<x<12,Tunis,Yes,Bad,Father,B,F,HighSchool,Under-7,Geology,37<x<74,M,55<x<80,1
567,50<x<66,21<x<69,2<x<12,Iran,Yes,Good,Father,A,S,MiddleSchool,Under-7,Geology,37<x<74,F,x>80,1
568,21<x<50,21<x<69,2<x<12,Egypt,Yes,Good,Father,A,S,lowerlevel,Above-7,Math,37<x<74,M,x>80,1
569,x<0,21<x<69,x<2,Palestine,Yes,Bad,Father,B,F,HighSchool,Under-7,Quran,2<x<15,F,x>80,1
570,21<x<50,80<x<96,x<2,venzuela,Yes,Bad,Father,C,F,HighSchool,Above-7,IT,15<x<37,M,10<x<12,1
571,50<x<66,13<x<21,2<x<12,Iraq,No,Bad,Mum,C,S,lowerlevel,Above-7,Quran,2<x<15,M,23<x<40,1
572,12<x<20,80<x<96,2<x<12,USA,No,Bad,Mum,C,S,HighSchool,Above-7,Arabic,37<x<74,M,x>80,1
573,21<x<50,10<x<13,2<x<12,Egypt,No,Bad,Mum,A,S,lowerlevel,Above-7,Quran,37<x<74,M,13<x<19,1
574,21<x<50,80<x<96,2<x<12,Lybia,Yes,Good,Father,A,F,HighSchool,Above-7,Quran,15<x<37,M,55<x<80,1
575,21<x<50,80<x<96,2<x<12,Palestine,No,Bad,Father,C,F,lowerlevel,Under-7,IT,x>90,M,55<x<80,1
576,2<x<12,80<x<96,2<x<12,Syria,No,Bad,Father,C,S,MiddleSchool,Under-7,Geology,2<x<15,M,x>80,1
577,x>66,21<x<69,2<x<12,Jordan,Yes,Bad,Mum,A,S,lowerlevel,Above-7,IT,2<x<15,F,x>80,1
578,2<x<12,21<x<69,2<x<12,Syria,Yes,Good,Father,A,F,MiddleSchool,Under-7,Biology,37<x<74,M,23<x<40,1
579,12<x<20,80<x<96,2<x<12,Iran,No,Bad,Father,B,F,lowerlevel,Under-7,English,37<x<74,F,x>80,1
580,50<x<66,70<x<80,2<x<12,Egypt,No,Bad,Mum,C,F,HighSchool,Above-7,Chemistry,x>90,F,13<x<19,1
581,x>66,70<x<80,2<x<12,Jordan,No,Good,Mum,A,F,MiddleSchool,Above-7,French,76<x<90,F,x<5,1
582,2<x<12,21<x<69,2<x<12,Syria,Yes,Bad,Mum,A,F,MiddleSchool,Under-7,Spanish,37<x<74,F,55<x<80,1
583,50<x<66,21<x<69,2<x<12,Iraq,No,Good,Mum,C,F,lowerlevel,Above-7,Math,x>90,F,x<5,1
584,21<x<50,70<x<80,2<x<12,Palestine,Yes,Good,Father,B,F,lowerlevel,Under-7,IT,2<x<15,M,55<x<80,1
585,21<x<50,80<x<96,2<x<12,lebanon,No,Bad,Father,A,F,HighSchool,Under-7,Math,37<x<74,F,55<x<80,1
586,x>66,21<x<69,2<x<12,Morocco,Yes,Good,Father,C,S,HighSchool,Above-7,English,15<x<37,F,55<x<80,1
587,50<x<66,5<x<10,2<x<12,Iran,Yes,Good,Mum,A,F,HighSchool,Above-7,English,37<x<74,F,19<x<23,1
588,12<x<20,80<x<96,2<x<12,lebanon,Yes,Good,Father,C,F,lowerlevel,Above-7,Science,15<x<37,M,x>80,1
589,0<x<2,21<x<69,2<x<12,Jordan,Yes,Good,Mum,B,F,lowerlevel,Above-7,History,37<x<74,F,23<x<40,1
590,2<x<12,80<x<96,2<x<12,USA,Yes,Bad,Mum,C,S,MiddleSchool,Under-7,Spanish,2<x<15,F,x<5,0
591,50<x<66,21<x<69,2<x<12,lebanon,No,Bad,Father,A,F,HighSchool,Under-7,Biology,15<x<37,F,55<x<80,1
592,x>66,21<x<69,2<x<12,Syria,Yes,Bad,Father,A,F,MiddleSchool,Under-7,Biology,37<x<74,M,55<x<80,1
593,21<x<50,21<x<69,2<x<12,venzuela,No,Good,Father,B,S,lowerlevel,Under-7,Science,37<x<74,F,x>80,1
594,21<x<50,21<x<69,2<x<12,Iraq,Yes,Bad,Mum,C,F,HighSchool,Under-7,Arabic,2<x<15,M,55<x<80,1
595,x>66,21<x<69,2<x<12,Lybia,No,Good,Mum,A,S,lowerlevel,Under-7,Biology,15<x<37,F,x>80,1
596,0<x<2,70<x<80,2<x<12,Iraq,Yes,Bad,Father,C,F,lowerlevel,Under-7,Science,76<x<90,F,40<x<54,1
597,x>66,21<x<69,x<2,Egypt,Yes,Bad,Mum,C,F,HighSchool,Under-7,Geology,2<x<15,M,x>80,1
598,x>66,70<x<80,x<2,USA,No,Bad,Mum,C,F,lowerlevel,Under-7,Biology,15<x<37,M,x<5,0
599,x>66,5<x<10,2<x<12,Jordan,No,Good,Mum,B,S,lowerlevel,Above-7,Quran,74<x<76,F,40<x<54,1
600,x>66,21<x<69,2<x<12,KW,No,Good,Father,C,F,MiddleSchool,Above-7,Geology,x>90,F,40<x<54,1
601,50<x<66,x>97,2<x<12,Egypt,No,Good,Father,A,S,lowerlevel,Above-7,Science,15<x<37,M,55<x<80,1
602,12<x<20,21<x<69,2<x<12,Syria,No,Good,Father,C,F,MiddleSchool,Under-7,IT,37<x<74,M,40<x<54,1
603,21<x<50,21<x<69,2<x<12,USA,Yes,Bad,Father,A,S,MiddleSchool,Under-7,Biology,37<x<74,M,x<5,1
604,x>66,x>97,2<x<12,lebanon,Yes,Good,Mum,A,F,HighSchool,Above-7,Math,37<x<74,M,19<x<23,1
605,21<x<50,21<x<69,2<x<12,Tunis,No,Bad,Father,B,S,lowerlevel,Above-7,Biology,15<x<37,M,40<x<54,1
606,21<x<50,21<x<69,2<x<12,Syria,No,Bad,Father,C,S,MiddleSchool,Under-7,IT,x>90,F,40<x<54,1
607,x>66,x>97,2<x<12,Tunis,No,Good,Mum,C,F,lowerlevel,Above-7,French,37<x<74,M,x>80,1
608,50<x<66,70<x<80,2<x<12,Palestine,Yes,Good,Father,B,S,MiddleSchool,Under-7,French,37<x<74,F,19<x<23,1
609,x<0,21<x<69,2<x<12,venzuela,No,Bad,Father,C,S,HighSchool,Under-7,Quran,2<x<15,M,x<5,0
610,21<x<50,2<x<3,2<x<12,Jordan,Yes,Good,Father,A,F,MiddleSchool,Under-7,Science,37<x<74,M,5<x<7,0
611,21<x<50,13<x<21,2<x<12,venzuela,Yes,Bad,Mum,A,S,HighSchool,Under-7,IT,15<x<37,F,54<x<55,1
612,21<x<50,21<x<69,2<x<12,Lybia,No,Good,Mum,C,F,lowerlevel,Above-7,Spanish,15<x<37,M,55<x<80,1
613,50<x<66,13<x<21,2<x<12,Lybia,Yes,Good,Mum,A,F,HighSchool,Above-7,History,2<x<15,M,23<x<40,1
614,x>66,80<x<96,2<x<12,Lybia,No,Good,Mum,C,F,HighSchool,Above-7,IT,x>90,M,13<x<19,1
615,x>66,21<x<69,2<x<12,Iran,No,Bad,Father,B,S,lowerlevel,Above-7,Chemistry,15<x<37,M,23<x<40,1
616,12<x<20,21<x<69,2<x<12,Palestine,No,Good,Father,A,S,HighSchool,Under-7,Quran,37<x<74,M,x>80,1
617,2<x<12,x<2,2<x<12,Iraq,Yes,Good,Mum,C,F,MiddleSchool,Under-7,Geology,15<x<37,M,55<x<80,1
618,x>66,80<x<96,2<x<12,Iran,No,Bad,Father,A,F,lowerlevel,Under-7,Spanish,15<x<37,M,x>80,1
619,12<x<20,21<x<69,x<2,Palestine,No,Good,Mum,A,F,HighSchool,Above-7,French,2<x<15,F,13<x<19,0
620,21<x<50,21<x<69,2<x<12,lebanon,Yes,Bad,Mum,C,S,lowerlevel,Under-7,Math,2<x<15,M,x>80,1
621,50<x<66,21<x<69,2<x<12,Iran,No,Good,Mum,A,S,MiddleSchool,Above-7,Math,37<x<74,M,x>80,1
622,x>66,21<x<69,2<x<12,Egypt,Yes,Bad,Father,B,S,MiddleSchool,Above-7,English,2<x<15,F,40<x<54,1
623,2<x<12,70<x<80,2<x<12,Morocco,No,Bad,Mum,B,F,MiddleSchool,Under-7,French,76<x<90,M,7<x<10,1
624,21<x<50,5<x<10,x<2,Egypt,No,Good,Mum,C,F,lowerlevel,Under-7,Math,74<x<76,M,x<5,0
625,x>66,21<x<69,2<x<12,USA,No,Good,Father,C,S,MiddleSchool,Above-7,Biology,x>90,F,55<x<80,1
626,2<x<12,5<x<10,2<x<12,Tunis,No,Bad,Father,A,S,MiddleSchool,Above-7,Arabic,37<x<74,M,x>80,1
627,x>66,70<x<80,2<x<12,KW,No,Good,Father,B,F,lowerlevel,Under-7,English,37<x<74,F,x>80,1
628,50<x<66,21<x<69,2<x<12,KW,Yes,Good,Mum,B,S,HighSchool,Above-7,IT,37<x<74,F,x>80,1
629,12<x<20,21<x<69,2<x<12,Iraq,No,Bad,Father,C,F,lowerlevel,Above-7,Arabic,37<x<74,M,40<x<54,1
630,21<x<50,21<x<69,2<x<12,Tunis,Yes,Bad,Father,A,F,MiddleSchool,Under-7,Geology,2<x<15,F,13<x<19,1
631,x>66,5<x<10,2<x<12,Morocco,Yes,Good,Father,A,S,MiddleSchool,Under-7,Math,x>90,F,40<x<54,1
632,x>66,13<x<21,2<x<12,venzuela,No,Bad,Mum,C,F,MiddleSchool,Above-7,Biology,37<x<74,M,7<x<10,1
633,21<x<50,21<x<69,2<x<12,venzuela,No,Good,Mum,A,S,MiddleSchool,Under-7,Biology,2<x<15,F,x>80,1
634,21<x<50,x>97,2<x<12,Egypt,Yes,Good,Father,B,S,MiddleSchool,Under-7,Chemistry,76<x<90,F,55<x<80,1
635,x>66,21<x<69,2<x<12,venzuela,No,Bad,Father,A,F,HighSchool,Above-7,Quran,37<x<74,M,23<x<40,1
636,2<x<12,80<x<96,2<x<12,Tunis,Yes,Bad,Mum,A,F,MiddleSchool,Above-7,Science,2<x<15,M,23<x<40,0
637,x>66,21<x<69,2<x<12,Tunis,No,Bad,Father,C,S,HighSchool,Under-7,Geology,37<x<74,M,x>80,1
638,x>66,80<x<96,2<x<12,Syria,No,Bad,Mum,A,S,lowerlevel,Under-7,Science,15<x<37,F,55<x<80,1
639,50<x<66,21<x<69,x<2,Iran,Yes,Bad,Father,C,S,HighSchool,Under-7,History,74<x<76,M,x>80,1
640,x>66,21<x<69,2<x<12,Palestine,No,Good,Mum,C,S,MiddleSchool,Under-7,Biology,15<x<37,M,40<x<54,1
641,21<x<50,21<x<69,2<x<12,Morocco,Yes,Bad,Mum,C,F,HighSchool,Under-7,Math,37<x<74,F,x>80,1
642,21<x<50,80<x<96,2<x<12,KW,No,Bad,Mum,A,F,MiddleSchool,Above-7,Arabic,15<x<37,F,x<5,0
643,21<x<50,96<x<97,2<x<12,USA,No,Good,Father,C,S,HighSchool,Above-7,History,37<x<74,M,55<x<80,1
644,21<x<50,21<x<69,2<x<12,Jordan,No,Good,Father,A,F,HighSchool,Under-7,Spanish,76<x<90,M,13<x<19,1
645,x>66,3<x<5,2<x<12,Tunis,Yes,Good,Mum,B,S,HighSchool,Under-7,Spanish,2<x<15,F,55<x<80,1
646,21<x<50,21<x<69,x<2,SaudiArabia,No,Good,Mum,A,S,lowerlevel,Under-7,Biology,74<x<76,M,23<x<40,1
647,21<x<50,21<x<69,2<x<12,KW,No,Bad,Father,B,S,HighSchool,Under-7,Arabic,2<x<15,F,55<x<80,1
648,21<x<50,21<x<69,2<x<12,Lybia,No,Good,Mum,C,S,MiddleSchool,Under-7,History,15<x<37,M,55<x<80,1
649,21<x<50,x>97,2<x<12,Jordan,Yes,Good,Father,A,S,HighSchool,Under-7,History,37<x<74,F,55<x<80,1
650,x>66,10<x<13,2<x<12,USA,No,Good,Mum,A,F,lowerlevel,Above-7,French,x>90,M,40<x<54,1
651,21<x<50,80<x<96,2<x<12,Jordan,No,Bad,Mum,A,F,MiddleSchool,Above-7,History,76<x<90,F,x>80,1
652,x>66,21<x<69,x<2,Jordan,No,Good,Father,B,S,HighSchool,Under-7,Quran,15<x<37,M,x>80,1
653,21<x<50,21<x<69,2<x<12,Iran,No,Good,Father,A,F,lowerlevel,Above-7,Chemistry,76<x<90,M,x>80,1
654,21<x<50,5<x<10,2<x<12,USA,Yes,Bad,Father,C,F,MiddleSchool,Above-7,Biology,x<2,M,x>80,1
655,21<x<50,80<x<96,2<x<12,Palestine,Yes,Bad,Father,A,S,lowerlevel,Above-7,Biology,37<x<74,F,23<x<40,1
656,12<x<20,96<x<97,2<x<12,Morocco,Yes,Bad,Mum,C,F,lowerlevel,Above-7,French,76<x<90,M,19<x<23,1
657,12<x<20,21<x<69,2<x<12,Tunis,Yes,Good,Father,A,F,lowerlevel,Above-7,IT,x<2,M,55<x<80,1
658,21<x<50,21<x<69,2<x<12,Morocco,No,Good,Mum,C,S,MiddleSchool,Under-7,Arabic,37<x<74,F,5<x<7,1
659,12<x<20,21<x<69,2<x<12,Palestine,Yes,Bad,Mum,C,F,MiddleSchool,Under-7,Quran,x>90,F,23<x<40,1
660,2<x<12,13<x<21,2<x<12,Jordan,No,Bad,Mum,A,F,lowerlevel,Above-7,Chemistry,74<x<76,F,55<x<80,1
661,x>66,21<x<69,2<x<12,SaudiArabia,Yes,Good,Father,A,F,MiddleSchool,Under-7,Quran,37<x<74,F,55<x<80,1
662,50<x<66,96<x<97,2<x<12,lebanon,Yes,Bad,Father,A,F,lowerlevel,Under-7,IT,37<x<74,M,19<x<23,1
663,50<x<66,21<x<69,2<x<12,Iraq,No,Bad,Father,C,S,HighSchool,Under-7,Arabic,x>90,M,23<x<40,1
664,x>66,21<x<69,2<x<12,Palestine,Yes,Good,Father,A,F,MiddleSchool,Above-7,Geology,37<x<74,M,x>80,1
665,50<x<66,70<x<80,2<x<12,Palestine,Yes,Bad,Father,C,F,HighSchool,Under-7,Arabic,2<x<15,F,x>80,1
666,x>66,21<x<69,2<x<12,USA,Yes,Bad,Father,A,F,lowerlevel,Above-7,Chemistry,x>90,M,19<x<23,1
667,50<x<66,80<x<96,x<2,Iran,Yes,Good,Mum,A,F,lowerlevel,Above-7,Chemistry,x>90,M,13<x<19,1
668,2<x<12,21<x<69,2<x<12,Iran,Yes,Bad,Mum,C,F,HighSchool,Under-7,History,x>90,F,13<x<19,1
669,x>66,21<x<69,2<x<12,Morocco,No,Bad,Mum,A,F,HighSchool,Under-7,Math,37<x<74,M,23<x<40,1
670,x>66,10<x<13,2<x<12,Iran,Yes,Bad,Father,B,S,MiddleSchool,Above-7,Geology,37<x<74,F,x>80,1
671,2<x<12,70<x<80,2<x<12,Jordan,No,Bad,Father,A,F,MiddleSchool,Under-7,Chemistry,37<x<74,M,55<x<80,1
672,50<x<66,21<x<69,2<x<12,Tunis,No,Bad,Mum,A,F,HighSchool,Under-7,Chemistry,37<x<74,F,x>80,1
673,12<x<20,21<x<69,2<x<12,Tunis,No,Good,Mum,C,F,HighSchool,Above-7,Science,15<x<37,F,x>80,1
674,x>66,21<x<69,2<x<12,Iran,Yes,Good,Mum,A,S,MiddleSchool,Above-7,French,15<x<37,F,5<x<7,1
675,50<x<66,21<x<69,2<x<12,Iran,No,Bad,Father,B,F,lowerlevel,Above-7,Biology,37<x<74,F,13<x<19,1
676,x>66,80<x<96,2<x<12,Egypt,Yes,Good,Mum,B,F,HighSchool,Above-7,Spanish,15<x<37,M,23<x<40,1
677,50<x<66,21<x<69,x<2,Iraq,No,Bad,Mum,A,F,HighSchool,Above-7,Math,x>90,F,55<x<80,1
678,21<x<50,13<x<21,x<2,Jordan,Yes,Good,Father,B,S,MiddleSchool,Under-7,IT,x<2,M,x>80,1
679,50<x<66,10<x<13,2<x<12,Tunis,No,Bad,Mum,A,S,HighSchool,Above-7,History,76<x<90,F,19<x<23,1
680,50<x<66,80<x<96,2<x<12,Egypt,No,Good,Mum,B,F,MiddleSchool,Above-7,Chemistry,37<x<74,F,x>80,1
681,x>66,96<x<97,2<x<12,Syria,No,Bad,Father,A,S,lowerlevel,Above-7,Math,76<x<90,M,55<x<80,1
682,x>66,21<x<69,2<x<12,SaudiArabia,Yes,Good,Mum,C,S,HighSchool,Under-7,Math,2<x<15,F,19<x<23,1
683,2<x<12,70<x<80,2<x<12,lebanon,No,Good,Mum,A,F,lowerlevel,Under-7,Quran,37<x<74,F,x>80,1
684,50<x<66,70<x<80,2<x<12,Lybia,Yes,Good,Mum,C,S,HighSchool,Under-7,French,x>90,F,23<x<40,1
685,21<x<50,5<x<10,x<2,USA,Yes,Good,Father,C,F,HighSchool,Above-7,Arabic,x>90,F,55<x<80,1
686,21<x<50,21<x<69,2<x<12,Tunis,Yes,Bad,Mum,A,S,HighSchool,Above-7,Math,37<x<74,F,55<x<80,1
687,21<x<50,80<x<96,2<x<12,Lybia,Yes,Good,Father,C,F,lowerlevel,Above-7,Geology,37<x<74,F,5<x<7,0
688,2<x<12,21<x<69,2<x<12,Tunis,Yes,Bad,Mum,B,F,HighSchool,Under-7,Biology,37<x<74,F,x>80,1
689,50<x<66,80<x<96,2<x<12,Morocco,No,Good,Father,B,F,MiddleSchool,Under-7,History,37<x<74,F,55<x<80,1
690,x>66,5<x<10,2<x<12,Egypt,Yes,Bad,Mum,C,S,lowerlevel,Under-7,Chemistry,37<x<74,F,10<x<12,1
691,21<x<50,5<x<10,2<x<12,KW,Yes,Bad,Mum,C,F,lowerlevel,Under-7,IT,15<x<37,M,23<x<40,1
692,21<x<50,10<x<13,2<x<12,KW,Yes,Good,Father,C,F,MiddleSchool,Under-7,Math,x>90,F,55<x<80,1
693,x>66,70<x<80,2<x<12,Palestine,No,Good,Father,B,S,HighSchool,Above-7,Biology,76<x<90,F,55<x<80,1
694,x>66,2<x<3,2<x<12,KW,No,Bad,Mum,A,F,MiddleSchool,Above-7,Spanish,37<x<74,F,55<x<80,1
695,x>66,21<x<69,x<2,Syria,Yes,Bad,Father,C,S,lowerlevel,Above-7,Spanish,76<x<90,M,5<x<7,1
696,x>66,80<x<96,2<x<12,venzuela,No,Good,Father,A,S,HighSchool,Under-7,Arabic,37<x<74,M,55<x<80,1
697,x>66,21<x<69,2<x<12,Tunis,No,Bad,Mum,A,S,lowerlevel,Under-7,IT,76<x<90,M,23<x<40,1
698,2<x<12,21<x<69,2<x<12,Palestine,No,Good,Father,A,F,HighSchool,Above-7,Biology,2<x<15,F,23<x<40,0
699,12<x<20,70<x<80,2<x<12,KW,No,Bad,Mum,A,F,MiddleSchool,Under-7,Quran,15<x<37,M,55<x<80,1
700,x>66,80<x<96,2<x<12,USA,No,Bad,Father,C,S,lowerlevel,Above-7,French,76<x<90,F,x>80,1
701,x>66,21<x<69,2<x<12,venzuela,No,Bad,Mum,A,F,HighSchool,Under-7,Math,15<x<37,F,55<x<80,1
702,2<x<12,80<x<96,2<x<12,USA,No,Bad,Mum,B,F,MiddleSchool,Under-7,Spanish,15<x<37,F,13<x<19,1
703,50<x<66,21<x<69,2<x<12,Lybia,Yes,Bad,Mum,A,F,HighSchool,Above-7,English,15<x<37,F,40<x<54,1
704,21<x<50,21<x<69,x<2,Iran,No,Good,Mum,B,S,lowerlevel,Above-7,Quran,15<x<37,M,x<5,0
705,x>66,21<x<69,2<x<12,Iran,Yes,Good,Father,A,S,lowerlevel,Above-7,Arabic,76<x<90,M,x>80,1
706,50<x<66,2<x<3,2<x<12,venzuela,Yes,Good,Mum,C,F,HighSchool,Above-7,Math,74<x<76,F,23<x<40,1
707,2<x<12,21<x<69,2<x<12,venzuela,No,Bad,Father,A,S,lowerlevel,Under-7,Arabic,2<x<15,F,23<x<40,1
708,x>66,21<x<69,2<x<12,Iraq,Yes,Bad,Father,C,S,MiddleSchool,Under-7,History,2<x<15,F,40<x<54,1
709,12<x<20,2<x<3,2<x<12,Jordan,Yes,Good,Father,C,S,HighSchool,Under-7,Science,x>90,M,55<x<80,1
710,50<x<66,3<x<5,x<2,Morocco,Yes,Bad,Mum,A,S,lowerlevel,Under-7,IT,x>90,M,19<x<23,1
711,21<x<50,3<x<5,2<x<12,Jordan,No,Good,Father,C,F,HighSchool,Under-7,Biology,37<x<74,F,x>80,1
712,50<x<66,13<x<21,2<x<12,SaudiArabia,Yes,Good,Mum,A,S,lowerlevel,Under-7,Geology,76<x<90,M,55<x<80,1
713,x>66,21<x<69,x<2,Palestine,No,Bad,Father,A,S,lowerlevel,Under-7,Arabic,37<x<74,F,x>80,1
714,21<x<50,80<x<96,2<x<12,Syria,Yes,Good,Mum,A,F,HighSchool,Above-7,Arabic,37<x<74,M,19<x<23,1
715,21<x<50,70<x<80,2<x<12,venzuela,Yes,Good,Father,A,S,MiddleSchool,Above-7,Geology,76<x<90,M,12<x<13,1
716,21<x<50,80<x<96,2<x<12,KW,No,Bad,Mum,B,F,HighSchool,Under-7,Spanish,15<x<37,F,55<x<80,1
717,50<x<66,80<x<96,2<x<12,USA,No,Bad,Mum,A,F,HighSchool,Under-7,Geology,37<x<74,F,19<x<23,1
718,2<x<12,21<x<69,2<x<12,venzuela,Yes,Bad,Father,C,F,lowerlevel,Under-7,Quran,x<2,F,23<x<40,1
719,21<x<50,21<x<69,2<x<12,Tunis,Yes,Good,Mum,A,F,MiddleSchool,Above-7,IT,37<x<74,M,19<x<23,1
720,2<x<12,21<x<69,2<x<12,lebanon,No,Bad,Father,B,S,lowerlevel,Above-7,Biology,x>90,F,55<x<80,1
721,x>66,21<x<69,2<x<12,Morocco,No,Bad,Mum,A,F,MiddleSchool,Above-7,Arabic,2<x<15,F,13<x<19,1
722,50<x<66,x<2,2<x<12,lebanon,No,Bad,Mum,B,F,HighSchool,Above-7,French,x>90,F,x>80,1
723,2<x<12,5<x<10,2<x<12,Egypt,Yes,Good,Father,A,F,MiddleSchool,Above-7,Spanish,2<x<15,M,7<x<10,0
724,50<x<66,80<x<96,2<x<12,Egypt,Yes,Bad,Father,A,F,lowerlevel,Above-7,Biology,37<x<74,F,23<x<40,1
725,12<x<20,21<x<69,2<x<12,Egypt,Yes,Bad,Father,C,S,lowerlevel,Under-7,Science,37<x<74,F,40<x<54,1
726,21<x<50,21<x<69,2<x<12,Morocco,Yes,Good,Mum,B,F,HighSchool,Above-7,Arabic,15<x<37,F,40<x<54,1
727,21<x<50,70<x<80,x<2,Iran,Yes,Good,Mum,A,S,MiddleSchool,Under-7,Spanish,x>90,F,23<x<40,1
728,21<x<50,x>97,x<2,Palestine,Yes,Good,Father,B,S,HighSchool,Under-7,Chemistry,15<x<37,M,x<5,0
729,x>66,21<x<69,2<x<12,Jordan,Yes,Good,Father,A,S,HighSchool,Above-7,French,15<x<37,M,x>80,1
730,12<x<20,70<x<80,2<x<12,Morocco,Yes,Bad,Mum,B,F,HighSchool,Above-7,Arabic,2<x<15,M,7<x<10,0
731,x>66,80<x<96,2<x<12,USA,No,Bad,Mum,A,S,lowerlevel,Under-7,Quran,15<x<37,M,55<x<80,1
732,12<x<20,5<x<10,2<x<12,lebanon,No,Good,Mum,C,F,MiddleSchool,Under-7,Chemistry,76<x<90,F,13<x<19,1
733,50<x<66,70<x<80,2<x<12,Lybia,Yes,Good,Father,A,F,HighSchool,Under-7,IT,x>90,M,55<x<80,1
734,2<x<12,21<x<69,2<x<12,SaudiArabia,Yes,Bad,Mum,A,F,HighSchool,Above-7,English,76<x<90,F,55<x<80,1
735,21<x<50,5<x<10,2<x<12,Lybia,Yes,Good,Mum,B,F,HighSchool,Under-7,Math,x<2,F,55<x<80,1
736,x>66,21<x<69,x<2,Syria,Yes,Bad,Father,C,F,lowerlevel,Above-7,History,x>90,F,19<x<23,1
737,21<x<50,13<x<21,2<x<12,Tunis,Yes,Good,Mum,B,F,lowerlevel,Under-7,Quran,15<x<37,F,x>80,1
738,21<x<50,21<x<69,2<x<12,Morocco,Yes,Good,Father,A,F,HighSchool,Above-7,IT,37<x<74,F,55<x<80,1
739,21<x<50,80<x<96,2<x<12,lebanon,No,Good,Mum,B,S,lowerlevel,Above-7,Arabic,x>90,M,12<x<13,1
740,x>66,21<x<69,2<x<12,Iran,No,Bad,Father,A,F,lowerlevel,Above-7,Chemistry,2<x<15,F,5<x<7,0
741,21<x<50,21<x<69,2<x<12,lebanon,No,Bad,Mum,B,S,HighSchool,Above-7,French,15<x<37,M,x<5,1
742,x<0,70<x<80,x<2,Syria,No,Good,Mum,C,F,HighSchool,Above-7,Science,x>90,F,13<x<19,0
743,21<x<50,80<x<96,2<x<12,Iraq,Yes,Good,Father,B,F,lowerlevel,Above-7,French,74<x<76,M,19<x<23,1
744,12<x<20,80<x<96,2<x<12,Iran,No,Bad,Father,B,S,HighSchool,Above-7,Biology,37<x<74,M,55<x<80,1
745,50<x<66,13<x<21,2<x<12,Jordan,No,Good,Father,A,S,lowerlevel,Under-7,IT,x>90,F,55<x<80,1
746,50<x<66,80<x<96,2<x<12,KW,No,Bad,Mum,C,S,lowerlevel,Under-7,IT,37<x<74,F,40<x<54,1
747,21<x<50,80<x<96,2<x<12,KW,Yes,Good,Mum,B,F,HighSchool,Above-7,Arabic,37<x<74,M,5<x<7,1
748,0<x<2,5<x<10,2<x<12,Tunis,Yes,Bad,Mum,B,S,lowerlevel,Above-7,IT,37<x<74,F,55<x<80,1
749,12<x<20,21<x<69,2<x<12,Iran,Yes,Bad,Mum,A,F,HighSchool,Above-7,Spanish,37<x<74,F,x>80,1
750,x>66,80<x<96,2<x<12,Syria,No,Bad,Mum,A,S,HighSchool,Under-7,Biology,37<x<74,F,12<x<13,1
751,x>66,13<x<21,2<x<12,SaudiArabia,Yes,Bad,Mum,C,S,HighSchool,Above-7,Geology,37<x<74,M,55<x<80,1
752,50<x<66,70<x<80,2<x<12,SaudiArabia,Yes,Bad,Mum,B,S,HighSchool,Under-7,Arabic,x>90,F,x<5,1
753,21<x<50,21<x<69,2<x<12,Lybia,Yes,Good,Mum,B,F,lowerlevel,Under-7,Biology,37<x<74,F,55<x<80,1
754,x>66,80<x<96,x<2,Egypt,Yes,Good,Mum,B,F,lowerlevel,Above-7,English,x>90,M,55<x<80,1
755,x>66,70<x<80,2<x<12,KW,No,Good,Father,B,F,HighSchool,Above-7,Geology,2<x<15,M,10<x<12,0
756,x>66,80<x<96,2<x<12,Morocco,Yes,Bad,Father,B,F,HighSchool,Above-7,Biology,37<x<74,M,x>80,1
757,21<x<50,70<x<80,x<2,Palestine,No,Bad,Father,C,F,HighSchool,Above-7,Science,15<x<37,F,x>80,1
758,50<x<66,80<x<96,2<x<12,Egypt,No,Good,Mum,C,S,lowerlevel,Under-7,History,76<x<90,F,55<x<80,1
759,x>66,21<x<69,2<x<12,Iran,No,Bad,Mum,B,F,HighSchool,Above-7,Spanish,2<x<15,F,40<x<54,1
760,21<x<50,80<x<96,2<x<12,Palestine,No,Good,Mum,A,F,lowerlevel,Under-7,IT,2<x<15,F,7<x<10,0
761,2<x<12,21<x<69,2<x<12,SaudiArabia,Yes,Bad,Mum,A,F,lowerlevel,Above-7,Math,37<x<74,F,x<5,0
762,2<x<12,21<x<69,2<x<12,Lybia,Yes,Good,Father,B,F,HighSchool,Above-7,History,2<x<15,M,55<x<80,1
763,x>66,21<x<69,2<x<12,Tunis,Yes,Bad,Mum,A,F,HighSchool,Under-7,Biology,37<x<74,F,55<x<80,1
764,50<x<66,70<x<80,2<x<12,Iraq,No,Bad,Mum,A,S,HighSchool,Under-7,English,2<x<15,M,10<x<12,1
765,21<x<50,21<x<69,2<x<12,SaudiArabia,Yes,Bad,Mum,B,F,HighSchool,Under-7,Spanish,37<x<74,F,23<x<40,1
766,12<x<20,80<x<96,2<x<12,Palestine,Yes,Bad,Father,B,F,MiddleSchool,Above-7,French,76<x<90,F,x<5,0
767,x>66,21<x<69,2<x<12,lebanon,No,Bad,Father,B,F,HighSchool,Above-7,Arabic,76<x<90,M,40<x<54,1
768,21<x<50,70<x<80,2<x<12,Palestine,Yes,Good,Mum,B,S,HighSchool,Above-7,Quran,76<x<90,M,55<x<80,1
769,x>66,13<x<21,2<x<12,Syria,Yes,Bad,Father,B,F,lowerlevel,Above-7,Spanish,37<x<74,M,55<x<80,1
770,x>66,21<x<69,2<x<12,venzuela,No,Bad,Father,A,F,lowerlevel,Above-7,IT,76<x<90,F,5<x<7,1
771,50<x<66,21<x<69,2<x<12,USA,Yes,Bad,Father,A,F,lowerlevel,Above-7,Biology,2<x<15,F,7<x<10,0
772,x>66,80<x<96,2<x<12,Morocco,No,Good,Mum,A,S,HighSchool,Under-7,French,15<x<37,M,x<5,1
773,12<x<20,70<x<80,2<x<12,USA,Yes,Good,Mum,B,S,MiddleSchool,Above-7,Chemistry,76<x<90,F,23<x<40,1
774,2<x<12,21<x<69,2<x<12,Morocco,No,Bad,Mum,B,F,lowerlevel,Above-7,Geology,2<x<15,F,40<x<54,0
775,21<x<50,3<x<5,2<x<12,Egypt,No,Good,Mum,C,S,MiddleSchool,Under-7,Arabic,76<x<90,M,x>80,1
776,x>66,80<x<96,2<x<12,Palestine,Yes,Good,Mum,A,S,HighSchool,Above-7,French,2<x<15,F,23<x<40,1
777,12<x<20,80<x<96,2<x<12,Jordan,Yes,Good,Mum,B,F,lowerlevel,Under-7,Math,15<x<37,M,23<x<40,1
778,2<x<12,21<x<69,2<x<12,Egypt,No,Bad,Mum,C,S,MiddleSchool,Under-7,Chemistry,2<x<15,M,x>80,1
779,50<x<66,70<x<80,x<2,Syria,Yes,Bad,Mum,B,S,MiddleSchool,Under-7,IT,76<x<90,F,23<x<40,1
780,50<x<66,70<x<80,2<x<12,venzuela,Yes,Bad,Father,B,S,MiddleSchool,Under-7,Spanish,37<x<74,M,19<x<23,1
781,12<x<20,21<x<69,2<x<12,Iran,No,Bad,Father,A,F,HighSchool,Under-7,French,15<x<37,M,x>80,1
782,21<x<50,21<x<69,2<x<12,venzuela,No,Good,Father,A,S,lowerlevel,Under-7,History,15<x<37,M,55<x<80,1
783,21<x<50,70<x<80,2<x<12,Iraq,No,Good,Mum,A,S,MiddleSchool,Under-7,Chemistry,37<x<74,M,12<x<13,1
784,x>66,80<x<96,2<x<12,Morocco,Yes,Good,Father,C,S,HighSchool,Above-7,Quran,15<x<37,M,23<x<40,1
785,12<x<20,21<x<69,2<x<12,Jordan,Yes,Bad,Mum,C,S,MiddleSchool,Under-7,Science,15<x<37,F,x>80,1
786,50<x<66,13<x<21,2<x<12,lebanon,Yes,Good,Father,B,S,HighSchool,Above-7,Arabic,x>90,F,54<x<55,1
787,x>66,21<x<69,x<2,Tunis,Yes,Bad,Mum,C,F,lowerlevel,Above-7,Chemistry,15<x<37,M,55<x<80,1
788,21<x<50,21<x<69,2<x<12,venzuela,Yes,Bad,Father,C,S,MiddleSchool,Under-7,IT,x<2,F,55<x<80,1
789,21<x<50,21<x<69,x<2,Tunis,No,Bad,Mum,C,F,HighSchool,Under-7,Arabic,x>90,M,55<x<80,1
790,21<x<50,21<x<69,2<x<12,Lybia,Yes,Bad,Mum,B,F,MiddleSchool,Under-7,Spanish,76<x<90,M,x<5,1
791,21<x<50,80<x<96,2<x<12,Morocco,Yes,Bad,Father,C,S,lowerlevel,Above-7,IT,37<x<74,F,23<x<40,1
792,21<x<50,80<x<96,x<2,Morocco,No,Good,Father,C,S,lowerlevel,Under-7,English,37<x<74,F,5<x<7,0
793,x>66,21<x<69,2<x<12,KW,No,Bad,Mum,B,S,HighSchool,Above-7,Biology,15<x<37,M,23<x<40,1
794,21<x<50,21<x<69,2<x<12,Syria,No,Good,Father,C,F,HighSchool,Above-7,Quran,15<x<37,F,x>80,1
795,21<x<50,70<x<80,2<x<12,Morocco,Yes,Bad,Father,B,S,MiddleSchool,Under-7,Math,37<x<74,F,23<x<40,1
796,x>66,13<x<21,2<x<12,Jordan,No,Good,Mum,A,S,HighSchool,Above-7,Science,15<x<37,M,13<x<19,1
797,12<x<20,13<x<21,2<x<12,Palestine,Yes,Bad,Father,C,F,HighSchool,Above-7,Arabic,37<x<74,M,7<x<10,0
798,12<x<20,21<x<69,2<x<12,Syria,No,Bad,Mum,B,S,lowerlevel,Under-7,Quran,37<x<74,F,55<x<80,1
799,20<x<21,80<x<96,2<x<12,Jordan,No,Bad,Mum,A,F,HighSchool,Above-7,Chemistry,76<x<90,F,23<x<40,1
800,50<x<66,80<x<96,2<x<12,Palestine,No,Bad,Father,C,F,MiddleSchool,Above-7,Math,2<x<15,F,x>80,1
801,x>66,80<x<96,2<x<12,lebanon,No,Bad,Mum,B,F,HighSchool,Under-7,Biology,x>90,M,x>80,1
802,50<x<66,21<x<69,2<x<12,Tunis,No,Bad,Mum,C,F,HighSchool,Under-7,English,2<x<15,F,5<x<7,1
803,12<x<20,13<x<21,2<x<12,KW,No,Bad,Mum,C,F,lowerlevel,Above-7,Geology,37<x<74,M,55<x<80,1
804,2<x<12,21<x<69,2<x<12,Palestine,Yes,Good,Father,C,F,lowerlevel,Under-7,Quran,37<x<74,M,x<5,0
805,21<x<50,70<x<80,2<x<12,Morocco,Yes,Bad,Father,C,S,MiddleSchool,Under-7,Chemistry,76<x<90,M,55<x<80,1
806,50<x<66,10<x<13,x<2,USA,No,Good,Mum,A,S,lowerlevel,Above-7,English,37<x<74,F,55<x<80,1
807,x>66,21<x<69,2<x<12,KW,No,Bad,Father,A,S,MiddleSchool,Above-7,Chemistry,15<x<37,F,55<x<80,1
808,x>66,80<x<96,2<x<12,Tunis,No,Good,Father,B,S,MiddleSchool,Above-7,Arabic,37<x<74,F,10<x<12,0
809,x>66,70<x<80,2<x<12,Egypt,No,Bad,Father,C,S,HighSchool,Under-7,Chemistry,15<x<37,F,x<5,0
810,21<x<50,21<x<69,2<x<12,Lybia,Yes,Good,Mum,A,S,HighSchool,Above-7,Biology,15<x<37,M,55<x<80,1
811,12<x<20,x<2,2<x<12,lebanon,No,Bad,Father,A,S,lowerlevel,Under-7,IT,76<x<90,F,19<x<23,1
812,12<x<20,13<x<21,2<x<12,Palestine,Yes,Bad,Mum,C,S,lowerlevel,Under-7,Geology,x<2,M,55<x<80,1
813,x>66,21<x<69,2<x<12,Jordan,Yes,Good,Mum,B,F,HighSchool,Above-7,English,15<x<37,F,55<x<80,1
814,21<x<50,70<x<80,2<x<12,Palestine,No,Bad,Mum,A,S,HighSchool,Above-7,Science,x<2,F,55<x<80,1
815,x>66,21<x<69,2<x<12,Morocco,No,Bad,Father,B,F,MiddleSchool,Above-7,Geology,x>90,M,55<x<80,1
816,x>66,80<x<96,2<x<12,venzuela,No,Bad,Father,C,F,HighSchool,Above-7,Arabic,15<x<37,F,55<x<80,1
817,x>66,70<x<80,2<x<12,Syria,Yes,Bad,Father,B,F,lowerlevel,Above-7,History,15<x<37,M,x>80,1
818,21<x<50,21<x<69,2<x<12,KW,No,Good,Father,B,S,lowerlevel,Above-7,English,2<x<15,M,x<5,0
819,21<x<50,21<x<69,2<x<12,Morocco,No,Good,Mum,A,F,HighSchool,Under-7,Chemistry,2<x<15,F,19<x<23,1
820,21<x<50,21<x<69,x<2,Syria,No,Good,Mum,C,F,lowerlevel,Under-7,History,15<x<37,M,55<x<80,1
821,21<x<50,5<x<10,2<x<12,lebanon,No,Bad,Father,A,S,lowerlevel,Above-7,Math,37<x<74,F,54<x<55,1
822,21<x<50,x<2,2<x<12,lebanon,Yes,Good,Mum,C,S,MiddleSchool,Above-7,Biology,37<x<74,F,55<x<80,1
823,2<x<12,80<x<96,2<x<12,Egypt,No,Good,Mum,C,S,MiddleSchool,Under-7,Chemistry,2<x<15,M,55<x<80,1
824,2<x<12,5<x<10,2<x<12,Tunis,No,Good,Father,C,S,lowerlevel,Above-7,IT,37<x<74,M,55<x<80,1
825,21<x<50,21<x<69,2<x<12,Lybia,Yes,Bad,Mum,C,F,HighSchool,Above-7,IT,37<x<74,F,x>80,1
826,21<x<50,2<x<3,2<x<12,Tunis,Yes,Bad,Father,B,S,lowerlevel,Above-7,Chemistry,15<x<37,M,55<x<80,1
827,50<x<66,69<x<70,2<x<12,Iran,No,Good,Father,C,S,HighSchool,Under-7,Arabic,76<x<90,M,5<x<7,1
828,21<x<50,21<x<69,2<x<12,Egypt,Yes,Bad,Mum,B,S,HighSchool,Above-7,Arabic,15<x<37,F,55<x<80,1
829,21<x<50,5<x<10,x<2,Iran,No,Bad,Mum,B,F,lowerlevel,Under-7,Arabic,2<x<15,F,55<x<80,1
830,50<x<66,70<x<80,2<x<12,SaudiArabia,No,Bad,Father,B,F,lowerlevel,Above-7,French,37<x<74,F,40<x<54,1
831,50<x<66,2<x<3,2<x<12,Jordan,No,Bad,Mum,B,S,HighSchool,Under-7,Spanish,37<x<74,M,x<5,0
832,50<x<66,5<x<10,2<x<12,Egypt,Yes,Good,Father,C,S,MiddleSchool,Above-7,French,x<2,M,55<x<80,1
833,21<x<50,21<x<69,2<x<12,Lybia,No,Bad,Father,C,F,MiddleSchool,Under-7,Math,37<x<74,F,23<x<40,1
834,12<x<20,x>97,2<x<12,Lybia,Yes,Bad,Mum,B,S,lowerlevel,Under-7,Chemistry,15<x<37,F,55<x<80,1
835,x>66,21<x<69,2<x<12,Iran,Yes,Bad,Father,A,F,lowerlevel,Above-7,Chemistry,15<x<37,F,23<x<40,1
836,21<x<50,13<x<21,2<x<12,Iraq,No,Good,Father,C,S,MiddleSchool,Above-7,Science,15<x<37,F,55<x<80,1
837,50<x<66,80<x<96,2<x<12,Iraq,Yes,Bad,Father,C,S,MiddleSchool,Under-7,French,x<2,F,7<x<10,0
838,21<x<50,21<x<69,2<x<12,USA,No,Bad,Mum,A,S,HighSchool,Above-7,Arabic,37<x<74,M,40<x<54,1
839,x>66,5<x<10,2<x<12,Iran,Yes,Good,Father,C,F,HighSchool,Under-7,Geology,15<x<37,F,55<x<80,1
840,x>66,70<x<80,2<x<12,Syria,Yes,Bad,Mum,A,S,HighSchool,Under-7,Quran,37<x<74,F,55<x<80,1
841,21<x<50,5<x<10,2<x<12,Palestine,Yes,Bad,Father,C,S,lowerlevel,Above-7,Math,15<x<37,M,x>80,1
842,50<x<66,96<x<97,2<x<12,venzuela,Yes,Good,Mum,A,F,MiddleSchool,Under-7,IT,15<x<37,M,x>80,1
843,x>66,69<x<70,2<x<12,Syria,Yes,Good,Father,A,F,HighSchool,Under-7,Science,15<x<37,F,13<x<19,1
844,21<x<50,80<x<96,2<x<12,Egypt,Yes,Good,Mum,C,S,HighSchool,Under-7,English,15<x<37,M,x>80,1
845,21<x<50,21<x<69,2<x<12,Iran,No,Bad,Mum,B,F,HighSchool,Under-7,Geology,2<x<15,F,x>80,1
846,12<x<20,5<x<10,2<x<12,Syria,Yes,Good,Father,A,S,HighSchool,Under-7,Arabic,37<x<74,F,55<x<80,1
847,50<x<66,21<x<69,2<x<12,Morocco,Yes,Good,Father,B,S,MiddleSchool,Above-7,Biology,2<x<15,F,23<x<40,1
848,21<x<50,21<x<69,2<x<12,Iran,No,Good,Mum,B,F,lowerlevel,Under-7,Arabic,37<x<74,M,55<x<80,1
849,50<x<66,80<x<96,x<2,Jordan,Yes,Bad,Father,C,F,HighSchool,Under-7,Chemistry,37<x<74,M,x>80,1
850,21<x<50,21<x<69,2<x<12,SaudiArabia,Yes,Bad,Mum,B,S,lowerlevel,Under-7,History,76<x<90,F,7<x<10,1
851,50<x<66,70<x<80,2<x<12,Jordan,Yes,Good,Father,A,S,HighSchool,Under-7,Arabic,x<2,F,23<x<40,1
852,x>66,70<x<80,2<x<12,Iraq,No,Bad,Mum,B,S,MiddleSchool,Above-7,French,37<x<74,F,x>80,1
853,21<x<50,80<x<96,2<x<12,SaudiArabia,Yes,Bad,Father,B,F,MiddleSchool,Above-7,IT,37<x<74,F,23<x<40,1
854,x>66,70<x<80,x<2,lebanon,No,Good,Father,B,F,HighSchool,Above-7,Math,37<x<74,F,55<x<80,1
855,21<x<50,x<2,x<2,Jordan,Yes,Bad,Mum,C,F,lowerlevel,Under-7,Arabic,37<x<74,F,x>80,1
856,50<x<66,21<x<69,2<x<12,Iran,Yes,Good,Mum,C,F,HighSchool,Under-7,History,2<x<15,M,x>80,1
857,21<x<50,21<x<69,2<x<12,lebanon,Yes,Good,Father,B,F,lowerlevel,Above-7,Math,15<x<37,F,x<5,0
858,21<x<50,5<x<10,2<x<12,SaudiArabia,Yes,Good,Father,A,S,HighSchool,Above-7,Geology,37<x<74,F,5<x<7,0
859,x>66,70<x<80,2<x<12,Syria,Yes,Good,Mum,A,S,HighSchool,Above-7,Math,37<x<74,F,13<x<19,1
860,x>66,80<x<96,2<x<12,Jordan,No,Good,Mum,B,F,HighSchool,Above-7,Quran,x<2,M,19<x<23,1
861,21<x<50,80<x<96,x<2,Syria,No,Good,Father,C,S,HighSchool,Under-7,Chemistry,2<x<15,F,23<x<40,1
862,2<x<12,21<x<69,2<x<12,KW,Yes,Bad,Father,A,F,HighSchool,Above-7,Science,2<x<15,F,x<5,0
863,x>66,80<x<96,2<x<12,USA,No,Bad,Mum,A,F,lowerlevel,Above-7,Spanish,2<x<15,F,19<x<23,1
864,12<x<20,21<x<69,2<x<12,USA,Yes,Bad,Mum,C,F,lowerlevel,Under-7,Math,2<x<15,M,23<x<40,1
865,2<x<12,13<x<21,2<x<12,Lybia,No,Good,Mum,A,F,lowerlevel,Above-7,Spanish,37<x<74,M,x<5,0
866,2<x<12,80<x<96,2<x<12,Jordan,No,Good,Father,B,F,HighSchool,Under-7,History,15<x<37,M,40<x<54,1
867,21<x<50,x>97,2<x<12,Syria,No,Good,Father,A,F,lowerlevel,Above-7,French,15<x<37,F,55<x<80,1
868,2<x<12,21<x<69,2<x<12,KW,No,Good,Mum,A,F,HighSchool,Above-7,Arabic,37<x<74,M,55<x<80,1
869,x>66,80<x<96,2<x<12,Egypt,No,Good,Father,C,S,HighSchool,Above-7,Science,15<x<37,F,x<5,1
870,21<x<50,21<x<69,x<2,Syria,No,Good,Mum,A,S,lowerlevel,Under-7,Math,37<x<74,F,55<x<80,1
871,50<x<66,21<x<69,2<x<12,Palestine,No,Bad,Mum,B,F,lowerlevel,Under-7,French,74<x<76,F,5<x<7,1
872,0<x<2,10<x<13,2<x<12,venzuela,Yes,Bad,Mum,C,F,lowerlevel,Above-7,Spanish,15<x<37,M,19<x<23,1
873,21<x<50,80<x<96,2<x<12,lebanon,No,Bad,Father,A,S,HighSchool,Under-7,Chemistry,2<x<15,M,23<x<40,1
874,12<x<20,21<x<69,2<x<12,Lybia,Yes,Good,Mum,C,S,HighSchool,Above-7,Math,2<x<15,F,7<x<10,0
875,21<x<50,5<x<10,2<x<12,venzuela,Yes,Good,Mum,B,F,lowerlevel,Under-7,IT,37<x<74,M,x<5,1
876,21<x<50,80<x<96,2<x<12,Iran,No,Bad,Mum,C,S,lowerlevel,Under-7,Science,76<x<90,M,55<x<80,1
877,2<x<12,80<x<96,2<x<12,Iran,No,Bad,Mum,B,F,MiddleSchool,Above-7,Biology,76<x<90,M,55<x<80,1
878,x>66,21<x<69,2<x<12,Egypt,Yes,Bad,Mum,C,S,HighSchool,Under-7,Biology,15<x<37,M,x>80,1
879,21<x<50,10<x<13,2<x<12,Iraq,Yes,Bad,Father,A,F,HighSchool,Under-7,Quran,15<x<37,F,x>80,1
880,21<x<50,10<x<13,2<x<12,venzuela,No,Bad,Father,B,F,MiddleSchool,Above-7,Math,37<x<74,F,x>80,1
881,21<x<50,5<x<10,2<x<12,SaudiArabia,No,Bad,Mum,A,F,HighSchool,Under-7,Biology,x>90,F,23<x<40,1
882,21<x<50,5<x<10,2<x<12,Syria,Yes,Bad,Mum,C,F,HighSchool,Above-7,Spanish,37<x<74,M,23<x<40,1
883,12<x<20,70<x<80,2<x<12,KW,No,Good,Father,B,S,HighSchool,Under-7,Arabic,2<x<15,M,40<x<54,1
884,21<x<50,21<x<69,2<x<12,lebanon,Yes,Bad,Mum,B,F,lowerlevel,Under-7,Arabic,37<x<74,F,55<x<80,1
885,12<x<20,21<x<69,2<x<12,Palestine,No,Good,Mum,A,F,HighSchool,Above-7,Math,76<x<90,M,5<x<7,0
886,50<x<66,80<x<96,2<x<12,Egypt,No,Good,Father,A,F,HighSchool,Under-7,Quran,15<x<37,F,23<x<40,1
887,12<x<20,80<x<96,x<2,KW,Yes,Good,Father,A,F,HighSchool,Under-7,Geology,2<x<15,M,x<5,0
888,50<x<66,70<x<80,2<x<12,Tunis,Yes,Good,Father,B,F,HighSchool,Under-7,Chemistry,37<x<74,F,40<x<54,1
889,2<x<12,21<x<69,2<x<12,Tunis,Yes,Bad,Father,C,S,MiddleSchool,Above-7,Spanish,37<x<74,F,x>80,1
890,21<x<50,21<x<69,2<x<12,Iraq,No,Good,Father,B,F,HighSchool,Under-7,French,15<x<37,F,55<x<80,1
891,21<x<50,21<x<69,2<x<12,Lybia,No,Bad,Mum,B,F,MiddleSchool,Under-7,French,37<x<74,M,23<x<40,1
892,x>66,21<x<69,2<x<12,Iraq,Yes,Bad,Mum,C,S,HighSchool,Under-7,Quran,76<x<90,M,40<x<54,1
893,21<x<50,13<x<21,2<x<12,venzuela,No,Good,Father,B,S,HighSchool,Under-7,Quran,15<x<37,M,x>80,1
894,50<x<66,21<x<69,2<x<12,Jordan,No,Good,Mum,C,S,MiddleSchool,Under-7,Arabic,15<x<37,M,54<x<55,1
895,21<x<50,21<x<69,2<x<12,venzuela,Yes,Good,Mum,B,F,MiddleSchool,Above-7,Geology,2<x<15,M,55<x<80,1
896,x>66,5<x<10,x<2,Lybia,Yes,Good,Mum,B,F,lowerlevel,Above-7,Math,x<2,F,x>80,1
897,x>66,21<x<69,2<x<12,KW,No,Bad,Mum,C,F,lowerlevel,Under-7,Math,15<x<37,F,13<x<19,1
898,21<x<50,21<x<69,2<x<12,Morocco,No,Good,Father,A,S,lowerlevel,Above-7,Spanish,15<x<37,F,x>80,1
899,x>66,10<x<13,2<x<12,Syria,Yes,Good,Mum,C,S,lowerlevel,Above-7,Math,37<x<74,F,x>80,1
900,x>66,70<x<80,x<2,Iraq,Yes,Bad,Father,B,S,HighSchool,Above-7,English,37<x<74,M,x>80,1
901,21<x<50,13<x<21,2<x<12,Iran,No,Good,Father,B,F,MiddleSchool,Under-7,English,76<x<90,M,x>80,1
902,21<x<50,2<x<3,x<2,Jordan,Yes,Good,Mum,A,S,HighSchool,Above-7,Chemistry,37<x<74,F,55<x<80,1
903,x>66,21<x<69,2<x<12,Morocco,Yes,Good,Mum,A,S,HighSchool,Above-7,History,74<x<76,F,55<x<80,1
904,x>66,13<x<21,2<x<12,USA,No,Bad,Mum,B,S,HighSchool,Under-7,Chemistry,2<x<15,M,x>80,1
905,x>66,5<x<10,2<x<12,USA,Yes,Bad,Mum,A,F,MiddleSchool,Above-7,Science,37<x<74,F,55<x<80,1
906,21<x<50,80<x<96,2<x<12,Morocco,No,Good,Mum,B,F,HighSchool,Above-7,Science,74<x<76,F,55<x<80,1
907,21<x<50,70<x<80,2<x<12,lebanon,Yes,Good,Mum,A,S,MiddleSchool,Under-7,Arabic,15<x<37,M,x>80,1
908,20<x<21,21<x<69,x<2,Tunis,Yes,Bad,Father,C,S,HighSchool,Above-7,Spanish,15<x<37,M,23<x<40,1
909,x>66,21<x<69,2<x<12,Iraq,Yes,Bad,Mum,C,F,MiddleSchool,Under-7,French,2<x<15,M,x<5,0
910,50<x<66,80<x<96,x<2,Egypt,Yes,Good,Father,C,F,lowerlevel,Above-7,Biology,2<x<15,F,x>80,1
911,50<x<66,70<x<80,2<x<12,Lybia,Yes,Good,Mum,A,S,MiddleSchool,Under-7,Spanish,x>90,M,55<x<80,1
912,50<x<66,70<x<80,2<x<12,SaudiArabia,No,Good,Father,A,S,lowerlevel,Under-7,History,76<x<90,M,x>80,1
913,2<x<12,21<x<69,2<x<12,Syria,No,Good,Father,A,F,lowerlevel,Under-7,Geology,x>90,M,23<x<40,1
914,x>66,80<x<96,2<x<12,Jordan,Yes,Bad,Mum,A,S,HighSchool,Under-7,Chemistry,2<x<15,F,54<x<55,1
915,21<x<50,21<x<69,2<x<12,KW,Yes,Good,Mum,C,F,HighSchool,Above-7,Math,37<x<74,F,23<x<40,1
916,12<x<20,70<x<80,2<x<12,Lybia,Yes,Good,Mum,A,F,lowerlevel,Under-7,Chemistry,2<x<15,M,23<x<40,1
917,21<x<50,21<x<69,2<x<12,Syria,Yes,Bad,Mum,C,S,HighSchool,Under-7,Science,76<x<90,F,13<x<19,1
918,0<x<2,21<x<69,2<x<12,Palestine,No,Good,Mum,B,S,HighSchool,Above-7,IT,76<x<90,F,55<x<80,1
919,x>66,13<x<21,2<x<12,Iraq,Yes,Bad,Father,B,S,lowerlevel,Above-7,Science,37<x<74,F,x<5,1
920,x>66,21<x<69,2<x<12,KW,No,Good,Mum,B,S,MiddleSchool,Above-7,Spanish,15<x<37,M,x<5,0
921,50<x<66,x<2,2<x<12,USA,No,Good,Father,C,F,MiddleSchool,Under-7,Arabic,37<x<74,F,55<x<80,1
922,21<x<50,x<2,2<x<12,Iran,Yes,Bad,Mum,B,F,lowerlevel,Under-7,Math,x<2,M,19<x<23,1
923,x>66,21<x<69,2<x<12,Palestine,Yes,Good,Mum,A,F,MiddleSchool,Under-7,Arabic,2<x<15,F,23<x<40,1
924,12<x<20,21<x<69,2<x<12,venzuela,Yes,Bad,Father,A,S,MiddleSchool,Under-7,Arabic,2<x<15,F,x<5,0
925,21<x<50,x<2,x<2,Lybia,Yes,Bad,Father,A,F,MiddleSchool,Above-7,Biology,15<x<37,M,55<x<80,1
926,2<x<12,70<x<80,2<x<12,SaudiArabia,No,Good,Father,C,S,HighSchool,Above-7,Science,76<x<90,F,x<5,0
927,12<x<20,21<x<69,2<x<12,USA,No,Good,Father,C,F,HighSchool,Above-7,IT,76<x<90,F,13<x<19,1
928,x<0,13<x<21,2<x<12,Palestine,No,Bad,Father,A,S,HighSchool,Under-7,History,37<x<74,M,13<x<19,1
929,50<x<66,21<x<69,2<x<12,Lybia,Yes,Good,Mum,A,F,lowerlevel,Above-7,Quran,37<x<74,M,55<x<80,1
930,21<x<50,96<x<97,2<x<12,SaudiArabia,No,Bad,Mum,A,S,HighSchool,Under-7,IT,37<x<74,F,x>80,1
931,x>66,21<x<69,x<2,lebanon,Yes,Good,Mum,A,S,lowerlevel,Under-7,Biology,76<x<90,M,40<x<54,1
932,2<x<12,21<x<69,2<x<12,SaudiArabia,Yes,Good,Mum,A,F,HighSchool,Under-7,Arabic,2<x<15,M,7<x<10,0
933,21<x<50,13<x<21,2<x<12,Lybia,Yes,Good,Mum,C,S,lowerlevel,Under-7,French,15<x<37,M,23<x<40,1
934,50<x<66,21<x<69,2<x<12,SaudiArabia,Yes,Bad,Mum,C,S,MiddleSchool,Above-7,Geology,37<x<74,M,19<x<23,1
935,2<x<12,21<x<69,2<x<12,Palestine,No,Bad,Father,A,F,HighSchool,Above-7,Chemistry,37<x<74,F,x>80,1
936,50<x<66,80<x<96,2<x<12,Syria,No,Bad,Father,A,S,HighSchool,Under-7,IT,15<x<37,M,40<x<54,1
937,21<x<50,21<x<69,2<x<12,SaudiArabia,Yes,Good,Mum,B,F,HighSchool,Above-7,Science,15<x<37,M,40<x<54,1
938,2<x<12,21<x<69,2<x<12,SaudiArabia,No,Bad,Mum,C,S,HighSchool,Under-7,History,x<2,F,x<5,0
939,x>66,21<x<69,2<x<12,KW,Yes,Bad,Father,A,S,lowerlevel,Above-7,Biology,15<x<37,F,55<x<80,1
940,50<x<66,21<x<69,2<x<12,Palestine,No,Bad,Father,C,F,HighSchool,Above-7,Arabic,37<x<74,F,x>80,1
941,0<x<2,70<x<80,x<2,Syria,No,Good,Father,A,F,MiddleSchool,Under-7,History,2<x<15,M,19<x<23,1
942,2<x<12,70<x<80,2<x<12,Syria,Yes,Good,Father,C,S,HighSchool,Under-7,Chemistry,2<x<15,M,x>80,1
943,21<x<50,x>97,2<x<12,venzuela,No,Bad,Father,C,F,MiddleSchool,Under-7,IT,74<x<76,M,55<x<80,1
944,50<x<66,21<x<69,2<x<12,Iran,No,Good,Father,B,F,HighSchool,Under-7,Arabic,76<x<90,F,23<x<40,1
945,12<x<20,13<x<21,2<x<12,SaudiArabia,No,Good,Mum,C,F,HighSchool,Under-7,Geology,76<x<90,F,19<x<23,1
946,21<x<50,21<x<69,2<x<12,Iraq,No,Good,Father,B,S,HighSchool,Above-7,Biology,15<x<37,M,23<x<40,1
947,2<x<12,13<x<21,2<x<12,Tunis,Yes,Good,Father,C,S,lowerlevel,Above-7,History,37<x<74,F,55<x<80,1
948,21<x<50,13<x<21,2<x<12,KW,Yes,Good,Father,C,S,lowerlevel,Above-7,English,37<x<74,F,13<x<19,1
949,21<x<50,21<x<69,2<x<12,Iraq,Yes,Good,Mum,C,S,MiddleSchool,Under-7,History,37<x<74,M,23<x<40,1
950,21<x<50,21<x<69,2<x<12,SaudiArabia,Yes,Bad,Mum,B,S,lowerlevel,Under-7,Quran,2<x<15,F,55<x<80,1
951,x>66,13<x<21,2<x<12,USA,No,Bad,Father,A,F,HighSchool,Under-7,Chemistry,37<x<74,F,23<x<40,1
952,x>66,70<x<80,2<x<12,Egypt,No,Good,Mum,C,S,MiddleSchool,Under-7,IT,15<x<37,M,54<x<55,1
953,21<x<50,21<x<69,2<x<12,Jordan,Yes,Bad,Father,C,F,MiddleSchool,Above-7,History,76<x<90,M,40<x<54,1
954,2<x<12,21<x<69,x<2,SaudiArabia,Yes,Good,Father,C,S,lowerlevel,Above-7,Chemistry,2<x<15,F,55<x<80,1
955,2<x<12,80<x<96,2<x<12,KW,No,Good,Father,B,F,lowerlevel,Above-7,Arabic,76<x<90,M,12<x<13,1
956,12<x<20,21<x<69,2<x<12,Syria,No,Good,Mum,A,S,lowerlevel,Under-7,Spanish,2<x<15,M,x>80,1
957,21<x<50,21<x<69,2<x<12,Lybia,No,Bad,Father,C,F,HighSchool,Above-7,Arabic,76<x<90,F,40<x<54,1
958,x>66,21<x<69,2<x<12,Lybia,No,Bad,Mum,C,S,lowerlevel,Under-7,IT,2<x<15,M,55<x<80,1
959,12<x<20,21<x<69,2<x<12,Palestine,No,Good,Mum,A,S,MiddleSchool,Above-7,Math,76<x<90,M,x>80,1
960,21<x<50,80<x<96,2<x<12,SaudiArabia,No,Good,Mum,B,F,MiddleSchool,Above-7,Geology,74<x<76,F,55<x<80,1
961,x>66,13<x<21,x<2,venzuela,No,Good,Father,C,S,lowerlevel,Above-7,Science,2<x<15,F,13<x<19,1
962,12<x<20,80<x<96,2<x<12,Tunis,No,Good,Mum,B,S,MiddleSchool,Above-7,Math,x<2,M,x>80,1
963,2<x<12,10<x<13,2<x<12,venzuela,Yes,Bad,Father,A,S,HighSchool,Above-7,History,15<x<37,F,55<x<80,1
964,2<x<12,21<x<69,x<2,USA,Yes,Bad,Mum,C,S,MiddleSchool,Under-7,History,2<x<15,M,55<x<80,1
965,21<x<50,5<x<10,2<x<12,Lybia,Yes,Good,Mum,C,F,HighSchool,Above-7,Math,76<x<90,F,55<x<80,1
966,50<x<66,13<x<21,2<x<12,Syria,No,Good,Mum,C,F,HighSchool,Above-7,Geology,37<x<74,F,x>80,1
967,x>66,80<x<96,2<x<12,lebanon,Yes,Bad,Mum,A,F,HighSchool,Under-7,Spanish,76<x<90,F,40<x<54,1
968,x>66,80<x<96,2<x<12,Jordan,No,Bad,Father,B,S,HighSchool,Above-7,French,37<x<74,M,55<x<80,1
969,2<x<12,70<x<80,2<x<12,USA,No,Bad,Mum,C,S,lowerlevel,Above-7,Geology,76<x<90,M,55<x<80,1
970,x>66,70<x<80,2<x<12,Morocco,No,Bad,Father,C,F,MiddleSchool,Under-7,Quran,37<x<74,M,55<x<80,1
971,50<x<66,13<x<21,2<x<12,Egypt,No,Good,Mum,A,F,MiddleSchool,Under-7,English,37<x<74,F,55<x<80,1
972,21<x<50,80<x<96,2<x<12,Palestine,No,Good,Father,C,F,HighSchool,Above-7,Spanish,2<x<15,M,13<x<19,1
973,21<x<50,80<x<96,2<x<12,Tunis,Yes,Bad,Father,C,S,HighSchool,Under-7,Arabic,15<x<37,F,55<x<80,1
974,21<x<50,21<x<69,2<x<12,venzuela,Yes,Good,Father,A,F,HighSchool,Above-7,Quran,37<x<74,M,23<x<40,1
975,x<0,21<x<69,2<x<12,Tunis,Yes,Good,Mum,C,F,lowerlevel,Under-7,Science,37<x<74,F,40<x<54,1
976,21<x<50,21<x<69,2<x<12,Egypt,Yes,Bad,Father,A,S,MiddleSchool,Above-7,French,2<x<15,M,55<x<80,1
977,21<x<50,13<x<21,2<x<12,Egypt,No,Bad,Mum,C,S,HighSchool,Under-7,History,15<x<37,M,5<x<7,0
978,x>66,69<x<70,2<x<12,Palestine,No,Bad,Mum,B,S,HighSchool,Above-7,Chemistry,15<x<37,M,23<x<40,1
979,21<x<50,21<x<69,2<x<12,USA,Yes,Good,Father,A,F,lowerlevel,Above-7,French,76<x<90,M,x>80,1
980,21<x<50,80<x<96,2<x<12,Egypt,No,Bad,Mum,C,F,lowerlevel,Above-7,Arabic,15<x<37,M,12<x<13,0
981,21<x<50,21<x<69,2<x<12,SaudiArabia,Yes,Bad,Father,B,S,lowerlevel,Above-7,IT,37<x<74,F,x>80,1
982,x>66,21<x<69,2<x<12,Syria,No,Good,Mum,A,F,MiddleSchool,Above-7,History,76<x<90,F,55<x<80,1
983,50<x<66,21<x<69,2<x<12,Palestine,Yes,Good,Mum,A,S,lowerlevel,Under-7,Geology,37<x<74,M,55<x<80,1
984,x>66,21<x<69,2<x<12,Egypt,Yes,Good,Father,C,S,HighSchool,Above-7,Arabic,x<2,M,7<x<10,0
985,21<x<50,21<x<69,2<x<12,SaudiArabia,Yes,Good,Mum,A,S,HighSchool,Under-7,History,x>90,F,55<x<80,1
986,2<x<12,80<x<96,2<x<12,Egypt,No,Good,Mum,C,S,MiddleSchool,Above-7,Geology,37<x<74,M,19<x<23,1
987,0<x<2,21<x<69,2<x<12,USA,Yes,Good,Mum,C,F,HighSchool,Above-7,Biology,37<x<74,M,23<x<40,1
988,21<x<50,70<x<80,2<x<12,Iraq,No,Good,Father,A,F,HighSchool,Under-7,French,76<x<90,F,7<x<10,1
989,21<x<50,21<x<69,2<x<12,Morocco,Yes,Bad,Father,A,S,MiddleSchool,Under-7,Spanish,15<x<37,F,x>80,1
990,12<x<20,80<x<96,2<x<12,venzuela,No,Bad,Mum,A,S,HighSchool,Above-7,Arabic,15<x<37,F,23<x<40,1
991,50<x<66,13<x<21,x<2,KW,Yes,Bad,Mum,C,S,lowerlevel,Above-7,Chemistry,37<x<74,F,x>80,1
992,x>66,21<x<69,2<x<12,Egypt,Yes,Bad,Mum,C,S,HighSchool,Under-7,IT,37<x<74,M,x>80,1
993,x>66,21<x<69,2<x<12,Iraq,No,Good,Mum,C,S,MiddleSchool,Under-7,French,2<x<15,M,55<x<80,1
994,21<x<50,21<x<69,2<x<12,USA,No,Bad,Mum,C,F,HighSchool,Above-7,Math,37<x<74,M,55<x<80,1
995,21<x<50,69<x<70,x<2,Tunis,Yes,Good,Mum,B,F,MiddleSchool,Under-7,Arabic,x>90,M,55<x<80,1
996,21<x<50,5<x<10,2<x<12,Jordan,No,Bad,Mum,A,F,lowerlevel,Above-7,French,x>90,F,40<x<54,1
997,21<x<50,80<x<96,2<x<12,Iran,No,Bad,Father,A,F,lowerlevel,Above-7,Math,2<x<15,M,x>80,1
998,21<x<50,21<x<69,2<x<12,venzuela,Yes,Good,Father,C,S,lowerlevel,Under-7,Science,76<x<90,F,40<x<54,1
999,x>66,21<x<69,2<x<12,venzuela,No,Good,Father,C,F,HighSchool,Under-7,Geology,76<x<90,M,x>80,1
