id,age,country,educational-num,fnlwgt,hours-per-week,race,relationship,sex,workclass,class
0,x>67,non-US,9<x<11,316820<x<392849,44<x<49,White,Own-child,Male,Never-worked,0
1,x>67,non-US,14<x<15,97521<x<209900,40<x<41,Other,Husband,Male,Federal-gov,1
2,41<x<55,non-US,12<x<13,22366<x<37674,40<x<41,Other,Other-relative,Female,Never-worked,0
3,x>67,non-US,3<x<9,210481<x<316820,x<10,Other,Unmarried,Female,State-gov,0
4,x<19,US,9<x<11,210481<x<316820,60<x<90,Amer-Indian-Eskimo,Own-child,Female,Never-worked,0
5,31<x<34,US,x<3,42869<x<75413,60<x<90,Asian-Pac-Islander,Not-in-family,Female,Private,0
6,29<x<31,non-US,3<x<9,76136<x<97521,10<x<30,Black,Own-child,Male,Local-gov,0
7,41<x<55,non-US,3<x<9,97521<x<209900,x<10,White,Own-child,Female,Private,0
8,41<x<55,US,9<x<11,210481<x<316820,60<x<90,Other,Wife,Female,Without-pay,0
9,19<x<22,US,3<x<9,316820<x<392849,60<x<90,Asian-Pac-Islander,Wife,Male,Private,0
10,19<x<22,non-US,9<x<11,97521<x<209900,x<10,Amer-Indian-Eskimo,Other-relative,Female,Without-pay,0
11,x>67,non-US,x<3,42869<x<75413,10<x<30,Other,Unmarried,Male,Local-gov,0
12,31<x<34,US,14<x<15,97521<x<209900,10<x<30,Amer-Indian-Eskimo,Own-child,Female,Without-pay,0
13,62<x<67,US,9<x<11,97521<x<209900,60<x<90,Black,Other-relative,Female,State-gov,0
14,x<19,US,x<3,75413<x<75742,60<x<90,Black,Other-relative,Male,Never-worked,0
15,35<x<41,US,3<x<9,97521<x<209900,60<x<90,White,Other-relative,Male,State-gov,0
16,35<x<41,US,x>15,97521<x<209900,10<x<30,Other,Unmarried,Male,Local-gov,0
17,34<x<35,non-US,13<x<14,x>392849,60<x<90,White,Other-relative,Female,Local-gov,0
18,41<x<55,non-US,11<x<12,316820<x<392849,60<x<90,Other,Own-child,Female,Self-emp-inc,0
19,25<x<27,non-US,3<x<9,97521<x<209900,42<x<44,White,Wife,Male,Never-worked,0
20,x>67,US,3<x<9,97521<x<209900,x<10,White,Not-in-family,Male,State-gov,0
21,27<x<28,non-US,x<3,x>392849,x<10,Amer-Indian-Eskimo,Unmarried,Female,Never-worked,0
22,x>67,non-US,14<x<15,210481<x<316820,60<x<90,Amer-Indian-Eskimo,Wife,Female,Without-pay,0
23,41<x<55,non-US,x>15,97521<x<209900,44<x<49,White,Unmarried,Male,Without-pay,0
24,55<x<62,non-US,9<x<11,x>392849,60<x<90,Asian-Pac-Islander,Own-child,Male,State-gov,0
25,35<x<41,US,3<x<9,210481<x<316820,10<x<30,Asian-Pac-Islander,Own-child,Male,Never-worked,0
26,34<x<35,non-US,9<x<11,316820<x<392849,10<x<30,Other,Unmarried,Male,State-gov,0
27,55<x<62,non-US,x<3,210481<x<316820,10<x<30,Amer-Indian-Eskimo,Husband,Male,Never-worked,0
28,x>67,non-US,3<x<9,210481<x<316820,10<x<30,Amer-Indian-Eskimo,Other-relative,Female,Private,0
29,x>67,US,3<x<9,210481<x<316820,49<x<60,Black,Wife,Male,State-gov,0
30,29<x<31,US,12<x<13,210481<x<316820,60<x<90,Black,Not-in-family,Female,State-gov,0
31,x>67,US,3<x<9,97521<x<209900,49<x<60,Other,Husband,Male,Federal-gov,0
32,x>67,non-US,3<x<9,x>392849,60<x<90,White,Wife,Male,Federal-gov,0
33,x>67,US,x<3,97521<x<209900,49<x<60,Other,Not-in-family,Male,State-gov,0
34,19<x<22,non-US,3<x<9,97521<x<209900,49<x<60,Black,Own-child,Male,Federal-gov,0
35,x>67,US,3<x<9,97521<x<209900,10<x<30,Black,Own-child,Male,Never-worked,0
36,x>67,non-US,13<x<14,210481<x<316820,49<x<60,Amer-Indian-Eskimo,Husband,Female,Local-gov,1
37,x>67,US,3<x<9,210481<x<316820,49<x<60,Asian-Pac-Islander,Husband,Female,Self-emp-not-inc,0
38,62<x<67,non-US,3<x<9,42869<x<75413,30<x<35,White,Husband,Male,Self-emp-not-inc,0
39,x>67,non-US,x<3,97521<x<209900,60<x<90,White,Unmarried,Female,Federal-gov,0
40,25<x<27,US,3<x<9,316820<x<392849,10<x<30,Asian-Pac-Islander,Not-in-family,Male,Never-worked,0
41,x>67,non-US,x>15,97521<x<209900,60<x<90,White,Not-in-family,Female,Without-pay,0
42,x>67,non-US,x<3,97521<x<209900,60<x<90,Asian-Pac-Islander,Wife,Male,Self-emp-not-inc,0
43,55<x<62,non-US,3<x<9,210481<x<316820,60<x<90,Black,Not-in-family,Female,State-gov,0
44,35<x<41,non-US,x>15,97521<x<209900,44<x<49,Asian-Pac-Islander,Unmarried,Male,Self-emp-inc,1
45,x>67,US,x<3,97521<x<209900,x>90,Black,Other-relative,Female,Private,0
46,x>67,US,9<x<11,x>392849,10<x<30,Other,Husband,Female,Self-emp-inc,1
47,35<x<41,non-US,3<x<9,210481<x<316820,60<x<90,White,Own-child,Female,Without-pay,0
48,x>67,non-US,13<x<14,22366<x<37674,60<x<90,Asian-Pac-Islander,Wife,Female,Private,1
49,41<x<55,non-US,x<3,97521<x<209900,60<x<90,Asian-Pac-Islander,Husband,Female,Never-worked,0
50,41<x<55,non-US,12<x<13,316820<x<392849,x>90,Black,Other-relative,Female,Local-gov,0
51,55<x<62,US,9<x<11,76136<x<97521,10<x<30,Asian-Pac-Islander,Own-child,Male,Self-emp-inc,0
52,19<x<22,non-US,3<x<9,210481<x<316820,49<x<60,White,Other-relative,Female,Private,0
53,35<x<41,US,x>15,x>392849,x<10,Asian-Pac-Islander,Other-relative,Male,Local-gov,0
54,x>67,US,11<x<12,316820<x<392849,60<x<90,White,Husband,Male,Without-pay,0
55,x>67,non-US,14<x<15,97521<x<209900,30<x<35,Black,Husband,Female,Without-pay,1
56,x>67,US,3<x<9,x>392849,30<x<35,Other,Own-child,Male,State-gov,0
57,x>67,US,x<3,97521<x<209900,x<10,Other,Own-child,Male,State-gov,0
58,55<x<62,non-US,14<x<15,97521<x<209900,44<x<49,White,Own-child,Female,Never-worked,0
59,24<x<25,non-US,x<3,97521<x<209900,60<x<90,Amer-Indian-Eskimo,Other-relative,Female,State-gov,0
60,34<x<35,non-US,13<x<14,210481<x<316820,10<x<30,Other,Husband,Male,Self-emp-inc,0
61,35<x<41,US,x<3,316820<x<392849,60<x<90,Asian-Pac-Islander,Own-child,Female,Federal-gov,0
62,19<x<22,non-US,x<3,97521<x<209900,60<x<90,Asian-Pac-Islander,Wife,Male,Local-gov,0
63,41<x<55,US,3<x<9,76136<x<97521,49<x<60,White,Other-relative,Male,Private,0
64,19<x<22,non-US,3<x<9,97521<x<209900,10<x<30,Asian-Pac-Islander,Unmarried,Male,State-gov,0
65,x>67,non-US,x<3,97521<x<209900,42<x<44,Black,Not-in-family,Female,Self-emp-inc,0
66,35<x<41,non-US,3<x<9,97521<x<209900,10<x<30,Amer-Indian-Eskimo,Unmarried,Female,Self-emp-inc,0
67,41<x<55,non-US,3<x<9,76136<x<97521,60<x<90,Other,Wife,Male,Local-gov,0
68,19<x<22,US,14<x<15,97521<x<209900,10<x<30,White,Not-in-family,Male,Without-pay,0
69,62<x<67,non-US,9<x<11,97521<x<209900,60<x<90,Asian-Pac-Islander,Unmarried,Male,Without-pay,0
70,55<x<62,US,3<x<9,76136<x<97521,x>90,Asian-Pac-Islander,Unmarried,Female,Self-emp-inc,0
71,41<x<55,US,3<x<9,210481<x<316820,60<x<90,White,Other-relative,Male,Self-emp-inc,0
72,31<x<34,US,13<x<14,97521<x<209900,x<10,Asian-Pac-Islander,Husband,Male,Private,0
73,35<x<41,non-US,3<x<9,97521<x<209900,60<x<90,Black,Own-child,Female,Private,0
74,35<x<41,US,3<x<9,210481<x<316820,30<x<35,Amer-Indian-Eskimo,Not-in-family,Female,State-gov,0
75,x>67,non-US,3<x<9,97521<x<209900,10<x<30,Other,Own-child,Female,State-gov,0
76,x>67,US,x<3,97521<x<209900,10<x<30,Other,Husband,Male,Self-emp-inc,0
77,62<x<67,US,3<x<9,x>392849,10<x<30,Black,Husband,Female,Local-gov,0
78,29<x<31,US,3<x<9,97521<x<209900,x>90,Asian-Pac-Islander,Wife,Female,Private,0
79,41<x<55,US,3<x<9,97521<x<209900,x<10,Black,Not-in-family,Female,Self-emp-inc,0
80,x>67,non-US,3<x<9,316820<x<392849,60<x<90,Asian-Pac-Islander,Not-in-family,Female,Never-worked,0
81,x>67,non-US,9<x<11,210481<x<316820,x>90,Amer-Indian-Eskimo,Husband,Male,Self-emp-inc,0
82,x<19,US,12<x<13,210481<x<316820,10<x<30,Black,Unmarried,Female,Self-emp-not-inc,0
83,25<x<27,US,3<x<9,210481<x<316820,49<x<60,White,Other-relative,Female,Self-emp-inc,0
84,34<x<35,non-US,3<x<9,316820<x<392849,60<x<90,Amer-Indian-Eskimo,Own-child,Male,Self-emp-inc,0
85,25<x<27,US,3<x<9,76136<x<97521,60<x<90,Other,Unmarried,Female,Federal-gov,0
86,x>67,non-US,x<3,210481<x<316820,10<x<30,Black,Unmarried,Female,Self-emp-inc,0
87,x>67,US,11<x<12,22366<x<37674,60<x<90,Other,Wife,Male,Private,0
88,55<x<62,non-US,3<x<9,97521<x<209900,x<10,Asian-Pac-Islander,Other-relative,Female,Without-pay,0
89,41<x<55,non-US,x<3,97521<x<209900,x>90,Other,Husband,Female,State-gov,1
90,41<x<55,non-US,3<x<9,97521<x<209900,10<x<30,Other,Wife,Male,Without-pay,0
91,41<x<55,US,9<x<11,210481<x<316820,x<10,Asian-Pac-Islander,Unmarried,Male,Without-pay,0
92,x>67,non-US,x<3,76136<x<97521,x>90,White,Own-child,Male,Federal-gov,0
93,28<x<29,US,9<x<11,76136<x<97521,49<x<60,Black,Husband,Female,State-gov,0
94,62<x<67,US,9<x<11,97521<x<209900,10<x<30,Black,Wife,Female,Federal-gov,0
95,x>67,non-US,x<3,97521<x<209900,60<x<90,Black,Other-relative,Female,Self-emp-not-inc,0
96,22<x<24,US,3<x<9,97521<x<209900,49<x<60,Amer-Indian-Eskimo,Husband,Male,Federal-gov,0
97,x>67,US,14<x<15,22366<x<37674,x>90,White,Other-relative,Male,State-gov,0
98,55<x<62,non-US,14<x<15,42869<x<75413,x>90,Asian-Pac-Islander,Husband,Male,Self-emp-inc,1
99,x<19,US,3<x<9,97521<x<209900,60<x<90,Asian-Pac-Islander,Not-in-family,Male,Self-emp-not-inc,0
100,41<x<55,non-US,3<x<9,42869<x<75413,60<x<90,Other,Unmarried,Female,Local-gov,0
101,41<x<55,US,3<x<9,210481<x<316820,10<x<30,Asian-Pac-Islander,Wife,Female,Local-gov,0
102,41<x<55,non-US,3<x<9,316820<x<392849,60<x<90,White,Husband,Female,State-gov,0
103,41<x<55,non-US,3<x<9,97521<x<209900,49<x<60,Amer-Indian-Eskimo,Wife,Male,Without-pay,0
104,x>67,US,x>15,210481<x<316820,x>90,White,Other-relative,Female,Federal-gov,0
105,35<x<41,non-US,13<x<14,22366<x<37674,60<x<90,Asian-Pac-Islander,Own-child,Male,Never-worked,1
106,35<x<41,US,3<x<9,97521<x<209900,60<x<90,Asian-Pac-Islander,Other-relative,Male,Never-worked,0
107,35<x<41,US,x<3,210481<x<316820,10<x<30,Amer-Indian-Eskimo,Husband,Male,Self-emp-inc,0
108,55<x<62,non-US,x<3,76136<x<97521,30<x<35,Asian-Pac-Islander,Wife,Female,State-gov,0
109,x>67,non-US,9<x<11,76136<x<97521,41<x<42,Other,Wife,Male,Without-pay,0
110,35<x<41,US,3<x<9,210481<x<316820,x<10,Amer-Indian-Eskimo,Own-child,Male,Without-pay,0
111,41<x<55,non-US,14<x<15,97521<x<209900,x<10,Amer-Indian-Eskimo,Wife,Male,Never-worked,1
112,35<x<41,non-US,13<x<14,22366<x<37674,10<x<30,Asian-Pac-Islander,Wife,Female,Self-emp-not-inc,1
113,x>67,non-US,x>15,316820<x<392849,10<x<30,Other,Husband,Female,Without-pay,1
114,19<x<22,US,11<x<12,210481<x<316820,10<x<30,Amer-Indian-Eskimo,Not-in-family,Female,Federal-gov,0
115,x>67,US,3<x<9,316820<x<392849,x>90,Amer-Indian-Eskimo,Wife,Female,Self-emp-not-inc,0
116,x>67,US,x<3,210481<x<316820,44<x<49,Asian-Pac-Islander,Wife,Male,Private,1
117,x>67,US,11<x<12,37719<x<42869,60<x<90,Other,Wife,Female,Self-emp-inc,0
118,x>67,US,3<x<9,97521<x<209900,10<x<30,Other,Not-in-family,Male,Federal-gov,0
119,x>67,US,9<x<11,97521<x<209900,49<x<60,Asian-Pac-Islander,Unmarried,Female,Local-gov,0
120,19<x<22,non-US,3<x<9,210481<x<316820,60<x<90,White,Wife,Female,Local-gov,0
121,x>67,non-US,3<x<9,76136<x<97521,x>90,Other,Other-relative,Male,State-gov,0
122,35<x<41,US,3<x<9,97521<x<209900,49<x<60,White,Own-child,Female,State-gov,0
123,62<x<67,US,11<x<12,210481<x<316820,30<x<35,Amer-Indian-Eskimo,Other-relative,Male,Without-pay,0
124,x>67,US,x<3,76136<x<97521,10<x<30,Other,Not-in-family,Female,Federal-gov,0
125,41<x<55,non-US,9<x<11,97521<x<209900,60<x<90,Amer-Indian-Eskimo,Own-child,Male,Private,0
126,62<x<67,US,x<3,97521<x<209900,60<x<90,Black,Wife,Male,Self-emp-inc,0
127,55<x<62,US,3<x<9,210481<x<316820,10<x<30,Black,Wife,Male,State-gov,0
128,35<x<41,non-US,13<x<14,42869<x<75413,x>90,Other,Wife,Male,Federal-gov,1
129,41<x<55,US,3<x<9,97521<x<209900,10<x<30,Asian-Pac-Islander,Husband,Female,Private,0
130,x>67,US,x<3,210481<x<316820,30<x<35,White,Unmarried,Female,Federal-gov,0
131,41<x<55,US,11<x<12,210481<x<316820,38<x<40,Amer-Indian-Eskimo,Not-in-family,Female,Self-emp-not-inc,0
132,31<x<34,non-US,9<x<11,97521<x<209900,10<x<30,White,Other-relative,Male,Never-worked,0
133,41<x<55,non-US,3<x<9,76136<x<97521,60<x<90,Asian-Pac-Islander,Other-relative,Female,Self-emp-not-inc,0
134,55<x<62,US,11<x<12,210481<x<316820,10<x<30,Asian-Pac-Islander,Not-in-family,Female,Without-pay,0
135,x<19,non-US,13<x<14,97521<x<209900,60<x<90,Amer-Indian-Eskimo,Husband,Male,Private,0
136,x>67,US,x>15,97521<x<209900,x<10,White,Wife,Female,Never-worked,0
137,41<x<55,non-US,x>15,97521<x<209900,10<x<30,Amer-Indian-Eskimo,Own-child,Male,Never-worked,0
138,31<x<34,non-US,3<x<9,97521<x<209900,35<x<38,Other,Other-relative,Female,Federal-gov,0
139,22<x<24,non-US,3<x<9,42869<x<75413,60<x<90,Amer-Indian-Eskimo,Own-child,Female,Local-gov,0
140,x>67,non-US,9<x<11,210481<x<316820,10<x<30,Black,Not-in-family,Female,Federal-gov,0
141,x>67,US,x<3,76136<x<97521,30<x<35,Amer-Indian-Eskimo,Not-in-family,Male,Local-gov,0
142,x>67,non-US,x<3,x>392849,x>90,Asian-Pac-Islander,Not-in-family,Female,Never-worked,0
143,x<19,non-US,14<x<15,x>392849,x<10,Amer-Indian-Eskimo,Unmarried,Male,Without-pay,0
144,x>67,non-US,14<x<15,97521<x<209900,10<x<30,Other,Wife,Female,State-gov,0
145,x>67,non-US,x<3,76136<x<97521,10<x<30,Asian-Pac-Islander,Own-child,Female,Local-gov,0
146,x>67,US,3<x<9,97521<x<209900,49<x<60,Other,Not-in-family,Male,Never-worked,0
147,41<x<55,US,14<x<15,97521<x<209900,44<x<49,Black,Unmarried,Female,Never-worked,0
148,x>67,US,x>15,97521<x<209900,x<10,Other,Unmarried,Female,Self-emp-not-inc,0
149,x>67,US,9<x<11,97521<x<209900,x<10,Black,Husband,Male,Federal-gov,1
150,x<19,US,11<x<12,210481<x<316820,49<x<60,Black,Husband,Female,Federal-gov,0
151,29<x<31,US,14<x<15,76136<x<97521,60<x<90,Black,Husband,Female,Without-pay,1
152,41<x<55,non-US,3<x<9,97521<x<209900,49<x<60,Other,Other-relative,Male,Never-worked,0
153,x<19,US,3<x<9,316820<x<392849,10<x<30,White,Wife,Male,Self-emp-not-inc,0
154,x<19,non-US,3<x<9,97521<x<209900,x<10,Amer-Indian-Eskimo,Husband,Female,Self-emp-inc,0
155,x>67,non-US,x<3,76136<x<97521,44<x<49,Asian-Pac-Islander,Husband,Female,Self-emp-not-inc,0
156,41<x<55,US,x>15,210481<x<316820,x>90,Other,Wife,Female,Without-pay,1
157,19<x<22,non-US,3<x<9,37719<x<42869,x<10,Black,Own-child,Female,Private,0
158,41<x<55,non-US,x<3,97521<x<209900,x<10,White,Husband,Male,Self-emp-inc,0
159,x>67,US,3<x<9,97521<x<209900,44<x<49,Amer-Indian-Eskimo,Not-in-family,Female,Never-worked,0
160,x>67,non-US,9<x<11,210481<x<316820,60<x<90,Asian-Pac-Islander,Own-child,Female,State-gov,0
161,31<x<34,non-US,3<x<9,97521<x<209900,10<x<30,Asian-Pac-Islander,Unmarried,Male,Self-emp-inc,0
162,19<x<22,US,9<x<11,42869<x<75413,44<x<49,Other,Other-relative,Female,Self-emp-inc,0
163,34<x<35,non-US,3<x<9,316820<x<392849,30<x<35,Amer-Indian-Eskimo,Other-relative,Male,Federal-gov,0
164,41<x<55,US,9<x<11,97521<x<209900,60<x<90,White,Unmarried,Male,Federal-gov,0
165,41<x<55,non-US,9<x<11,97521<x<209900,60<x<90,Amer-Indian-Eskimo,Not-in-family,Male,Self-emp-inc,0
166,35<x<41,non-US,12<x<13,97521<x<209900,x<10,Black,Unmarried,Female,Without-pay,0
167,41<x<55,US,3<x<9,97521<x<209900,49<x<60,Asian-Pac-Islander,Husband,Male,Private,0
168,34<x<35,non-US,3<x<9,210481<x<316820,42<x<44,White,Own-child,Female,Without-pay,0
169,x>67,US,x>15,210481<x<316820,60<x<90,Black,Other-relative,Male,State-gov,1
170,x>67,non-US,3<x<9,210481<x<316820,10<x<30,Asian-Pac-Islander,Husband,Female,Self-emp-not-inc,0
171,25<x<27,non-US,14<x<15,97521<x<209900,60<x<90,Asian-Pac-Islander,Own-child,Female,State-gov,0
172,x>67,non-US,3<x<9,97521<x<209900,10<x<30,Amer-Indian-Eskimo,Not-in-family,Female,Federal-gov,0
173,22<x<24,non-US,13<x<14,97521<x<209900,10<x<30,Asian-Pac-Islander,Own-child,Male,Never-worked,0
174,x>67,non-US,14<x<15,210481<x<316820,60<x<90,Other,Own-child,Female,Local-gov,1
175,x>67,non-US,9<x<11,42869<x<75413,42<x<44,Asian-Pac-Islander,Husband,Female,Without-pay,0
176,35<x<41,US,13<x<14,316820<x<392849,10<x<30,Asian-Pac-Islander,Husband,Male,Local-gov,0
177,x>67,non-US,11<x<12,97521<x<209900,x<10,Amer-Indian-Eskimo,Own-child,Female,State-gov,0
178,x>67,US,x>15,97521<x<209900,10<x<30,White,Not-in-family,Male,State-gov,1
179,41<x<55,US,3<x<9,97521<x<209900,42<x<44,Asian-Pac-Islander,Husband,Female,Without-pay,0
180,29<x<31,non-US,3<x<9,316820<x<392849,x<10,Asian-Pac-Islander,Wife,Female,Private,0
181,31<x<34,non-US,3<x<9,97521<x<209900,49<x<60,Asian-Pac-Islander,Not-in-family,Male,Without-pay,0
182,x<19,non-US,13<x<14,210481<x<316820,10<x<30,Asian-Pac-Islander,Unmarried,Female,Self-emp-inc,0
183,x<19,non-US,3<x<9,210481<x<316820,x>90,Asian-Pac-Islander,Own-child,Male,Without-pay,0
184,35<x<41,US,13<x<14,76136<x<97521,60<x<90,White,Husband,Male,Self-emp-inc,1
185,x>67,non-US,3<x<9,97521<x<209900,44<x<49,Other,Husband,Female,Self-emp-inc,0
186,31<x<34,US,14<x<15,97521<x<209900,49<x<60,Black,Husband,Male,State-gov,1
187,55<x<62,US,12<x<13,42869<x<75413,49<x<60,White,Other-relative,Female,Local-gov,0
188,x>67,US,3<x<9,97521<x<209900,44<x<49,Other,Own-child,Male,Self-emp-not-inc,0
189,62<x<67,US,3<x<9,42869<x<75413,49<x<60,Amer-Indian-Eskimo,Wife,Female,Self-emp-inc,0
190,x>67,US,9<x<11,97521<x<209900,x<10,Asian-Pac-Islander,Own-child,Female,Never-worked,0
191,62<x<67,non-US,9<x<11,97521<x<209900,49<x<60,Other,Unmarried,Male,Never-worked,0
192,27<x<28,US,3<x<9,97521<x<209900,35<x<38,Amer-Indian-Eskimo,Husband,Male,Never-worked,0
193,62<x<67,non-US,11<x<12,97521<x<209900,30<x<35,Other,Other-relative,Male,Local-gov,0
194,x<19,non-US,14<x<15,97521<x<209900,30<x<35,White,Own-child,Male,Self-emp-inc,0
195,x<19,non-US,9<x<11,97521<x<209900,10<x<30,Asian-Pac-Islander,Own-child,Male,Private,0
196,28<x<29,non-US,x<3,210481<x<316820,49<x<60,Asian-Pac-Islander,Unmarried,Female,Self-emp-not-inc,0
197,62<x<67,US,3<x<9,97521<x<209900,60<x<90,Black,Own-child,Male,Without-pay,0
198,x>67,US,3<x<9,97521<x<209900,x<10,Asian-Pac-Islander,Other-relative,Male,Private,0
199,27<x<28,non-US,x<3,97521<x<209900,x>90,Amer-Indian-Eskimo,Not-in-family,Male,Never-worked,0
200,x>67,non-US,x<3,316820<x<392849,10<x<30,Amer-Indian-Eskimo,Not-in-family,Female,Private,0
201,x>67,US,11<x<12,97521<x<209900,x<10,Other,Not-in-family,Female,Self-emp-inc,0
202,x>67,US,13<x<14,210481<x<316820,60<x<90,Amer-Indian-Eskimo,Own-child,Female,Federal-gov,1
203,62<x<67,non-US,3<x<9,x>392849,60<x<90,Asian-Pac-Islander,Own-child,Male,Self-emp-not-inc,0
204,41<x<55,US,9<x<11,97521<x<209900,60<x<90,Asian-Pac-Islander,Husband,Female,Federal-gov,0
205,19<x<22,non-US,3<x<9,97521<x<209900,60<x<90,Amer-Indian-Eskimo,Husband,Female,Never-worked,0
206,55<x<62,US,x>15,316820<x<392849,30<x<35,Black,Husband,Male,Federal-gov,1
207,22<x<24,non-US,12<x<13,97521<x<209900,60<x<90,Other,Unmarried,Female,Local-gov,0
208,x>67,non-US,14<x<15,97521<x<209900,44<x<49,Asian-Pac-Islander,Other-relative,Female,Self-emp-not-inc,0
209,31<x<34,US,3<x<9,210481<x<316820,10<x<30,Amer-Indian-Eskimo,Own-child,Female,State-gov,0
210,41<x<55,US,13<x<14,97521<x<209900,40<x<41,White,Other-relative,Female,Local-gov,0
211,27<x<28,US,9<x<11,97521<x<209900,x<10,Other,Husband,Male,Federal-gov,0
212,31<x<34,non-US,x>15,210481<x<316820,49<x<60,Amer-Indian-Eskimo,Not-in-family,Female,Self-emp-inc,0
213,41<x<55,US,12<x<13,97521<x<209900,44<x<49,Amer-Indian-Eskimo,Unmarried,Male,Without-pay,0
214,x<19,US,12<x<13,210481<x<316820,60<x<90,Black,Not-in-family,Female,Local-gov,0
215,x>67,non-US,x<3,210481<x<316820,x<10,Other,Own-child,Male,Never-worked,0
216,x<19,US,3<x<9,210481<x<316820,60<x<90,Black,Husband,Male,State-gov,0
217,x>67,US,3<x<9,210481<x<316820,60<x<90,Amer-Indian-Eskimo,Not-in-family,Male,Self-emp-not-inc,0
218,24<x<25,US,11<x<12,210481<x<316820,x>90,Asian-Pac-Islander,Other-relative,Female,Never-worked,0
219,55<x<62,US,9<x<11,97521<x<209900,x>90,Asian-Pac-Islander,Husband,Female,Local-gov,0
220,41<x<55,US,3<x<9,42869<x<75413,x<10,Amer-Indian-Eskimo,Other-relative,Female,State-gov,0
221,x<19,non-US,x>15,210481<x<316820,35<x<38,Asian-Pac-Islander,Other-relative,Male,Never-worked,0
222,29<x<31,non-US,11<x<12,210481<x<316820,x<10,Asian-Pac-Islander,Unmarried,Female,Self-emp-not-inc,0
223,x>67,US,14<x<15,210481<x<316820,x<10,White,Own-child,Male,Local-gov,0
224,31<x<34,US,x<3,210481<x<316820,10<x<30,White,Not-in-family,Female,Local-gov,0
225,24<x<25,US,x<3,97521<x<209900,x>90,White,Unmarried,Male,Self-emp-inc,0
226,34<x<35,non-US,11<x<12,97521<x<209900,x<10,Asian-Pac-Islander,Wife,Male,Self-emp-not-inc,0
227,41<x<55,US,x<3,x>392849,60<x<90,Asian-Pac-Islander,Unmarried,Male,Local-gov,0
228,41<x<55,US,9<x<11,42869<x<75413,10<x<30,Black,Husband,Male,Federal-gov,0
229,x>67,US,14<x<15,x>392849,60<x<90,Amer-Indian-Eskimo,Other-relative,Male,Self-emp-not-inc,0
230,62<x<67,non-US,3<x<9,210481<x<316820,42<x<44,White,Own-child,Female,State-gov,0
231,x>67,US,9<x<11,316820<x<392849,x<10,Asian-Pac-Islander,Other-relative,Female,Private,0
232,x>67,non-US,9<x<11,97521<x<209900,10<x<30,Asian-Pac-Islander,Husband,Female,Federal-gov,1
233,x>67,US,x>15,97521<x<209900,60<x<90,Black,Wife,Male,Local-gov,1
234,35<x<41,US,x>15,76136<x<97521,10<x<30,Asian-Pac-Islander,Unmarried,Female,Self-emp-not-inc,0
235,41<x<55,US,14<x<15,22366<x<37674,49<x<60,Black,Not-in-family,Male,State-gov,1
236,29<x<31,US,3<x<9,97521<x<209900,10<x<30,Amer-Indian-Eskimo,Not-in-family,Female,Self-emp-inc,0
237,x>67,non-US,x<3,97521<x<209900,10<x<30,Black,Unmarried,Female,Local-gov,0
238,41<x<55,US,14<x<15,22366<x<37674,60<x<90,Other,Husband,Female,Without-pay,1
239,x>67,non-US,3<x<9,97521<x<209900,49<x<60,Other,Unmarried,Female,Self-emp-inc,0
240,25<x<27,non-US,3<x<9,22366<x<37674,60<x<90,Asian-Pac-Islander,Wife,Female,Self-emp-inc,0
241,62<x<67,US,3<x<9,316820<x<392849,38<x<40,Other,Other-relative,Female,State-gov,0
242,62<x<67,non-US,x<3,210481<x<316820,38<x<40,Other,Other-relative,Female,Private,0
243,41<x<55,US,3<x<9,42869<x<75413,38<x<40,Other,Not-in-family,Female,Private,0
244,x<19,US,3<x<9,97521<x<209900,x>90,Black,Wife,Female,Without-pay,0
245,x<19,US,3<x<9,97521<x<209900,x<10,Black,Other-relative,Male,Private,0
246,x>67,non-US,x<3,97521<x<209900,49<x<60,Black,Husband,Female,Private,0
247,41<x<55,US,13<x<14,97521<x<209900,49<x<60,Other,Husband,Female,Private,1
248,x>67,non-US,14<x<15,x>392849,x<10,Asian-Pac-Islander,Own-child,Male,Private,0
249,x>67,US,3<x<9,x>392849,60<x<90,Other,Unmarried,Female,Federal-gov,0
250,41<x<55,US,3<x<9,97521<x<209900,10<x<30,Other,Not-in-family,Male,Without-pay,0
251,25<x<27,non-US,x>15,97521<x<209900,30<x<35,Asian-Pac-Islander,Other-relative,Male,Self-emp-inc,0
252,41<x<55,US,3<x<9,316820<x<392849,49<x<60,Other,Other-relative,Male,Self-emp-not-inc,0
253,41<x<55,US,3<x<9,x>392849,60<x<90,Other,Wife,Female,Local-gov,0
254,x>67,US,3<x<9,97521<x<209900,60<x<90,Black,Not-in-family,Female,Local-gov,0
255,41<x<55,non-US,x<3,22366<x<37674,60<x<90,Other,Other-relative,Female,Private,0
256,31<x<34,US,3<x<9,210481<x<316820,30<x<35,Other,Unmarried,Male,Self-emp-inc,0
257,28<x<29,non-US,3<x<9,37719<x<42869,10<x<30,Asian-Pac-Islander,Not-in-family,Male,Never-worked,0
258,x>67,non-US,3<x<9,97521<x<209900,60<x<90,Amer-Indian-Eskimo,Own-child,Male,Federal-gov,0
259,19<x<22,non-US,3<x<9,210481<x<316820,60<x<90,Black,Not-in-family,Female,Self-emp-not-inc,0
260,x>67,non-US,3<x<9,97521<x<209900,38<x<40,White,Not-in-family,Male,Self-emp-not-inc,0
261,35<x<41,non-US,12<x<13,316820<x<392849,30<x<35,Black,Unmarried,Female,Without-pay,0
262,55<x<62,non-US,9<x<11,97521<x<209900,60<x<90,Black,Not-in-family,Female,Local-gov,0
263,x>67,US,3<x<9,97521<x<209900,38<x<40,Black,Husband,Female,Self-emp-inc,0
264,41<x<55,US,11<x<12,97521<x<209900,49<x<60,Other,Own-child,Male,Self-emp-not-inc,0
265,35<x<41,non-US,3<x<9,316820<x<392849,60<x<90,White,Own-child,Female,Self-emp-inc,0
266,41<x<55,non-US,12<x<13,97521<x<209900,60<x<90,Asian-Pac-Islander,Unmarried,Female,Without-pay,0
267,35<x<41,non-US,3<x<9,76136<x<97521,x>90,Black,Not-in-family,Female,Local-gov,0
268,55<x<62,US,9<x<11,210481<x<316820,10<x<30,Black,Other-relative,Male,Private,0
269,x<19,US,9<x<11,210481<x<316820,10<x<30,Black,Unmarried,Male,Never-worked,0
270,41<x<55,US,11<x<12,76136<x<97521,60<x<90,Amer-Indian-Eskimo,Other-relative,Female,Never-worked,0
271,41<x<55,US,13<x<14,210481<x<316820,60<x<90,White,Husband,Female,Never-worked,1
272,41<x<55,non-US,3<x<9,210481<x<316820,10<x<30,Other,Unmarried,Female,Private,0
273,41<x<55,US,3<x<9,97521<x<209900,38<x<40,Asian-Pac-Islander,Husband,Male,Local-gov,1
274,19<x<22,non-US,13<x<14,210481<x<316820,x>90,Amer-Indian-Eskimo,Wife,Male,Never-worked,0
275,41<x<55,non-US,x>15,22366<x<37674,60<x<90,Other,Own-child,Male,Without-pay,0
276,x>67,US,x>15,97521<x<209900,60<x<90,Amer-Indian-Eskimo,Not-in-family,Male,State-gov,0
277,41<x<55,non-US,12<x<13,97521<x<209900,10<x<30,Asian-Pac-Islander,Other-relative,Female,Never-worked,0
278,41<x<55,US,11<x<12,210481<x<316820,10<x<30,Asian-Pac-Islander,Wife,Female,Without-pay,0
279,19<x<22,non-US,14<x<15,210481<x<316820,10<x<30,Other,Other-relative,Female,Local-gov,0
280,x>67,US,3<x<9,97521<x<209900,10<x<30,White,Not-in-family,Female,Private,0
281,29<x<31,non-US,3<x<9,97521<x<209900,49<x<60,Amer-Indian-Eskimo,Wife,Male,Self-emp-not-inc,0
282,55<x<62,US,3<x<9,97521<x<209900,60<x<90,Other,Unmarried,Female,Without-pay,0
283,41<x<55,non-US,3<x<9,97521<x<209900,40<x<41,Amer-Indian-Eskimo,Own-child,Male,Federal-gov,0
284,29<x<31,US,x>15,97521<x<209900,10<x<30,Amer-Indian-Eskimo,Other-relative,Male,Federal-gov,0
285,x>67,US,3<x<9,97521<x<209900,44<x<49,Asian-Pac-Islander,Wife,Female,Local-gov,1
286,x>67,non-US,3<x<9,76136<x<97521,10<x<30,Amer-Indian-Eskimo,Unmarried,Male,Private,0
287,55<x<62,US,x<3,97521<x<209900,60<x<90,Asian-Pac-Islander,Wife,Female,Without-pay,0
288,41<x<55,US,3<x<9,210481<x<316820,35<x<38,Black,Husband,Female,Without-pay,0
289,x>67,non-US,11<x<12,x>392849,42<x<44,White,Own-child,Male,Self-emp-not-inc,0
290,x<19,non-US,3<x<9,210481<x<316820,38<x<40,White,Wife,Female,Self-emp-not-inc,0
291,x>67,US,9<x<11,97521<x<209900,10<x<30,Black,Own-child,Female,Self-emp-not-inc,0
292,34<x<35,non-US,3<x<9,97521<x<209900,49<x<60,Amer-Indian-Eskimo,Own-child,Male,State-gov,0
293,41<x<55,US,9<x<11,97521<x<209900,10<x<30,Other,Own-child,Male,Without-pay,0
294,31<x<34,non-US,x>15,97521<x<209900,60<x<90,Amer-Indian-Eskimo,Not-in-family,Female,State-gov,0
295,41<x<55,non-US,9<x<11,97521<x<209900,60<x<90,Other,Not-in-family,Female,Federal-gov,0
296,x>67,US,9<x<11,97521<x<209900,10<x<30,Other,Not-in-family,Male,Local-gov,0
297,41<x<55,US,x<3,97521<x<209900,60<x<90,Asian-Pac-Islander,Not-in-family,Male,Without-pay,0
298,35<x<41,non-US,3<x<9,97521<x<209900,60<x<90,Black,Own-child,Female,State-gov,0
299,x>67,non-US,3<x<9,76136<x<97521,x<10,Asian-Pac-Islander,Not-in-family,Male,Local-gov,0
300,62<x<67,US,3<x<9,97521<x<209900,60<x<90,Asian-Pac-Islander,Other-relative,Female,Private,0
301,41<x<55,US,13<x<14,97521<x<209900,x>90,White,Own-child,Male,Private,0
302,41<x<55,non-US,3<x<9,97521<x<209900,44<x<49,Black,Husband,Male,Local-gov,0
303,29<x<31,non-US,12<x<13,316820<x<392849,60<x<90,White,Wife,Female,Self-emp-not-inc,1
304,41<x<55,non-US,3<x<9,97521<x<209900,60<x<90,Other,Wife,Female,Self-emp-inc,0
305,35<x<41,non-US,3<x<9,97521<x<209900,x>90,Amer-Indian-Eskimo,Own-child,Male,Never-worked,0
306,55<x<62,US,3<x<9,316820<x<392849,10<x<30,White,Wife,Female,Self-emp-inc,1
307,41<x<55,non-US,3<x<9,210481<x<316820,10<x<30,Black,Unmarried,Female,Without-pay,0
308,19<x<22,US,14<x<15,210481<x<316820,60<x<90,Asian-Pac-Islander,Not-in-family,Female,Self-emp-inc,0
309,x>67,US,9<x<11,x>392849,60<x<90,Asian-Pac-Islander,Other-relative,Female,Self-emp-not-inc,0
310,x>67,US,11<x<12,97521<x<209900,49<x<60,Asian-Pac-Islander,Not-in-family,Male,Without-pay,0
311,41<x<55,US,9<x<11,210481<x<316820,10<x<30,Other,Not-in-family,Female,Never-worked,0
312,55<x<62,non-US,3<x<9,97521<x<209900,60<x<90,Asian-Pac-Islander,Wife,Female,Federal-gov,0
313,x>67,US,9<x<11,97521<x<209900,60<x<90,Amer-Indian-Eskimo,Other-relative,Male,Self-emp-not-inc,0
314,x>67,US,3<x<9,210481<x<316820,60<x<90,Other,Wife,Male,Self-emp-not-inc,0
315,x>67,non-US,3<x<9,42869<x<75413,x<10,Asian-Pac-Islander,Not-in-family,Male,Self-emp-inc,0
316,35<x<41,non-US,3<x<9,97521<x<209900,60<x<90,Other,Husband,Male,State-gov,1
317,41<x<55,US,13<x<14,22366<x<37674,60<x<90,White,Wife,Female,Private,1
318,x>67,US,x<3,210481<x<316820,x>90,Amer-Indian-Eskimo,Other-relative,Male,State-gov,0
319,x>67,US,x>15,316820<x<392849,60<x<90,Black,Unmarried,Female,Local-gov,1
320,28<x<29,US,9<x<11,316820<x<392849,38<x<40,Asian-Pac-Islander,Other-relative,Female,Self-emp-not-inc,0
321,35<x<41,US,12<x<13,42869<x<75413,60<x<90,Other,Wife,Male,Self-emp-not-inc,1
322,62<x<67,US,x<3,316820<x<392849,10<x<30,Black,Unmarried,Male,Private,0
323,29<x<31,non-US,3<x<9,210481<x<316820,38<x<40,Black,Wife,Male,Never-worked,0
324,x>67,non-US,14<x<15,97521<x<209900,30<x<35,Black,Own-child,Female,Never-worked,0
325,x>67,US,x<3,210481<x<316820,x>90,White,Other-relative,Male,Local-gov,0
326,x>67,non-US,x<3,97521<x<209900,49<x<60,White,Husband,Female,Local-gov,0
327,41<x<55,non-US,14<x<15,x>392849,60<x<90,Asian-Pac-Islander,Husband,Female,Local-gov,1
328,62<x<67,non-US,x<3,42869<x<75413,10<x<30,Asian-Pac-Islander,Other-relative,Female,Self-emp-not-inc,0
329,31<x<34,US,x<3,97521<x<209900,60<x<90,Asian-Pac-Islander,Husband,Female,Self-emp-not-inc,0
330,55<x<62,non-US,9<x<11,97521<x<209900,60<x<90,White,Husband,Female,Without-pay,0
331,x>67,non-US,3<x<9,210481<x<316820,60<x<90,Asian-Pac-Islander,Unmarried,Female,State-gov,0
332,55<x<62,US,3<x<9,97521<x<209900,60<x<90,White,Wife,Female,Never-worked,0
333,35<x<41,non-US,3<x<9,210481<x<316820,x<10,Other,Husband,Male,Local-gov,0
334,29<x<31,US,3<x<9,97521<x<209900,30<x<35,Black,Husband,Female,Without-pay,0
335,41<x<55,non-US,x<3,42869<x<75413,60<x<90,Amer-Indian-Eskimo,Own-child,Female,Without-pay,0
336,x>67,US,12<x<13,210481<x<316820,60<x<90,Asian-Pac-Islander,Own-child,Male,Never-worked,0
337,41<x<55,US,3<x<9,210481<x<316820,60<x<90,Other,Own-child,Male,Never-worked,0
338,55<x<62,non-US,9<x<11,210481<x<316820,60<x<90,Amer-Indian-Eskimo,Husband,Male,Private,0
339,x>67,US,3<x<9,76136<x<97521,60<x<90,Asian-Pac-Islander,Own-child,Female,State-gov,0
340,x>67,non-US,3<x<9,210481<x<316820,x<10,Other,Unmarried,Female,Self-emp-not-inc,0
341,55<x<62,US,x<3,210481<x<316820,x>90,Amer-Indian-Eskimo,Wife,Male,Local-gov,0
342,x>67,US,12<x<13,97521<x<209900,10<x<30,White,Not-in-family,Male,Local-gov,0
343,x>67,non-US,x<3,210481<x<316820,60<x<90,White,Not-in-family,Female,State-gov,0
344,41<x<55,US,12<x<13,97521<x<209900,49<x<60,Black,Not-in-family,Male,Local-gov,0
345,x>67,US,3<x<9,97521<x<209900,10<x<30,Other,Own-child,Female,Without-pay,0
346,41<x<55,US,9<x<11,97521<x<209900,38<x<40,White,Not-in-family,Male,Self-emp-not-inc,0
347,x>67,US,x<3,97521<x<209900,60<x<90,Asian-Pac-Islander,Unmarried,Female,Without-pay,0
348,41<x<55,non-US,3<x<9,97521<x<209900,49<x<60,Black,Other-relative,Female,State-gov,0
349,41<x<55,non-US,9<x<11,x>392849,10<x<30,Asian-Pac-Islander,Husband,Male,Self-emp-inc,1
350,x>67,US,x>15,316820<x<392849,60<x<90,Asian-Pac-Islander,Not-in-family,Male,Self-emp-inc,1
351,62<x<67,US,x<3,x>392849,49<x<60,Asian-Pac-Islander,Husband,Female,Self-emp-inc,0
352,x>67,US,9<x<11,210481<x<316820,41<x<42,White,Wife,Female,Private,0
353,35<x<41,US,3<x<9,42869<x<75413,10<x<30,Amer-Indian-Eskimo,Husband,Male,Local-gov,0
354,41<x<55,US,13<x<14,x>392849,49<x<60,Other,Own-child,Female,State-gov,0
355,x>67,non-US,14<x<15,76136<x<97521,60<x<90,White,Not-in-family,Male,Without-pay,0
356,x<19,non-US,3<x<9,97521<x<209900,10<x<30,Black,Unmarried,Female,Self-emp-not-inc,0
357,x>67,non-US,13<x<14,316820<x<392849,30<x<35,Other,Own-child,Female,Self-emp-not-inc,0
358,x>67,US,x>15,97521<x<209900,60<x<90,Asian-Pac-Islander,Not-in-family,Male,Federal-gov,1
359,29<x<31,US,14<x<15,210481<x<316820,30<x<35,Asian-Pac-Islander,Other-relative,Female,Self-emp-not-inc,0
360,19<x<22,non-US,14<x<15,316820<x<392849,30<x<35,Other,Own-child,Male,State-gov,0
361,31<x<34,US,x<3,210481<x<316820,10<x<30,White,Husband,Female,Federal-gov,0
362,41<x<55,US,12<x<13,97521<x<209900,49<x<60,Amer-Indian-Eskimo,Own-child,Female,Private,0
363,41<x<55,non-US,x<3,97521<x<209900,60<x<90,White,Own-child,Male,Never-worked,0
364,x<19,US,9<x<11,x<22366,60<x<90,Black,Husband,Female,Self-emp-inc,0
365,55<x<62,non-US,11<x<12,97521<x<209900,x<10,Asian-Pac-Islander,Husband,Female,Never-worked,0
366,41<x<55,US,12<x<13,x>392849,49<x<60,Other,Husband,Male,Without-pay,0
367,62<x<67,US,3<x<9,97521<x<209900,60<x<90,Asian-Pac-Islander,Wife,Male,State-gov,0
368,x>67,non-US,12<x<13,42869<x<75413,x<10,Other,Husband,Male,Self-emp-inc,1
369,x>67,non-US,3<x<9,210481<x<316820,60<x<90,Other,Husband,Male,Federal-gov,1
370,x<19,US,x<3,210481<x<316820,60<x<90,Amer-Indian-Eskimo,Unmarried,Male,State-gov,0
371,41<x<55,US,14<x<15,210481<x<316820,10<x<30,Other,Husband,Male,Without-pay,0
372,x<19,non-US,9<x<11,97521<x<209900,x<10,Other,Wife,Female,Local-gov,0
373,41<x<55,non-US,x<3,76136<x<97521,10<x<30,White,Not-in-family,Female,Private,0
374,55<x<62,non-US,11<x<12,42869<x<75413,35<x<38,Amer-Indian-Eskimo,Unmarried,Female,Private,0
375,41<x<55,non-US,x<3,97521<x<209900,10<x<30,Black,Not-in-family,Male,Without-pay,0
376,22<x<24,non-US,9<x<11,97521<x<209900,44<x<49,White,Unmarried,Male,Never-worked,0
377,35<x<41,US,12<x<13,97521<x<209900,10<x<30,Black,Husband,Male,Self-emp-inc,0
378,29<x<31,non-US,9<x<11,76136<x<97521,49<x<60,Black,Unmarried,Male,Local-gov,0
379,19<x<22,US,x<3,210481<x<316820,x>90,Other,Not-in-family,Male,Without-pay,0
380,41<x<55,non-US,11<x<12,97521<x<209900,x>90,Other,Own-child,Female,Never-worked,0
381,41<x<55,non-US,3<x<9,97521<x<209900,10<x<30,Other,Not-in-family,Male,Without-pay,0
382,41<x<55,non-US,3<x<9,97521<x<209900,10<x<30,Black,Unmarried,Female,Self-emp-not-inc,0
383,25<x<27,non-US,x>15,210481<x<316820,49<x<60,Other,Husband,Female,Local-gov,1
384,x>67,non-US,x<3,210481<x<316820,60<x<90,White,Own-child,Male,Never-worked,0
385,x>67,non-US,3<x<9,x>392849,44<x<49,Black,Other-relative,Female,Self-emp-inc,0
386,24<x<25,US,3<x<9,x>392849,10<x<30,White,Husband,Male,Private,0
387,x>67,US,x<3,97521<x<209900,60<x<90,White,Unmarried,Male,Self-emp-not-inc,0
388,x>67,US,3<x<9,97521<x<209900,x<10,Other,Other-relative,Male,Without-pay,0
389,55<x<62,non-US,3<x<9,97521<x<209900,60<x<90,Amer-Indian-Eskimo,Wife,Female,Local-gov,0
390,31<x<34,non-US,3<x<9,97521<x<209900,10<x<30,Amer-Indian-Eskimo,Wife,Female,Without-pay,0
391,35<x<41,US,3<x<9,97521<x<209900,60<x<90,White,Unmarried,Female,Self-emp-not-inc,0
392,24<x<25,US,3<x<9,42869<x<75413,42<x<44,White,Own-child,Male,Local-gov,0
393,x>67,non-US,x<3,97521<x<209900,x<10,Amer-Indian-Eskimo,Other-relative,Male,Without-pay,0
394,41<x<55,US,3<x<9,316820<x<392849,10<x<30,Asian-Pac-Islander,Own-child,Female,State-gov,0
395,35<x<41,non-US,9<x<11,210481<x<316820,x>90,Other,Not-in-family,Female,Never-worked,0
396,x>67,US,9<x<11,210481<x<316820,60<x<90,Amer-Indian-Eskimo,Own-child,Male,Never-worked,0
397,x>67,US,x<3,76136<x<97521,49<x<60,White,Own-child,Female,Without-pay,0
398,62<x<67,non-US,14<x<15,210481<x<316820,35<x<38,Asian-Pac-Islander,Unmarried,Female,Federal-gov,1
399,x>67,US,3<x<9,210481<x<316820,44<x<49,Other,Wife,Female,Self-emp-not-inc,0
400,x>67,non-US,3<x<9,97521<x<209900,60<x<90,Other,Own-child,Male,Local-gov,0
401,41<x<55,non-US,3<x<9,x>392849,x<10,Other,Other-relative,Female,Without-pay,0
402,35<x<41,non-US,14<x<15,210481<x<316820,60<x<90,Amer-Indian-Eskimo,Husband,Female,Self-emp-inc,1
403,x<19,US,3<x<9,97521<x<209900,10<x<30,Other,Husband,Male,Self-emp-inc,0
404,41<x<55,non-US,x>15,97521<x<209900,42<x<44,Black,Husband,Male,Federal-gov,1
405,41<x<55,US,3<x<9,316820<x<392849,x<10,Asian-Pac-Islander,Not-in-family,Male,Self-emp-inc,0
406,62<x<67,US,9<x<11,76136<x<97521,10<x<30,Asian-Pac-Islander,Wife,Male,Private,0
407,62<x<67,non-US,14<x<15,x>392849,30<x<35,Asian-Pac-Islander,Husband,Female,State-gov,1
408,55<x<62,US,x<3,97521<x<209900,10<x<30,Asian-Pac-Islander,Wife,Male,Never-worked,0
409,x>67,non-US,12<x<13,97521<x<209900,x<10,Asian-Pac-Islander,Other-relative,Male,Self-emp-inc,0
410,41<x<55,non-US,x<3,97521<x<209900,49<x<60,Asian-Pac-Islander,Own-child,Male,Self-emp-inc,0
411,35<x<41,non-US,x<3,97521<x<209900,x<10,Asian-Pac-Islander,Wife,Male,Self-emp-inc,0
412,x>67,non-US,9<x<11,97521<x<209900,44<x<49,White,Wife,Male,Private,0
413,62<x<67,US,x<3,316820<x<392849,x<10,Other,Husband,Female,State-gov,0
414,27<x<28,non-US,x>15,97521<x<209900,x>90,Other,Husband,Male,Private,1
415,62<x<67,US,x<3,97521<x<209900,35<x<38,Amer-Indian-Eskimo,Not-in-family,Female,Self-emp-not-inc,0
416,31<x<34,non-US,9<x<11,97521<x<209900,41<x<42,Amer-Indian-Eskimo,Own-child,Male,Self-emp-inc,0
417,55<x<62,US,9<x<11,316820<x<392849,x>90,Asian-Pac-Islander,Wife,Female,Private,0
418,62<x<67,US,3<x<9,210481<x<316820,49<x<60,Black,Not-in-family,Female,Without-pay,0
419,41<x<55,US,3<x<9,316820<x<392849,35<x<38,Black,Other-relative,Male,Never-worked,0
420,x<19,non-US,11<x<12,22366<x<37674,49<x<60,Asian-Pac-Islander,Not-in-family,Female,State-gov,0
421,x<19,US,3<x<9,97521<x<209900,49<x<60,Asian-Pac-Islander,Own-child,Female,Federal-gov,0
422,34<x<35,non-US,14<x<15,97521<x<209900,60<x<90,Asian-Pac-Islander,Not-in-family,Male,Never-worked,1
423,x<19,US,3<x<9,97521<x<209900,44<x<49,White,Own-child,Male,Self-emp-not-inc,0
424,19<x<22,non-US,12<x<13,42869<x<75413,49<x<60,Black,Husband,Female,Local-gov,0
425,x>67,US,3<x<9,210481<x<316820,49<x<60,Black,Not-in-family,Male,Self-emp-not-inc,0
426,55<x<62,US,13<x<14,97521<x<209900,x>90,Asian-Pac-Islander,Unmarried,Female,Local-gov,0
427,41<x<55,US,x<3,97521<x<209900,44<x<49,Black,Not-in-family,Female,Never-worked,0
428,x>67,US,3<x<9,97521<x<209900,x<10,Black,Not-in-family,Male,Without-pay,0
429,x<19,US,3<x<9,210481<x<316820,10<x<30,White,Husband,Female,Local-gov,0
430,27<x<28,non-US,x>15,210481<x<316820,60<x<90,White,Wife,Female,State-gov,1
431,62<x<67,US,12<x<13,97521<x<209900,60<x<90,Other,Not-in-family,Male,Never-worked,0
432,x>67,US,3<x<9,22366<x<37674,60<x<90,Black,Own-child,Male,Federal-gov,0
433,x<19,non-US,3<x<9,97521<x<209900,x<10,Asian-Pac-Islander,Unmarried,Male,Self-emp-not-inc,0
434,41<x<55,non-US,11<x<12,97521<x<209900,49<x<60,Black,Husband,Male,Federal-gov,0
435,29<x<31,US,x>15,76136<x<97521,x<10,Black,Own-child,Male,Self-emp-not-inc,0
436,x>67,non-US,13<x<14,42869<x<75413,x>90,Black,Not-in-family,Male,Local-gov,0
437,35<x<41,US,9<x<11,210481<x<316820,30<x<35,White,Wife,Male,Never-worked,0
438,19<x<22,non-US,3<x<9,316820<x<392849,x>90,Asian-Pac-Islander,Husband,Male,Without-pay,0
439,19<x<22,US,3<x<9,76136<x<97521,60<x<90,Amer-Indian-Eskimo,Own-child,Male,Private,0
440,35<x<41,US,9<x<11,316820<x<392849,10<x<30,Black,Unmarried,Female,Federal-gov,0
441,35<x<41,non-US,x<3,97521<x<209900,60<x<90,Asian-Pac-Islander,Not-in-family,Female,Never-worked,0
442,x>67,US,x>15,210481<x<316820,x>90,Amer-Indian-Eskimo,Other-relative,Female,Without-pay,0
443,x>67,US,9<x<11,210481<x<316820,x>90,Asian-Pac-Islander,Wife,Male,Self-emp-inc,0
444,62<x<67,non-US,11<x<12,x>392849,60<x<90,Black,Not-in-family,Male,Without-pay,0
445,41<x<55,non-US,9<x<11,210481<x<316820,30<x<35,Amer-Indian-Eskimo,Other-relative,Male,Never-worked,0
446,55<x<62,US,9<x<11,97521<x<209900,60<x<90,White,Unmarried,Female,Federal-gov,0
447,55<x<62,non-US,x<3,316820<x<392849,35<x<38,Other,Unmarried,Male,Without-pay,0
448,x>67,non-US,11<x<12,210481<x<316820,49<x<60,Asian-Pac-Islander,Own-child,Male,Local-gov,1
449,55<x<62,non-US,3<x<9,97521<x<209900,10<x<30,Amer-Indian-Eskimo,Other-relative,Female,Local-gov,0
450,41<x<55,non-US,3<x<9,210481<x<316820,60<x<90,Amer-Indian-Eskimo,Unmarried,Male,State-gov,0
451,22<x<24,US,3<x<9,97521<x<209900,60<x<90,White,Not-in-family,Male,Never-worked,0
452,62<x<67,US,3<x<9,97521<x<209900,49<x<60,Other,Husband,Female,Federal-gov,0
453,x>67,US,x<3,210481<x<316820,10<x<30,Amer-Indian-Eskimo,Other-relative,Male,Federal-gov,0
454,35<x<41,non-US,x<3,210481<x<316820,10<x<30,Other,Husband,Female,Never-worked,0
455,x>67,US,x<3,210481<x<316820,49<x<60,Asian-Pac-Islander,Other-relative,Male,Without-pay,0
456,41<x<55,non-US,14<x<15,316820<x<392849,44<x<49,Amer-Indian-Eskimo,Not-in-family,Female,Local-gov,0
457,x>67,US,13<x<14,97521<x<209900,60<x<90,Amer-Indian-Eskimo,Unmarried,Female,Self-emp-inc,0
458,x<19,US,x<3,97521<x<209900,60<x<90,Other,Husband,Male,Self-emp-inc,0
459,x>67,non-US,x<3,210481<x<316820,x<10,Other,Own-child,Male,State-gov,0
460,62<x<67,non-US,14<x<15,210481<x<316820,49<x<60,White,Own-child,Male,State-gov,0
461,19<x<22,non-US,x>15,316820<x<392849,x<10,Amer-Indian-Eskimo,Own-child,Female,Private,0
462,x>67,non-US,x<3,76136<x<97521,10<x<30,White,Other-relative,Female,Local-gov,0
463,35<x<41,US,x>15,42869<x<75413,60<x<90,White,Unmarried,Male,Federal-gov,1
464,22<x<24,non-US,11<x<12,97521<x<209900,40<x<41,Asian-Pac-Islander,Own-child,Female,Self-emp-not-inc,0
465,35<x<41,US,x<3,97521<x<209900,x>90,White,Other-relative,Male,Self-emp-inc,0
466,35<x<41,US,13<x<14,97521<x<209900,49<x<60,Amer-Indian-Eskimo,Own-child,Male,Without-pay,0
467,x>67,non-US,x<3,210481<x<316820,10<x<30,White,Wife,Male,Local-gov,0
468,41<x<55,US,3<x<9,97521<x<209900,49<x<60,Asian-Pac-Islander,Other-relative,Female,Local-gov,0
469,55<x<62,US,9<x<11,316820<x<392849,49<x<60,Black,Own-child,Female,Self-emp-inc,0
470,29<x<31,US,3<x<9,210481<x<316820,44<x<49,Other,Not-in-family,Male,State-gov,0
471,x>67,non-US,14<x<15,97521<x<209900,10<x<30,Black,Unmarried,Male,Self-emp-not-inc,0
472,41<x<55,non-US,3<x<9,97521<x<209900,30<x<35,Black,Other-relative,Female,Never-worked,0
473,25<x<27,US,x<3,22366<x<37674,60<x<90,Other,Wife,Male,Never-worked,0
474,22<x<24,US,x>15,x>392849,60<x<90,White,Husband,Female,Local-gov,1
475,41<x<55,US,x<3,76136<x<97521,49<x<60,Amer-Indian-Eskimo,Own-child,Female,Without-pay,0
476,25<x<27,US,13<x<14,210481<x<316820,x<10,Amer-Indian-Eskimo,Not-in-family,Female,Self-emp-inc,0
477,28<x<29,non-US,3<x<9,97521<x<209900,44<x<49,White,Wife,Female,Never-worked,0
478,x>67,US,3<x<9,97521<x<209900,49<x<60,Asian-Pac-Islander,Not-in-family,Male,Private,0
479,35<x<41,US,3<x<9,316820<x<392849,60<x<90,White,Not-in-family,Male,State-gov,0
480,31<x<34,non-US,11<x<12,97521<x<209900,10<x<30,Other,Wife,Male,Never-worked,0
481,x>67,US,x>15,316820<x<392849,x<10,Amer-Indian-Eskimo,Not-in-family,Male,Federal-gov,1
482,41<x<55,non-US,x<3,210481<x<316820,49<x<60,White,Own-child,Female,Never-worked,0
483,62<x<67,US,14<x<15,22366<x<37674,44<x<49,Asian-Pac-Islander,Other-relative,Female,Never-worked,0
484,62<x<67,non-US,x>15,76136<x<97521,x<10,Black,Other-relative,Female,Without-pay,0
485,55<x<62,non-US,3<x<9,210481<x<316820,60<x<90,White,Husband,Female,Federal-gov,0
486,22<x<24,US,13<x<14,97521<x<209900,10<x<30,Amer-Indian-Eskimo,Husband,Female,Self-emp-not-inc,0
487,41<x<55,non-US,x<3,x>392849,10<x<30,Other,Unmarried,Female,Never-worked,0
488,41<x<55,US,3<x<9,97521<x<209900,x<10,Asian-Pac-Islander,Not-in-family,Female,Without-pay,0
489,25<x<27,US,13<x<14,97521<x<209900,49<x<60,Black,Unmarried,Male,Without-pay,0
490,22<x<24,US,11<x<12,210481<x<316820,60<x<90,White,Wife,Female,Private,0
491,41<x<55,non-US,3<x<9,210481<x<316820,49<x<60,Asian-Pac-Islander,Not-in-family,Female,State-gov,0
492,x>67,US,11<x<12,x>392849,10<x<30,Asian-Pac-Islander,Own-child,Male,Never-worked,0
493,19<x<22,US,9<x<11,210481<x<316820,x>90,Asian-Pac-Islander,Own-child,Male,Without-pay,0
494,55<x<62,non-US,3<x<9,97521<x<209900,10<x<30,Amer-Indian-Eskimo,Not-in-family,Female,Local-gov,0
495,29<x<31,non-US,3<x<9,97521<x<209900,60<x<90,Other,Own-child,Male,Without-pay,0
496,55<x<62,US,3<x<9,97521<x<209900,49<x<60,Amer-Indian-Eskimo,Wife,Male,Private,0
497,22<x<24,non-US,9<x<11,210481<x<316820,49<x<60,Asian-Pac-Islander,Own-child,Male,Without-pay,0
498,28<x<29,US,x<3,76136<x<97521,42<x<44,Black,Wife,Male,Without-pay,0
499,55<x<62,non-US,3<x<9,76136<x<97521,x<10,Black,Other-relative,Female,Without-pay,0
500,29<x<31,US,3<x<9,97521<x<209900,10<x<30,Asian-Pac-Islander,Not-in-family,Male,Private,0
501,62<x<67,US,11<x<12,97521<x<209900,60<x<90,Amer-Indian-Eskimo,Husband,Female,State-gov,0
502,22<x<24,US,3<x<9,97521<x<209900,49<x<60,Other,Wife,Male,Self-emp-inc,0
503,x>67,non-US,3<x<9,97521<x<209900,60<x<90,Asian-Pac-Islander,Unmarried,Female,Federal-gov,0
504,x>67,non-US,11<x<12,x>392849,60<x<90,Amer-Indian-Eskimo,Not-in-family,Female,Federal-gov,0
505,55<x<62,non-US,13<x<14,75742<x<76131,x<10,White,Wife,Female,Without-pay,0
506,55<x<62,US,3<x<9,x>392849,60<x<90,Amer-Indian-Eskimo,Wife,Female,Self-emp-inc,0
507,27<x<28,US,14<x<15,97521<x<209900,60<x<90,Amer-Indian-Eskimo,Wife,Male,Federal-gov,0
508,x>67,US,x<3,97521<x<209900,x>90,White,Own-child,Male,Local-gov,0
509,x<19,US,3<x<9,97521<x<209900,10<x<30,Amer-Indian-Eskimo,Other-relative,Female,State-gov,0
510,x>67,US,3<x<9,97521<x<209900,10<x<30,Asian-Pac-Islander,Wife,Female,Federal-gov,0
511,22<x<24,non-US,x<3,76136<x<97521,60<x<90,Other,Other-relative,Male,Without-pay,0
512,x>67,US,x<3,97521<x<209900,10<x<30,Amer-Indian-Eskimo,Wife,Female,Self-emp-inc,0
513,x>67,US,3<x<9,316820<x<392849,44<x<49,Black,Wife,Female,State-gov,0
514,35<x<41,US,12<x<13,97521<x<209900,60<x<90,Asian-Pac-Islander,Other-relative,Female,Local-gov,0
515,55<x<62,non-US,x<3,97521<x<209900,x<10,Asian-Pac-Islander,Unmarried,Female,Local-gov,0
516,x<19,non-US,x<3,97521<x<209900,44<x<49,Black,Husband,Female,Local-gov,0
517,41<x<55,US,11<x<12,210481<x<316820,10<x<30,Amer-Indian-Eskimo,Not-in-family,Male,Self-emp-inc,0
518,24<x<25,US,3<x<9,76136<x<97521,42<x<44,White,Not-in-family,Female,Never-worked,0
519,x>67,US,x<3,97521<x<209900,x>90,Asian-Pac-Islander,Other-relative,Female,Never-worked,0
520,35<x<41,non-US,3<x<9,210481<x<316820,10<x<30,Amer-Indian-Eskimo,Wife,Female,State-gov,0
521,41<x<55,US,9<x<11,210481<x<316820,49<x<60,Black,Husband,Female,Without-pay,0
522,x<19,US,9<x<11,97521<x<209900,60<x<90,Asian-Pac-Islander,Own-child,Female,Never-worked,0
523,x>67,non-US,3<x<9,316820<x<392849,10<x<30,White,Unmarried,Male,Never-worked,0
524,41<x<55,US,3<x<9,210481<x<316820,38<x<40,Black,Not-in-family,Male,Self-emp-inc,0
525,62<x<67,non-US,14<x<15,42869<x<75413,x<10,Asian-Pac-Islander,Not-in-family,Male,Private,0
526,41<x<55,non-US,x<3,97521<x<209900,44<x<49,Black,Not-in-family,Male,Federal-gov,0
527,29<x<31,US,3<x<9,37719<x<42869,49<x<60,Black,Not-in-family,Male,Self-emp-not-inc,0
528,41<x<55,non-US,3<x<9,210481<x<316820,49<x<60,Amer-Indian-Eskimo,Other-relative,Male,Self-emp-inc,0
529,x>67,non-US,3<x<9,97521<x<209900,44<x<49,Asian-Pac-Islander,Own-child,Male,Without-pay,0
530,29<x<31,non-US,9<x<11,97521<x<209900,60<x<90,Other,Not-in-family,Female,Self-emp-inc,0
531,x<19,non-US,3<x<9,97521<x<209900,60<x<90,Asian-Pac-Islander,Wife,Female,Private,0
532,35<x<41,US,11<x<12,x>392849,49<x<60,White,Husband,Male,Local-gov,1
533,41<x<55,US,12<x<13,316820<x<392849,38<x<40,White,Unmarried,Male,Self-emp-inc,0
534,x>67,non-US,x<3,97521<x<209900,10<x<30,Black,Unmarried,Male,Without-pay,0
535,31<x<34,non-US,13<x<14,97521<x<209900,10<x<30,Amer-Indian-Eskimo,Wife,Female,Self-emp-inc,1
536,35<x<41,non-US,x>15,210481<x<316820,60<x<90,White,Other-relative,Female,Never-worked,0
537,x>67,US,3<x<9,x>392849,10<x<30,Other,Other-relative,Female,Self-emp-not-inc,0
538,41<x<55,US,12<x<13,97521<x<209900,41<x<42,Other,Own-child,Female,Without-pay,0
539,x>67,US,x<3,97521<x<209900,60<x<90,White,Own-child,Female,Self-emp-inc,0
540,35<x<41,US,11<x<12,97521<x<209900,30<x<35,Asian-Pac-Islander,Husband,Male,Federal-gov,0
541,41<x<55,non-US,3<x<9,210481<x<316820,35<x<38,Other,Not-in-family,Male,Federal-gov,0
542,x>67,non-US,14<x<15,97521<x<209900,x<10,Other,Unmarried,Male,Self-emp-not-inc,0
543,x>67,non-US,11<x<12,97521<x<209900,38<x<40,Amer-Indian-Eskimo,Own-child,Male,Without-pay,0
544,x<19,non-US,13<x<14,97521<x<209900,x<10,Amer-Indian-Eskimo,Unmarried,Female,Self-emp-not-inc,0
545,35<x<41,US,11<x<12,42869<x<75413,60<x<90,Black,Wife,Female,Self-emp-inc,0
546,41<x<55,non-US,3<x<9,210481<x<316820,x<10,Black,Unmarried,Female,Never-worked,0
547,25<x<27,non-US,9<x<11,210481<x<316820,60<x<90,Black,Unmarried,Male,Self-emp-inc,0
548,41<x<55,US,3<x<9,42869<x<75413,60<x<90,White,Husband,Female,Private,0
549,41<x<55,US,3<x<9,97521<x<209900,x>90,Black,Other-relative,Female,Private,0
550,41<x<55,US,x<3,97521<x<209900,10<x<30,Asian-Pac-Islander,Other-relative,Male,Local-gov,0
551,55<x<62,non-US,14<x<15,210481<x<316820,x>90,Black,Not-in-family,Male,Local-gov,0
552,x>67,US,3<x<9,97521<x<209900,10<x<30,Amer-Indian-Eskimo,Own-child,Male,Federal-gov,0
553,x>67,non-US,3<x<9,97521<x<209900,x<10,Asian-Pac-Islander,Unmarried,Female,Self-emp-not-inc,0
554,24<x<25,US,3<x<9,42869<x<75413,x>90,Black,Wife,Male,Local-gov,0
555,27<x<28,non-US,x<3,97521<x<209900,10<x<30,White,Husband,Female,Without-pay,0
556,22<x<24,US,x>15,210481<x<316820,49<x<60,Amer-Indian-Eskimo,Not-in-family,Female,Federal-gov,0
557,22<x<24,non-US,13<x<14,76136<x<97521,44<x<49,Other,Other-relative,Male,Never-worked,0
558,19<x<22,US,9<x<11,209900<x<210481,60<x<90,White,Own-child,Male,Private,0
559,x>67,non-US,9<x<11,x>392849,60<x<90,White,Wife,Female,Federal-gov,0
560,x>67,US,13<x<14,22366<x<37674,10<x<30,Other,Own-child,Female,Local-gov,0
561,x>67,US,14<x<15,316820<x<392849,60<x<90,Black,Husband,Female,Self-emp-not-inc,1
562,x>67,non-US,3<x<9,210481<x<316820,49<x<60,Other,Wife,Female,Local-gov,0
563,41<x<55,US,3<x<9,210481<x<316820,x>90,Amer-Indian-Eskimo,Not-in-family,Female,Without-pay,0
564,25<x<27,US,3<x<9,x>392849,44<x<49,Amer-Indian-Eskimo,Husband,Male,Self-emp-inc,0
565,62<x<67,US,x<3,210481<x<316820,10<x<30,White,Not-in-family,Female,Self-emp-inc,0
566,22<x<24,US,x<3,22366<x<37674,x<10,Amer-Indian-Eskimo,Own-child,Male,Never-worked,0
567,x>67,US,3<x<9,97521<x<209900,42<x<44,Black,Not-in-family,Female,Federal-gov,0
568,35<x<41,non-US,x<3,210481<x<316820,x>90,Asian-Pac-Islander,Unmarried,Female,Federal-gov,0
569,41<x<55,US,3<x<9,316820<x<392849,x<10,Other,Husband,Male,Private,0
570,55<x<62,non-US,13<x<14,210481<x<316820,49<x<60,Black,Own-child,Female,Self-emp-not-inc,0
571,24<x<25,US,3<x<9,97521<x<209900,10<x<30,Other,Own-child,Female,Self-emp-inc,0
572,x>67,non-US,3<x<9,97521<x<209900,60<x<90,White,Other-relative,Male,Local-gov,0
573,55<x<62,non-US,9<x<11,97521<x<209900,10<x<30,White,Wife,Male,Never-worked,0
574,x>67,non-US,13<x<14,97521<x<209900,60<x<90,Asian-Pac-Islander,Not-in-family,Female,Local-gov,0
575,31<x<34,US,3<x<9,97521<x<209900,10<x<30,Black,Not-in-family,Male,Self-emp-inc,0
576,x>67,US,3<x<9,22366<x<37674,10<x<30,Black,Own-child,Female,Self-emp-inc,0
577,x>67,US,3<x<9,316820<x<392849,42<x<44,Black,Other-relative,Male,Private,0
578,x>67,non-US,x<3,97521<x<209900,60<x<90,Amer-Indian-Eskimo,Other-relative,Male,State-gov,0
579,x<19,US,12<x<13,97521<x<209900,10<x<30,White,Other-relative,Male,Without-pay,0
580,22<x<24,non-US,11<x<12,316820<x<392849,x<10,Amer-Indian-Eskimo,Not-in-family,Female,State-gov,0
581,29<x<31,non-US,3<x<9,42869<x<75413,10<x<30,Amer-Indian-Eskimo,Other-relative,Female,Local-gov,0
582,62<x<67,non-US,11<x<12,316820<x<392849,60<x<90,Other,Own-child,Female,Without-pay,0
583,55<x<62,non-US,x<3,97521<x<209900,42<x<44,Other,Unmarried,Male,Without-pay,0
584,x>67,non-US,x<3,210481<x<316820,x>90,Black,Other-relative,Male,Self-emp-inc,0
585,55<x<62,non-US,3<x<9,316820<x<392849,49<x<60,Other,Own-child,Male,Local-gov,0
586,29<x<31,non-US,9<x<11,97521<x<209900,x<10,Other,Other-relative,Male,Private,0
587,x>67,US,13<x<14,97521<x<209900,x>90,Amer-Indian-Eskimo,Wife,Male,Self-emp-inc,0
588,31<x<34,non-US,x>15,97521<x<209900,60<x<90,Black,Other-relative,Male,Self-emp-inc,0
589,41<x<55,US,14<x<15,97521<x<209900,60<x<90,Amer-Indian-Eskimo,Unmarried,Male,Federal-gov,1
590,41<x<55,non-US,x>15,316820<x<392849,10<x<30,Amer-Indian-Eskimo,Wife,Female,Never-worked,1
591,x>67,US,9<x<11,97521<x<209900,60<x<90,Asian-Pac-Islander,Own-child,Female,Local-gov,0
592,x>67,US,x>15,37719<x<42869,10<x<30,Other,Other-relative,Female,Never-worked,0
593,31<x<34,US,3<x<9,97521<x<209900,60<x<90,Black,Unmarried,Male,Without-pay,0
594,41<x<55,non-US,3<x<9,316820<x<392849,49<x<60,Asian-Pac-Islander,Other-relative,Male,Private,0
595,55<x<62,US,12<x<13,x>392849,60<x<90,White,Unmarried,Female,Without-pay,0
596,x>67,non-US,3<x<9,210481<x<316820,30<x<35,Amer-Indian-Eskimo,Not-in-family,Female,Self-emp-not-inc,0
597,x>67,US,14<x<15,97521<x<209900,10<x<30,Amer-Indian-Eskimo,Wife,Female,Never-worked,1
598,55<x<62,US,11<x<12,97521<x<209900,60<x<90,Black,Own-child,Female,Without-pay,0
599,x>67,US,x>15,210481<x<316820,10<x<30,Other,Own-child,Male,Without-pay,1
600,35<x<41,US,x<3,42869<x<75413,49<x<60,Amer-Indian-Eskimo,Wife,Male,Private,0
601,55<x<62,non-US,x<3,210481<x<316820,49<x<60,Amer-Indian-Eskimo,Wife,Female,Private,0
602,55<x<62,US,3<x<9,97521<x<209900,x>90,Other,Own-child,Male,Federal-gov,0
603,41<x<55,US,11<x<12,210481<x<316820,x<10,Amer-Indian-Eskimo,Own-child,Male,Federal-gov,0
604,x>67,US,12<x<13,97521<x<209900,60<x<90,Black,Husband,Male,Never-worked,1
605,62<x<67,non-US,3<x<9,97521<x<209900,60<x<90,Other,Wife,Female,Self-emp-not-inc,0
606,35<x<41,US,3<x<9,97521<x<209900,60<x<90,Other,Other-relative,Male,State-gov,0
607,24<x<25,US,13<x<14,76136<x<97521,10<x<30,Amer-Indian-Eskimo,Own-child,Male,Local-gov,0
608,41<x<55,non-US,3<x<9,210481<x<316820,60<x<90,Amer-Indian-Eskimo,Own-child,Male,Local-gov,0
609,x>67,non-US,x<3,316820<x<392849,30<x<35,White,Husband,Male,Without-pay,0
610,x<19,US,x<3,210481<x<316820,38<x<40,Amer-Indian-Eskimo,Not-in-family,Female,Without-pay,0
611,x>67,non-US,x>15,97521<x<209900,49<x<60,Amer-Indian-Eskimo,Own-child,Male,Self-emp-inc,1
612,x>67,US,12<x<13,210481<x<316820,10<x<30,Other,Husband,Female,Self-emp-inc,1
613,41<x<55,non-US,3<x<9,210481<x<316820,49<x<60,Other,Not-in-family,Male,Self-emp-not-inc,0
614,22<x<24,non-US,3<x<9,210481<x<316820,60<x<90,Asian-Pac-Islander,Wife,Female,State-gov,0
615,22<x<24,non-US,9<x<11,210481<x<316820,60<x<90,Other,Other-relative,Male,Without-pay,0
616,62<x<67,US,3<x<9,97521<x<209900,x>90,White,Wife,Female,Federal-gov,0
617,41<x<55,non-US,14<x<15,210481<x<316820,49<x<60,Amer-Indian-Eskimo,Unmarried,Female,Without-pay,0
618,x>67,US,x<3,22366<x<37674,10<x<30,White,Wife,Male,Never-worked,0
619,x>67,US,9<x<11,210481<x<316820,10<x<30,Black,Own-child,Male,Self-emp-inc,0
620,29<x<31,US,3<x<9,210481<x<316820,60<x<90,Amer-Indian-Eskimo,Own-child,Male,Federal-gov,0
621,x>67,non-US,14<x<15,97521<x<209900,x<10,Black,Husband,Female,State-gov,0
622,25<x<27,non-US,3<x<9,97521<x<209900,42<x<44,Amer-Indian-Eskimo,Not-in-family,Female,Local-gov,0
623,27<x<28,non-US,12<x<13,97521<x<209900,x>90,Black,Own-child,Female,Never-worked,0
624,55<x<62,US,11<x<12,210481<x<316820,49<x<60,Asian-Pac-Islander,Own-child,Male,Without-pay,0
625,x<19,US,3<x<9,x>392849,x<10,White,Own-child,Female,Federal-gov,0
626,62<x<67,US,3<x<9,97521<x<209900,49<x<60,Amer-Indian-Eskimo,Unmarried,Male,Local-gov,0
627,19<x<22,US,3<x<9,76136<x<97521,60<x<90,Other,Wife,Female,Never-worked,0
628,x>67,non-US,14<x<15,76136<x<97521,x<10,Amer-Indian-Eskimo,Wife,Male,Never-worked,0
629,62<x<67,US,3<x<9,316820<x<392849,60<x<90,White,Not-in-family,Female,State-gov,0
630,x>67,non-US,12<x<13,97521<x<209900,10<x<30,Asian-Pac-Islander,Own-child,Female,Local-gov,0
631,19<x<22,non-US,9<x<11,210481<x<316820,49<x<60,Asian-Pac-Islander,Unmarried,Male,Federal-gov,0
632,62<x<67,non-US,x<3,316820<x<392849,x<10,White,Husband,Female,Private,0
633,x>67,US,9<x<11,97521<x<209900,44<x<49,Asian-Pac-Islander,Unmarried,Female,State-gov,0
634,x>67,non-US,3<x<9,97521<x<209900,x>90,Other,Husband,Female,Private,0
635,35<x<41,US,3<x<9,316820<x<392849,44<x<49,Asian-Pac-Islander,Unmarried,Female,Self-emp-inc,0
636,x>67,non-US,3<x<9,210481<x<316820,60<x<90,Amer-Indian-Eskimo,Husband,Male,Never-worked,0
637,55<x<62,US,x<3,210481<x<316820,x<10,Amer-Indian-Eskimo,Own-child,Male,Local-gov,0
638,25<x<27,non-US,3<x<9,210481<x<316820,10<x<30,Asian-Pac-Islander,Wife,Female,Local-gov,0
639,55<x<62,non-US,3<x<9,22366<x<37674,10<x<30,Amer-Indian-Eskimo,Wife,Male,Self-emp-not-inc,0
640,41<x<55,non-US,3<x<9,97521<x<209900,60<x<90,White,Other-relative,Female,Never-worked,0
641,x>67,non-US,x<3,97521<x<209900,60<x<90,Black,Unmarried,Male,Private,0
642,41<x<55,non-US,3<x<9,97521<x<209900,10<x<30,Asian-Pac-Islander,Not-in-family,Male,Self-emp-not-inc,0
643,35<x<41,non-US,3<x<9,97521<x<209900,10<x<30,Asian-Pac-Islander,Unmarried,Male,Private,0
644,35<x<41,non-US,11<x<12,97521<x<209900,x<10,Amer-Indian-Eskimo,Other-relative,Male,Federal-gov,0
645,x>67,non-US,13<x<14,316820<x<392849,42<x<44,Black,Husband,Male,Self-emp-not-inc,1
646,x>67,US,3<x<9,316820<x<392849,49<x<60,Asian-Pac-Islander,Husband,Male,Self-emp-not-inc,0
647,24<x<25,US,x<3,97521<x<209900,10<x<30,Asian-Pac-Islander,Husband,Male,Federal-gov,0
648,29<x<31,US,3<x<9,210481<x<316820,60<x<90,White,Wife,Male,Self-emp-not-inc,0
649,41<x<55,US,13<x<14,97521<x<209900,10<x<30,Asian-Pac-Islander,Other-relative,Female,Private,0
650,25<x<27,US,x<3,97521<x<209900,49<x<60,Amer-Indian-Eskimo,Husband,Female,Self-emp-not-inc,0
651,x>67,US,13<x<14,97521<x<209900,49<x<60,Asian-Pac-Islander,Not-in-family,Male,Private,0
652,34<x<35,US,3<x<9,97521<x<209900,60<x<90,Other,Not-in-family,Female,Local-gov,0
653,19<x<22,non-US,x<3,210481<x<316820,10<x<30,Black,Unmarried,Female,Private,0
654,x>67,non-US,3<x<9,97521<x<209900,49<x<60,Other,Wife,Male,Federal-gov,0
655,x>67,non-US,x<3,97521<x<209900,10<x<30,Other,Own-child,Male,Self-emp-not-inc,0
656,22<x<24,US,9<x<11,22366<x<37674,60<x<90,Asian-Pac-Islander,Own-child,Female,Federal-gov,0
657,x>67,US,3<x<9,97521<x<209900,10<x<30,Other,Unmarried,Male,Self-emp-inc,0
658,31<x<34,US,3<x<9,97521<x<209900,60<x<90,Amer-Indian-Eskimo,Not-in-family,Male,Never-worked,0
659,31<x<34,non-US,14<x<15,97521<x<209900,x>90,Other,Own-child,Female,Federal-gov,0
660,x>67,non-US,x<3,97521<x<209900,35<x<38,White,Not-in-family,Female,Self-emp-inc,0
661,41<x<55,US,3<x<9,76136<x<97521,60<x<90,Black,Husband,Male,Self-emp-not-inc,0
662,x>67,non-US,x>15,76136<x<97521,60<x<90,Asian-Pac-Islander,Not-in-family,Female,Federal-gov,1
663,34<x<35,US,3<x<9,22366<x<37674,60<x<90,Other,Not-in-family,Female,Local-gov,0
664,35<x<41,US,x<3,42869<x<75413,10<x<30,Amer-Indian-Eskimo,Not-in-family,Male,Local-gov,0
665,x>67,non-US,x<3,97521<x<209900,x<10,Black,Not-in-family,Female,Self-emp-not-inc,0
666,24<x<25,non-US,12<x<13,210481<x<316820,60<x<90,Black,Wife,Female,Local-gov,0
667,x>67,non-US,14<x<15,210481<x<316820,60<x<90,White,Other-relative,Female,Without-pay,0
668,22<x<24,US,11<x<12,210481<x<316820,49<x<60,White,Husband,Female,Never-worked,0
669,55<x<62,US,x<3,210481<x<316820,60<x<90,Black,Own-child,Female,Without-pay,0
670,x>67,non-US,13<x<14,97521<x<209900,x>90,White,Husband,Female,Self-emp-not-inc,0
671,x>67,US,9<x<11,22366<x<37674,x>90,Other,Husband,Female,Without-pay,0
672,35<x<41,non-US,3<x<9,97521<x<209900,38<x<40,Amer-Indian-Eskimo,Unmarried,Male,Federal-gov,0
673,31<x<34,US,3<x<9,210481<x<316820,60<x<90,Other,Unmarried,Male,Federal-gov,0
674,35<x<41,non-US,3<x<9,97521<x<209900,x>90,Black,Other-relative,Male,Self-emp-not-inc,0
675,x>67,non-US,x>15,210481<x<316820,35<x<38,Asian-Pac-Islander,Not-in-family,Male,Self-emp-not-inc,0
676,x>67,US,14<x<15,22366<x<37674,x<10,Amer-Indian-Eskimo,Husband,Male,Local-gov,1
677,35<x<41,non-US,x<3,210481<x<316820,60<x<90,Amer-Indian-Eskimo,Wife,Male,Private,0
678,x<19,US,13<x<14,76136<x<97521,30<x<35,Asian-Pac-Islander,Other-relative,Male,Private,0
679,41<x<55,non-US,3<x<9,210481<x<316820,60<x<90,Asian-Pac-Islander,Own-child,Male,Self-emp-not-inc,0
680,62<x<67,non-US,3<x<9,210481<x<316820,40<x<41,Black,Wife,Female,Local-gov,0
681,62<x<67,US,12<x<13,97521<x<209900,x<10,Other,Unmarried,Male,Local-gov,0
682,x>67,US,x<3,210481<x<316820,44<x<49,Asian-Pac-Islander,Own-child,Male,Self-emp-not-inc,0
683,55<x<62,non-US,9<x<11,97521<x<209900,x>90,Black,Own-child,Female,Self-emp-inc,0
684,x>67,US,12<x<13,316820<x<392849,x>90,Asian-Pac-Islander,Own-child,Male,Self-emp-not-inc,0
685,x>67,US,3<x<9,42869<x<75413,60<x<90,White,Wife,Male,Federal-gov,0
686,55<x<62,non-US,x<3,210481<x<316820,35<x<38,Other,Wife,Male,Never-worked,0
687,22<x<24,non-US,3<x<9,97521<x<209900,10<x<30,Black,Wife,Female,Federal-gov,0
688,25<x<27,non-US,x<3,97521<x<209900,x>90,Amer-Indian-Eskimo,Wife,Female,Federal-gov,0
689,x>67,non-US,3<x<9,316820<x<392849,49<x<60,Other,Wife,Female,Without-pay,0
690,x>67,non-US,3<x<9,37719<x<42869,60<x<90,White,Unmarried,Male,Self-emp-not-inc,0
691,55<x<62,non-US,3<x<9,97521<x<209900,x>90,Black,Wife,Female,Private,0
692,25<x<27,non-US,x<3,x>392849,60<x<90,Amer-Indian-Eskimo,Not-in-family,Female,Without-pay,0
693,x>67,non-US,14<x<15,210481<x<316820,60<x<90,Amer-Indian-Eskimo,Own-child,Female,Federal-gov,1
694,41<x<55,non-US,3<x<9,42869<x<75413,60<x<90,Amer-Indian-Eskimo,Wife,Male,Self-emp-inc,0
695,x<19,non-US,x<3,316820<x<392849,30<x<35,Black,Unmarried,Female,Self-emp-not-inc,0
696,31<x<34,US,9<x<11,210481<x<316820,60<x<90,Other,Unmarried,Male,Without-pay,0
697,x>67,non-US,x<3,97521<x<209900,60<x<90,White,Other-relative,Male,Without-pay,0
698,x<19,non-US,x<3,76136<x<97521,38<x<40,Asian-Pac-Islander,Other-relative,Male,State-gov,0
699,34<x<35,US,3<x<9,42869<x<75413,42<x<44,Amer-Indian-Eskimo,Husband,Male,Private,0
700,29<x<31,US,12<x<13,210481<x<316820,60<x<90,Black,Unmarried,Male,Local-gov,0
701,41<x<55,non-US,3<x<9,97521<x<209900,42<x<44,Black,Husband,Male,Without-pay,0
702,31<x<34,US,13<x<14,97521<x<209900,49<x<60,Asian-Pac-Islander,Not-in-family,Male,State-gov,0
703,19<x<22,non-US,13<x<14,316820<x<392849,60<x<90,White,Husband,Female,Local-gov,0
704,31<x<34,non-US,x<3,210481<x<316820,49<x<60,Black,Husband,Male,Private,0
705,41<x<55,non-US,3<x<9,97521<x<209900,49<x<60,Amer-Indian-Eskimo,Wife,Male,Self-emp-inc,0
706,41<x<55,US,3<x<9,210481<x<316820,60<x<90,Other,Own-child,Male,Never-worked,0
707,x>67,non-US,9<x<11,210481<x<316820,x>90,White,Own-child,Male,Without-pay,0
708,x>67,US,9<x<11,x>392849,10<x<30,Black,Wife,Male,Self-emp-inc,0
709,x>67,non-US,9<x<11,97521<x<209900,42<x<44,Black,Not-in-family,Male,Self-emp-inc,0
710,41<x<55,US,3<x<9,97521<x<209900,10<x<30,Black,Wife,Male,State-gov,0
711,x>67,non-US,9<x<11,x>392849,60<x<90,White,Husband,Male,Without-pay,0
712,55<x<62,US,x<3,97521<x<209900,10<x<30,Black,Husband,Female,State-gov,0
713,x<19,non-US,x<3,97521<x<209900,30<x<35,Other,Own-child,Male,State-gov,0
714,41<x<55,US,14<x<15,97521<x<209900,35<x<38,Other,Unmarried,Female,Without-pay,0
715,41<x<55,US,3<x<9,210481<x<316820,49<x<60,Asian-Pac-Islander,Wife,Female,Self-emp-inc,0
716,55<x<62,non-US,12<x<13,210481<x<316820,x>90,Amer-Indian-Eskimo,Unmarried,Male,Federal-gov,0
717,19<x<22,US,3<x<9,210481<x<316820,x>90,Other,Other-relative,Female,State-gov,0
718,x>67,non-US,x<3,97521<x<209900,60<x<90,Asian-Pac-Islander,Other-relative,Male,Self-emp-not-inc,0
719,19<x<22,non-US,13<x<14,97521<x<209900,x<10,Asian-Pac-Islander,Husband,Female,Private,0
720,x>67,US,12<x<13,42869<x<75413,41<x<42,Amer-Indian-Eskimo,Husband,Female,Private,1
721,55<x<62,US,14<x<15,316820<x<392849,49<x<60,White,Own-child,Female,Local-gov,1
722,62<x<67,US,3<x<9,97521<x<209900,49<x<60,Amer-Indian-Eskimo,Husband,Male,State-gov,0
723,x>67,US,x>15,210481<x<316820,60<x<90,Other,Wife,Male,Self-emp-inc,1
724,29<x<31,non-US,3<x<9,97521<x<209900,49<x<60,White,Not-in-family,Male,Without-pay,0
725,55<x<62,non-US,3<x<9,97521<x<209900,10<x<30,Asian-Pac-Islander,Husband,Female,Without-pay,0
726,x>67,US,13<x<14,97521<x<209900,10<x<30,Amer-Indian-Eskimo,Own-child,Male,Never-worked,0
727,62<x<67,US,x>15,76136<x<97521,30<x<35,Black,Not-in-family,Male,Without-pay,0
728,19<x<22,US,x<3,210481<x<316820,38<x<40,White,Husband,Female,Without-pay,0
729,35<x<41,non-US,3<x<9,210481<x<316820,60<x<90,Other,Unmarried,Female,Self-emp-not-inc,0
730,x>67,non-US,3<x<9,97521<x<209900,60<x<90,Amer-Indian-Eskimo,Unmarried,Female,Self-emp-not-inc,0
731,x<19,non-US,3<x<9,210481<x<316820,60<x<90,Other,Not-in-family,Male,State-gov,0
732,x>67,non-US,3<x<9,210481<x<316820,60<x<90,Asian-Pac-Islander,Not-in-family,Male,Self-emp-inc,0
733,x>67,US,13<x<14,210481<x<316820,10<x<30,White,Own-child,Male,Self-emp-not-inc,0
734,41<x<55,US,3<x<9,210481<x<316820,60<x<90,Other,Own-child,Male,Never-worked,0
735,x>67,US,x<3,97521<x<209900,44<x<49,White,Wife,Male,Without-pay,0
736,x>67,non-US,3<x<9,210481<x<316820,60<x<90,Amer-Indian-Eskimo,Own-child,Female,Private,0
737,55<x<62,US,14<x<15,97521<x<209900,60<x<90,Black,Wife,Female,Local-gov,1
738,55<x<62,US,3<x<9,97521<x<209900,x>90,Other,Not-in-family,Male,Without-pay,0
739,x<19,US,x<3,97521<x<209900,44<x<49,Asian-Pac-Islander,Not-in-family,Female,Never-worked,0
740,55<x<62,non-US,x<3,316820<x<392849,60<x<90,Amer-Indian-Eskimo,Not-in-family,Male,Self-emp-not-inc,0
741,55<x<62,US,3<x<9,x>392849,x<10,Asian-Pac-Islander,Wife,Male,Private,0
742,x>67,US,3<x<9,210481<x<316820,x<10,White,Husband,Male,Never-worked,0
743,41<x<55,non-US,3<x<9,316820<x<392849,60<x<90,Asian-Pac-Islander,Not-in-family,Male,State-gov,0
744,41<x<55,non-US,x<3,210481<x<316820,10<x<30,White,Husband,Female,Self-emp-inc,0
745,41<x<55,US,3<x<9,210481<x<316820,60<x<90,Asian-Pac-Islander,Not-in-family,Male,Local-gov,0
746,x>67,non-US,11<x<12,42869<x<75413,x<10,Amer-Indian-Eskimo,Other-relative,Male,Local-gov,0
747,x>67,non-US,3<x<9,97521<x<209900,x>90,Black,Unmarried,Male,Self-emp-not-inc,0
748,x>67,non-US,14<x<15,97521<x<209900,10<x<30,Amer-Indian-Eskimo,Other-relative,Female,Without-pay,0
749,28<x<29,US,3<x<9,x>392849,10<x<30,Asian-Pac-Islander,Unmarried,Female,State-gov,0
750,x>67,US,13<x<14,97521<x<209900,30<x<35,Asian-Pac-Islander,Unmarried,Female,Federal-gov,0
751,55<x<62,non-US,x>15,97521<x<209900,60<x<90,Asian-Pac-Islander,Not-in-family,Male,Without-pay,0
752,35<x<41,non-US,x<3,97521<x<209900,x<10,Black,Own-child,Female,Private,0
753,x>67,non-US,9<x<11,x>392849,10<x<30,Amer-Indian-Eskimo,Own-child,Male,Self-emp-inc,0
754,55<x<62,non-US,12<x<13,210481<x<316820,x<10,Black,Other-relative,Female,Never-worked,0
755,x>67,US,3<x<9,210481<x<316820,x>90,Amer-Indian-Eskimo,Other-relative,Female,State-gov,0
756,29<x<31,US,13<x<14,42869<x<75413,60<x<90,White,Not-in-family,Male,Self-emp-inc,0
757,35<x<41,US,3<x<9,42869<x<75413,10<x<30,Other,Other-relative,Female,Self-emp-not-inc,0
758,x>67,non-US,x<3,22366<x<37674,38<x<40,Black,Other-relative,Female,Self-emp-not-inc,0
759,41<x<55,non-US,3<x<9,316820<x<392849,60<x<90,White,Other-relative,Female,Never-worked,0
760,22<x<24,non-US,14<x<15,97521<x<209900,60<x<90,Other,Husband,Female,Never-worked,1
761,41<x<55,US,12<x<13,76136<x<97521,49<x<60,Other,Not-in-family,Male,Self-emp-inc,0
762,27<x<28,non-US,13<x<14,210481<x<316820,10<x<30,Amer-Indian-Eskimo,Other-relative,Female,Local-gov,0
763,35<x<41,non-US,x>15,97521<x<209900,10<x<30,Amer-Indian-Eskimo,Wife,Male,Without-pay,0
764,x<19,non-US,3<x<9,210481<x<316820,10<x<30,Other,Wife,Female,Local-gov,0
765,55<x<62,US,9<x<11,210481<x<316820,x<10,Black,Other-relative,Female,Federal-gov,0
766,31<x<34,US,9<x<11,97521<x<209900,10<x<30,Amer-Indian-Eskimo,Unmarried,Female,Never-worked,0
767,62<x<67,US,3<x<9,210481<x<316820,60<x<90,White,Wife,Female,Without-pay,0
768,41<x<55,non-US,3<x<9,316820<x<392849,60<x<90,Asian-Pac-Islander,Not-in-family,Female,Private,0
769,55<x<62,US,11<x<12,210481<x<316820,49<x<60,White,Other-relative,Male,Private,0
770,41<x<55,non-US,9<x<11,210481<x<316820,x<10,White,Own-child,Male,Self-emp-inc,0
771,35<x<41,non-US,x<3,210481<x<316820,60<x<90,White,Not-in-family,Male,Self-emp-not-inc,0
772,35<x<41,non-US,x>15,97521<x<209900,x>90,Black,Own-child,Female,Private,1
773,27<x<28,non-US,9<x<11,97521<x<209900,60<x<90,Black,Unmarried,Male,Federal-gov,0
774,62<x<67,US,3<x<9,316820<x<392849,49<x<60,Other,Other-relative,Male,Self-emp-not-inc,0
775,41<x<55,US,13<x<14,97521<x<209900,49<x<60,Asian-Pac-Islander,Unmarried,Male,Without-pay,0
776,x>67,non-US,9<x<11,316820<x<392849,60<x<90,Asian-Pac-Islander,Own-child,Male,Self-emp-inc,0
777,41<x<55,non-US,11<x<12,210481<x<316820,38<x<40,Black,Wife,Female,Self-emp-not-inc,0
778,62<x<67,non-US,3<x<9,97521<x<209900,60<x<90,White,Wife,Female,Private,0
779,x>67,US,x<3,316820<x<392849,60<x<90,Black,Unmarried,Female,Federal-gov,0
780,x>67,non-US,x>15,97521<x<209900,42<x<44,White,Other-relative,Female,Self-emp-not-inc,0
781,x>67,non-US,13<x<14,316820<x<392849,30<x<35,Asian-Pac-Islander,Husband,Male,Self-emp-not-inc,0
782,x>67,US,x<3,97521<x<209900,60<x<90,Black,Other-relative,Male,Without-pay,0
783,19<x<22,US,3<x<9,316820<x<392849,49<x<60,Asian-Pac-Islander,Husband,Female,State-gov,0
784,x>67,US,x<3,42869<x<75413,60<x<90,White,Husband,Female,Local-gov,0
785,31<x<34,non-US,13<x<14,210481<x<316820,10<x<30,Asian-Pac-Islander,Wife,Female,State-gov,1
786,x>67,US,3<x<9,97521<x<209900,30<x<35,Asian-Pac-Islander,Other-relative,Male,Never-worked,0
787,x<19,non-US,9<x<11,97521<x<209900,x<10,White,Unmarried,Male,Self-emp-inc,0
788,x>67,non-US,3<x<9,42869<x<75413,49<x<60,Amer-Indian-Eskimo,Unmarried,Female,Federal-gov,0
789,41<x<55,non-US,14<x<15,76136<x<97521,35<x<38,Black,Husband,Female,Federal-gov,1
790,x>67,US,9<x<11,76136<x<97521,60<x<90,Other,Husband,Male,Private,1
791,x>67,US,9<x<11,210481<x<316820,x<10,Amer-Indian-Eskimo,Wife,Female,State-gov,0
792,35<x<41,US,3<x<9,97521<x<209900,60<x<90,Asian-Pac-Islander,Wife,Male,State-gov,0
793,55<x<62,US,3<x<9,97521<x<209900,10<x<30,Asian-Pac-Islander,Wife,Male,Federal-gov,0
794,x>67,US,x>15,316820<x<392849,x<10,Other,Not-in-family,Female,Federal-gov,0
795,41<x<55,non-US,3<x<9,97521<x<209900,10<x<30,Asian-Pac-Islander,Wife,Male,Federal-gov,0
796,55<x<62,non-US,3<x<9,97521<x<209900,10<x<30,Asian-Pac-Islander,Wife,Male,Without-pay,0
797,41<x<55,US,11<x<12,97521<x<209900,60<x<90,Amer-Indian-Eskimo,Husband,Female,Without-pay,0
798,41<x<55,US,3<x<9,97521<x<209900,10<x<30,Black,Wife,Male,State-gov,0
799,x>67,US,x<3,210481<x<316820,10<x<30,Other,Not-in-family,Male,Private,0
800,x<19,US,x<3,97521<x<209900,60<x<90,White,Wife,Male,Self-emp-not-inc,0
801,x>67,US,3<x<9,97521<x<209900,60<x<90,Other,Own-child,Male,Self-emp-not-inc,0
802,41<x<55,non-US,3<x<9,97521<x<209900,60<x<90,Other,Wife,Male,State-gov,0
803,62<x<67,non-US,13<x<14,97521<x<209900,49<x<60,Amer-Indian-Eskimo,Husband,Female,Self-emp-not-inc,0
804,62<x<67,US,x<3,316820<x<392849,x<10,Other,Other-relative,Male,Local-gov,0
805,62<x<67,US,3<x<9,76136<x<97521,44<x<49,Black,Husband,Male,Never-worked,0
806,29<x<31,US,3<x<9,97521<x<209900,x>90,Black,Wife,Male,Self-emp-not-inc,0
807,31<x<34,US,3<x<9,210481<x<316820,60<x<90,Black,Unmarried,Female,Federal-gov,0
808,x>67,non-US,9<x<11,97521<x<209900,60<x<90,White,Not-in-family,Male,Federal-gov,0
809,x>67,US,9<x<11,97521<x<209900,10<x<30,Amer-Indian-Eskimo,Own-child,Female,Self-emp-inc,0
810,x>67,non-US,x<3,97521<x<209900,10<x<30,Black,Wife,Female,Without-pay,0
811,34<x<35,non-US,x<3,210481<x<316820,60<x<90,White,Wife,Female,State-gov,0
812,x>67,non-US,3<x<9,97521<x<209900,x>90,White,Own-child,Female,Local-gov,0
813,55<x<62,non-US,x<3,97521<x<209900,10<x<30,Asian-Pac-Islander,Wife,Female,Federal-gov,0
814,35<x<41,US,x<3,76136<x<97521,44<x<49,Asian-Pac-Islander,Own-child,Male,Self-emp-inc,0
815,41<x<55,US,x<3,210481<x<316820,60<x<90,Black,Wife,Female,Self-emp-inc,0
816,x>67,non-US,14<x<15,x>392849,49<x<60,Other,Not-in-family,Male,Self-emp-inc,1
817,29<x<31,US,x<3,97521<x<209900,x<10,Amer-Indian-Eskimo,Husband,Female,Self-emp-not-inc,0
818,x>67,US,x<3,316820<x<392849,10<x<30,Amer-Indian-Eskimo,Husband,Female,Never-worked,0
819,x>67,US,9<x<11,42869<x<75413,30<x<35,Amer-Indian-Eskimo,Not-in-family,Female,Local-gov,0
820,41<x<55,non-US,13<x<14,97521<x<209900,60<x<90,Black,Not-in-family,Male,Without-pay,0
821,41<x<55,non-US,3<x<9,316820<x<392849,42<x<44,Amer-Indian-Eskimo,Husband,Male,Local-gov,0
822,x>67,non-US,14<x<15,37719<x<42869,60<x<90,Other,Other-relative,Male,Never-worked,0
823,19<x<22,non-US,x<3,97521<x<209900,49<x<60,Other,Husband,Male,Self-emp-not-inc,0
824,31<x<34,US,3<x<9,210481<x<316820,10<x<30,Other,Own-child,Male,Self-emp-not-inc,0
825,41<x<55,non-US,x<3,97521<x<209900,x<10,Amer-Indian-Eskimo,Husband,Female,Private,0
826,x<19,non-US,9<x<11,x>392849,10<x<30,Asian-Pac-Islander,Husband,Male,State-gov,0
827,55<x<62,US,3<x<9,210481<x<316820,35<x<38,Black,Other-relative,Female,Without-pay,0
828,x>67,US,x<3,210481<x<316820,30<x<35,Asian-Pac-Islander,Wife,Male,Self-emp-not-inc,0
829,x>67,non-US,x<3,97521<x<209900,49<x<60,Asian-Pac-Islander,Not-in-family,Female,Without-pay,0
830,29<x<31,non-US,3<x<9,97521<x<209900,60<x<90,White,Wife,Male,Never-worked,0
831,x<19,US,12<x<13,210481<x<316820,60<x<90,Other,Not-in-family,Male,Local-gov,0
832,35<x<41,US,12<x<13,76136<x<97521,49<x<60,Amer-Indian-Eskimo,Unmarried,Male,Private,1
833,55<x<62,non-US,x<3,316820<x<392849,49<x<60,Asian-Pac-Islander,Wife,Male,Self-emp-inc,1
834,41<x<55,US,x<3,x>392849,x<10,Asian-Pac-Islander,Husband,Female,Self-emp-not-inc,0
835,41<x<55,US,3<x<9,42869<x<75413,60<x<90,Other,Not-in-family,Male,Self-emp-inc,0
836,x>67,non-US,x<3,22366<x<37674,60<x<90,Black,Unmarried,Male,State-gov,0
837,x>67,US,13<x<14,97521<x<209900,10<x<30,Black,Own-child,Female,Federal-gov,0
838,22<x<24,US,14<x<15,210481<x<316820,10<x<30,Black,Other-relative,Female,Without-pay,0
839,x>67,non-US,x<3,97521<x<209900,60<x<90,Amer-Indian-Eskimo,Other-relative,Male,Private,0
840,34<x<35,non-US,13<x<14,97521<x<209900,60<x<90,Other,Not-in-family,Female,Federal-gov,1
841,35<x<41,non-US,12<x<13,316820<x<392849,35<x<38,White,Own-child,Female,Federal-gov,0
842,35<x<41,US,3<x<9,210481<x<316820,30<x<35,Black,Unmarried,Male,Private,0
843,62<x<67,US,12<x<13,97521<x<209900,x<10,White,Own-child,Male,Self-emp-inc,0
844,41<x<55,non-US,9<x<11,316820<x<392849,x>90,Asian-Pac-Islander,Wife,Female,Never-worked,0
845,x>67,US,13<x<14,97521<x<209900,40<x<41,Amer-Indian-Eskimo,Husband,Female,State-gov,1
846,35<x<41,US,x<3,22366<x<37674,10<x<30,Black,Own-child,Female,Federal-gov,0
847,x>67,US,11<x<12,42869<x<75413,10<x<30,Other,Other-relative,Male,Never-worked,0
848,55<x<62,non-US,3<x<9,316820<x<392849,49<x<60,Other,Other-relative,Male,Private,0
849,41<x<55,US,3<x<9,97521<x<209900,42<x<44,Asian-Pac-Islander,Unmarried,Male,Self-emp-inc,0
850,x>67,non-US,9<x<11,97521<x<209900,60<x<90,White,Other-relative,Male,Local-gov,0
851,x>67,US,3<x<9,42869<x<75413,60<x<90,White,Unmarried,Male,Without-pay,0
852,31<x<34,non-US,3<x<9,97521<x<209900,60<x<90,Other,Other-relative,Female,Self-emp-inc,0
853,x>67,non-US,9<x<11,97521<x<209900,49<x<60,White,Own-child,Male,Self-emp-not-inc,0
854,55<x<62,non-US,14<x<15,22366<x<37674,44<x<49,White,Other-relative,Male,Self-emp-inc,1
855,x>67,US,3<x<9,210481<x<316820,30<x<35,White,Unmarried,Male,Never-worked,0
856,41<x<55,US,3<x<9,316820<x<392849,10<x<30,Black,Not-in-family,Female,Private,0
857,41<x<55,non-US,x<3,97521<x<209900,10<x<30,Black,Not-in-family,Male,Local-gov,0
858,x>67,non-US,3<x<9,97521<x<209900,10<x<30,White,Wife,Male,Without-pay,0
859,x>67,non-US,x<3,210481<x<316820,44<x<49,White,Husband,Male,Local-gov,0
860,x<19,US,x<3,210481<x<316820,10<x<30,Asian-Pac-Islander,Unmarried,Male,Without-pay,0
861,x>67,non-US,x<3,97521<x<209900,35<x<38,Black,Own-child,Male,Without-pay,0
862,35<x<41,US,3<x<9,42869<x<75413,60<x<90,Other,Other-relative,Female,Without-pay,0
863,24<x<25,US,3<x<9,210481<x<316820,60<x<90,Asian-Pac-Islander,Wife,Female,Self-emp-inc,0
864,29<x<31,US,11<x<12,97521<x<209900,49<x<60,Black,Unmarried,Female,Self-emp-inc,0
865,x>67,non-US,3<x<9,316820<x<392849,60<x<90,Asian-Pac-Islander,Wife,Male,Self-emp-inc,0
866,41<x<55,non-US,3<x<9,316820<x<392849,60<x<90,Asian-Pac-Islander,Wife,Female,Self-emp-not-inc,0
867,55<x<62,non-US,9<x<11,210481<x<316820,38<x<40,Black,Husband,Female,Self-emp-inc,0
868,41<x<55,non-US,9<x<11,210481<x<316820,60<x<90,White,Other-relative,Female,Self-emp-not-inc,0
869,35<x<41,non-US,x<3,210481<x<316820,49<x<60,Amer-Indian-Eskimo,Other-relative,Male,State-gov,0
870,55<x<62,US,3<x<9,x>392849,10<x<30,Black,Own-child,Male,Local-gov,0
871,27<x<28,non-US,3<x<9,210481<x<316820,49<x<60,Other,Unmarried,Female,Local-gov,0
872,x>67,non-US,3<x<9,42869<x<75413,49<x<60,Other,Unmarried,Male,Local-gov,0
873,x<19,non-US,x<3,210481<x<316820,60<x<90,Other,Other-relative,Female,Private,0
874,x>67,US,x>15,97521<x<209900,44<x<49,White,Wife,Male,Local-gov,1
875,62<x<67,non-US,9<x<11,97521<x<209900,60<x<90,Asian-Pac-Islander,Husband,Female,Never-worked,0
876,55<x<62,non-US,x<3,97521<x<209900,35<x<38,White,Other-relative,Male,Self-emp-not-inc,0
877,55<x<62,US,x<3,42869<x<75413,60<x<90,White,Unmarried,Female,Local-gov,0
878,x>67,non-US,3<x<9,76136<x<97521,60<x<90,White,Own-child,Male,Never-worked,0
879,55<x<62,non-US,x<3,210481<x<316820,10<x<30,Asian-Pac-Islander,Unmarried,Male,Local-gov,0
880,24<x<25,non-US,x<3,210481<x<316820,60<x<90,Black,Wife,Male,Never-worked,0
881,41<x<55,non-US,x>15,22366<x<37674,x<10,Asian-Pac-Islander,Husband,Female,Never-worked,0
882,55<x<62,non-US,3<x<9,x>392849,60<x<90,White,Unmarried,Female,Never-worked,0
883,x>67,non-US,3<x<9,210481<x<316820,10<x<30,White,Own-child,Female,Private,0
884,25<x<27,US,x>15,210481<x<316820,60<x<90,Asian-Pac-Islander,Own-child,Male,Private,0
885,41<x<55,non-US,x<3,76136<x<97521,60<x<90,Other,Unmarried,Male,Local-gov,0
886,x>67,non-US,12<x<13,97521<x<209900,10<x<30,Amer-Indian-Eskimo,Husband,Male,Private,0
887,62<x<67,non-US,x<3,97521<x<209900,30<x<35,Other,Own-child,Male,Never-worked,0
888,41<x<55,non-US,9<x<11,x>392849,10<x<30,Other,Other-relative,Male,Local-gov,0
889,x>67,US,13<x<14,210481<x<316820,x<10,White,Wife,Female,Private,1
890,x>67,non-US,12<x<13,210481<x<316820,60<x<90,Black,Wife,Female,Self-emp-inc,0
891,x>67,US,3<x<9,210481<x<316820,30<x<35,Black,Not-in-family,Female,Private,0
892,55<x<62,non-US,13<x<14,97521<x<209900,44<x<49,Amer-Indian-Eskimo,Unmarried,Male,Self-emp-inc,0
893,55<x<62,US,3<x<9,97521<x<209900,44<x<49,Black,Wife,Female,Without-pay,0
894,x>67,non-US,3<x<9,210481<x<316820,42<x<44,Asian-Pac-Islander,Husband,Male,Without-pay,0
895,55<x<62,US,x>15,97521<x<209900,60<x<90,Asian-Pac-Islander,Wife,Male,Private,1
896,35<x<41,non-US,9<x<11,210481<x<316820,60<x<90,White,Unmarried,Male,Without-pay,0
897,41<x<55,US,3<x<9,316820<x<392849,10<x<30,Asian-Pac-Islander,Husband,Female,Federal-gov,0
898,55<x<62,non-US,x>15,97521<x<209900,x>90,Black,Husband,Female,State-gov,0
899,35<x<41,US,12<x<13,97521<x<209900,10<x<30,Other,Husband,Male,Local-gov,0
900,35<x<41,US,x>15,210481<x<316820,10<x<30,Asian-Pac-Islander,Wife,Male,State-gov,1
901,24<x<25,US,x<3,97521<x<209900,x<10,Amer-Indian-Eskimo,Unmarried,Female,State-gov,0
902,x<19,non-US,14<x<15,210481<x<316820,60<x<90,White,Own-child,Female,Federal-gov,0
903,41<x<55,US,x>15,97521<x<209900,60<x<90,Amer-Indian-Eskimo,Own-child,Male,Self-emp-not-inc,1
904,31<x<34,non-US,x>15,x>392849,60<x<90,Amer-Indian-Eskimo,Not-in-family,Female,Self-emp-not-inc,1
905,x>67,US,3<x<9,316820<x<392849,10<x<30,Asian-Pac-Islander,Not-in-family,Female,Never-worked,0
906,62<x<67,US,x<3,97521<x<209900,49<x<60,White,Not-in-family,Female,Never-worked,0
907,29<x<31,US,9<x<11,97521<x<209900,60<x<90,White,Other-relative,Female,Self-emp-inc,0
908,55<x<62,non-US,13<x<14,210481<x<316820,10<x<30,Asian-Pac-Islander,Husband,Female,Self-emp-inc,0
909,x>67,US,14<x<15,97521<x<209900,x<10,Other,Husband,Female,State-gov,0
910,x<19,non-US,x<3,97521<x<209900,60<x<90,Amer-Indian-Eskimo,Unmarried,Male,State-gov,0
911,22<x<24,US,3<x<9,97521<x<209900,x>90,Black,Unmarried,Male,Private,0
912,62<x<67,US,3<x<9,97521<x<209900,10<x<30,Amer-Indian-Eskimo,Wife,Male,Self-emp-inc,0
913,x>67,US,3<x<9,210481<x<316820,49<x<60,Black,Not-in-family,Female,Federal-gov,0
914,19<x<22,non-US,11<x<12,97521<x<209900,60<x<90,Amer-Indian-Eskimo,Unmarried,Male,State-gov,0
915,31<x<34,non-US,3<x<9,97521<x<209900,60<x<90,Black,Husband,Female,State-gov,0
916,x>67,non-US,3<x<9,42869<x<75413,10<x<30,Other,Husband,Female,State-gov,0
917,55<x<62,US,3<x<9,97521<x<209900,60<x<90,Other,Not-in-family,Male,Federal-gov,0
918,55<x<62,non-US,x<3,97521<x<209900,49<x<60,Amer-Indian-Eskimo,Unmarried,Male,Private,0
919,x>67,non-US,x<3,97521<x<209900,60<x<90,Black,Own-child,Male,Without-pay,0
920,28<x<29,non-US,3<x<9,42869<x<75413,30<x<35,Other,Husband,Male,Never-worked,0
921,41<x<55,US,3<x<9,97521<x<209900,x>90,White,Wife,Male,Federal-gov,0
922,35<x<41,US,14<x<15,97521<x<209900,10<x<30,Asian-Pac-Islander,Husband,Female,Without-pay,0
923,x>67,US,3<x<9,210481<x<316820,60<x<90,Amer-Indian-Eskimo,Husband,Male,Self-emp-inc,0
924,x>67,US,3<x<9,210481<x<316820,x<10,Asian-Pac-Islander,Husband,Male,Self-emp-inc,0
925,22<x<24,non-US,x<3,97521<x<209900,x<10,Amer-Indian-Eskimo,Wife,Male,Without-pay,0
926,x>67,non-US,13<x<14,97521<x<209900,44<x<49,Amer-Indian-Eskimo,Not-in-family,Female,Self-emp-not-inc,0
927,x>67,US,3<x<9,97521<x<209900,x<10,White,Wife,Male,Self-emp-inc,0
928,x>67,non-US,3<x<9,97521<x<209900,10<x<30,Other,Husband,Male,Local-gov,0
929,62<x<67,US,12<x<13,97521<x<209900,x>90,Amer-Indian-Eskimo,Not-in-family,Female,Without-pay,0
930,35<x<41,US,x<3,97521<x<209900,44<x<49,Amer-Indian-Eskimo,Other-relative,Female,Without-pay,0
931,31<x<34,US,9<x<11,97521<x<209900,x<10,Other,Other-relative,Female,Local-gov,0
932,29<x<31,non-US,x<3,97521<x<209900,60<x<90,Black,Other-relative,Female,Without-pay,0
933,62<x<67,non-US,9<x<11,210481<x<316820,10<x<30,Asian-Pac-Islander,Own-child,Male,Federal-gov,0
934,x>67,non-US,3<x<9,210481<x<316820,60<x<90,Asian-Pac-Islander,Own-child,Male,Without-pay,0
935,55<x<62,US,x<3,42869<x<75413,x<10,Asian-Pac-Islander,Unmarried,Female,Without-pay,0
936,x>67,non-US,3<x<9,22366<x<37674,38<x<40,Asian-Pac-Islander,Unmarried,Female,Never-worked,0
937,19<x<22,US,9<x<11,76136<x<97521,30<x<35,White,Not-in-family,Female,Never-worked,0
938,x>67,non-US,x<3,210481<x<316820,60<x<90,Amer-Indian-Eskimo,Wife,Female,Federal-gov,0
939,62<x<67,US,3<x<9,x>392849,35<x<38,Amer-Indian-Eskimo,Not-in-family,Male,Self-emp-not-inc,0
940,x>67,non-US,3<x<9,97521<x<209900,x<10,Amer-Indian-Eskimo,Other-relative,Male,Private,0
941,55<x<62,US,x<3,210481<x<316820,60<x<90,Amer-Indian-Eskimo,Wife,Male,Self-emp-not-inc,0
942,62<x<67,US,13<x<14,97521<x<209900,x<10,Asian-Pac-Islander,Other-relative,Male,Self-emp-inc,0
943,x>67,US,x<3,316820<x<392849,x>90,Black,Not-in-family,Male,Federal-gov,0
944,34<x<35,US,x<3,210481<x<316820,10<x<30,Other,Unmarried,Female,Local-gov,0
945,x<19,non-US,12<x<13,97521<x<209900,x>90,Amer-Indian-Eskimo,Other-relative,Male,Self-emp-inc,0
946,x>67,US,3<x<9,97521<x<209900,60<x<90,Asian-Pac-Islander,Unmarried,Female,Self-emp-not-inc,0
947,x>67,US,11<x<12,97521<x<209900,10<x<30,Other,Not-in-family,Male,Local-gov,0
948,x>67,US,3<x<9,76136<x<97521,60<x<90,White,Own-child,Male,Private,0
949,19<x<22,non-US,3<x<9,210481<x<316820,49<x<60,Amer-Indian-Eskimo,Not-in-family,Male,State-gov,0
950,x>67,US,9<x<11,210481<x<316820,30<x<35,Black,Other-relative,Male,Self-emp-inc,0
951,x>67,non-US,3<x<9,97521<x<209900,35<x<38,White,Husband,Male,Local-gov,0
952,31<x<34,US,3<x<9,x>392849,60<x<90,White,Not-in-family,Female,State-gov,0
953,41<x<55,non-US,x<3,97521<x<209900,x>90,Black,Husband,Female,Self-emp-inc,0
954,x>67,non-US,3<x<9,97521<x<209900,10<x<30,White,Other-relative,Female,Self-emp-not-inc,0
955,19<x<22,non-US,13<x<14,210481<x<316820,41<x<42,Other,Own-child,Male,Without-pay,0
956,41<x<55,non-US,3<x<9,42869<x<75413,49<x<60,Black,Wife,Male,Without-pay,0
957,62<x<67,US,3<x<9,210481<x<316820,35<x<38,White,Husband,Male,Private,0
958,41<x<55,non-US,x<3,97521<x<209900,60<x<90,Black,Unmarried,Female,State-gov,0
959,55<x<62,US,x>15,22366<x<37674,10<x<30,Other,Wife,Male,Never-worked,0
960,35<x<41,US,14<x<15,316820<x<392849,60<x<90,Black,Husband,Male,Self-emp-inc,1
961,x>67,US,3<x<9,316820<x<392849,x<10,Black,Wife,Female,State-gov,0
962,41<x<55,non-US,9<x<11,210481<x<316820,49<x<60,White,Not-in-family,Female,Self-emp-inc,0
963,22<x<24,non-US,11<x<12,210481<x<316820,x<10,Black,Own-child,Male,Local-gov,0
964,41<x<55,non-US,3<x<9,97521<x<209900,10<x<30,Asian-Pac-Islander,Own-child,Male,Local-gov,0
965,x>67,non-US,3<x<9,76136<x<97521,x<10,White,Not-in-family,Female,Federal-gov,0
966,55<x<62,non-US,12<x<13,210481<x<316820,60<x<90,Other,Unmarried,Male,Never-worked,0
967,x>67,non-US,3<x<9,42869<x<75413,38<x<40,Other,Unmarried,Male,Never-worked,0
968,x>67,non-US,x>15,22366<x<37674,10<x<30,Asian-Pac-Islander,Wife,Female,Without-pay,0
969,41<x<55,US,3<x<9,76136<x<97521,60<x<90,White,Own-child,Female,Private,0
970,62<x<67,non-US,14<x<15,316820<x<392849,49<x<60,Asian-Pac-Islander,Own-child,Female,Never-worked,1
971,19<x<22,US,13<x<14,316820<x<392849,10<x<30,Asian-Pac-Islander,Wife,Female,State-gov,0
972,x>67,non-US,12<x<13,97521<x<209900,44<x<49,Black,Not-in-family,Male,Self-emp-not-inc,0
973,22<x<24,US,x<3,97521<x<209900,60<x<90,Asian-Pac-Islander,Wife,Female,Self-emp-not-inc,0
974,41<x<55,non-US,3<x<9,97521<x<209900,10<x<30,Asian-Pac-Islander,Husband,Male,Without-pay,0
975,x<19,non-US,11<x<12,210481<x<316820,x<10,Asian-Pac-Islander,Not-in-family,Female,Never-worked,0
976,41<x<55,non-US,3<x<9,42869<x<75413,60<x<90,Amer-Indian-Eskimo,Other-relative,Female,Private,0
977,41<x<55,non-US,9<x<11,210481<x<316820,x<10,White,Own-child,Male,Without-pay,0
978,35<x<41,US,3<x<9,97521<x<209900,49<x<60,White,Own-child,Male,Self-emp-not-inc,0
979,x>67,non-US,3<x<9,97521<x<209900,x>90,Asian-Pac-Islander,Not-in-family,Male,Federal-gov,0
980,41<x<55,non-US,3<x<9,97521<x<209900,10<x<30,Black,Other-relative,Male,State-gov,0
981,41<x<55,US,3<x<9,210481<x<316820,60<x<90,White,Not-in-family,Female,Without-pay,0
982,62<x<67,non-US,x<3,22366<x<37674,60<x<90,Black,Other-relative,Male,Self-emp-not-inc,0
983,x<19,US,3<x<9,97521<x<209900,10<x<30,Asian-Pac-Islander,Unmarried,Male,Federal-gov,0
984,x>67,non-US,13<x<14,210481<x<316820,x>90,Black,Other-relative,Male,Private,0
985,31<x<34,US,13<x<14,97521<x<209900,60<x<90,Amer-Indian-Eskimo,Other-relative,Female,Self-emp-inc,0
986,41<x<55,non-US,3<x<9,37719<x<42869,x>90,Asian-Pac-Islander,Other-relative,Male,Local-gov,0
987,41<x<55,non-US,3<x<9,97521<x<209900,x>90,Other,Unmarried,Female,State-gov,0
988,35<x<41,non-US,9<x<11,76136<x<97521,60<x<90,Black,Wife,Male,Local-gov,0
989,35<x<41,non-US,x<3,97521<x<209900,49<x<60,Other,Not-in-family,Male,Self-emp-not-inc,0
990,x>67,US,12<x<13,97521<x<209900,60<x<90,Asian-Pac-Islander,Unmarried,Male,Federal-gov,0
991,25<x<27,US,x<3,97521<x<209900,x>90,Other,Not-in-family,Female,Without-pay,0
992,31<x<34,US,3<x<9,210481<x<316820,10<x<30,Amer-Indian-Eskimo,Own-child,Female,Federal-gov,0
993,x>67,non-US,x>15,42869<x<75413,x>90,Amer-Indian-Eskimo,Other-relative,Female,Without-pay,0
994,x>67,US,x>15,210481<x<316820,60<x<90,White,Unmarried,Male,Self-emp-not-inc,1
995,41<x<55,non-US,9<x<11,97521<x<209900,60<x<90,Other,Unmarried,Male,Self-emp-inc,0
996,25<x<27,non-US,12<x<13,316820<x<392849,x<10,Asian-Pac-Islander,Husband,Male,Self-emp-inc,0
997,x>67,non-US,13<x<14,97521<x<209900,10<x<30,Amer-Indian-Eskimo,Unmarried,Female,Private,0
998,x>67,non-US,x<3,97521<x<209900,10<x<30,Other,Unmarried,Female,Self-emp-inc,0
999,55<x<62,US,3<x<9,76136<x<97521,60<x<90,Other,Husband,Female,Self-emp-inc,0
