age,workclass,fnlwgt,education,education_num,relationship,race,sex,hours_per_week,native_country,class
39, State_gov,77516, Bachelors,13, Not_in_family, White, Male,40, United_States,LOW
50, Self_emp_not_inc,83311, Bachelors,13, Husband, White, Male,13, United_States,LOW
38, Private,215646, HS_grad,9, Not_in_family, White, Male,40, United_States,LOW
53, Private,234721, 11th,7, Husband, Black, Male,40, United_States,LOW
28, Private,338409, Bachelors,13, Wife, Black, Female,40, Cuba,LOW
37, Private,284582, Masters,14, Wife, White, Female,40, United_States,LOW
49, Private,160187, 9th,5, Not_in_family, Black, Female,16, Jamaica,LOW
52, Self_emp_not_inc,209642, HS_grad,9, Husband, White, Male,45, United_States,HIGH
31, Private,45781, Masters,14, Not_in_family, White, Female,50, United_States,HIGH
42, Private,159449, Bachelors,13, Husband, White, Male,40, United_States,HIGH
37, Private,280464, Some_college,10, Husband, Black, Male,80, United_States,HIGH
30, State_gov,141297, Bachelors,13, Husband, Asian_Pac_Islander, Male,40, India,HIGH
23, Private,122272, Bachelors,13, Own_child, White, Female,30, United_States,LOW
32, Private,205019, Assoc_acdm,12, Not_in_family, Black, Male,50, United_States,LOW
34, Private,245487, 7th_8th,4, Husband, Amer_Indian_Eskimo, Male,45, Mexico,LOW
25, Self_emp_not_inc,176756, HS_grad,9, Own_child, White, Male,35, United_States,LOW
32, Private,186824, HS_grad,9, Unmarried, White, Male,40, United_States,LOW
38, Private,28887, 11th,7, Husband, White, Male,50, United_States,LOW
43, Self_emp_not_inc,292175, Masters,14, Unmarried, White, Female,45, United_States,HIGH
40, Private,193524, Doctorate,16, Husband, White, Male,60, United_States,HIGH
54, Private,302146, HS_grad,9, Unmarried, Black, Female,20, United_States,LOW
35, Federal_gov,76845, 9th,5, Husband, Black, Male,40, United_States,LOW
43, Private,117037, 11th,7, Husband, White, Male,40, United_States,LOW
59, Private,109015, HS_grad,9, Unmarried, White, Female,40, United_States,LOW
56, Local_gov,216851, Bachelors,13, Husband, White, Male,40, United_States,HIGH
19, Private,168294, HS_grad,9, Own_child, White, Male,40, United_States,LOW
39, Private,367260, HS_grad,9, Not_in_family, White, Male,80, United_States,LOW
49, Private,193366, HS_grad,9, Husband, White, Male,40, United_States,LOW
23, Local_gov,190709, Assoc_acdm,12, Not_in_family, White, Male,52, United_States,LOW
20, Private,266015, Some_college,10, Own_child, Black, Male,44, United_States,LOW
45, Private,386940, Bachelors,13, Own_child, White, Male,40, United_States,LOW
30, Federal_gov,59951, Some_college,10, Own_child, White, Male,40, United_States,LOW
22, State_gov,311512, Some_college,10, Husband, Black, Male,15, United_States,LOW
48, Private,242406, 11th,7, Unmarried, White, Male,40, Puerto_Rico,LOW
21, Private,197200, Some_college,10, Own_child, White, Male,40, United_States,LOW
19, Private,544091, HS_grad,9, Wife, White, Female,25, United_States,LOW
48, Self_emp_not_inc,265477, Assoc_acdm,12, Husband, White, Male,40, United_States,LOW
31, Private,507875, 9th,5, Husband, White, Male,43, United_States,LOW
53, Self_emp_not_inc,88506, Bachelors,13, Husband, White, Male,40, United_States,LOW
24, Private,172987, Bachelors,13, Husband, White, Male,50, United_States,LOW
49, Private,94638, HS_grad,9, Unmarried, White, Female,40, United_States,LOW
25, Private,289980, HS_grad,9, Not_in_family, White, Male,35, United_States,LOW
57, Federal_gov,337895, Bachelors,13, Husband, Black, Male,40, United_States,HIGH
53, Private,144361, HS_grad,9, Husband, White, Male,38, United_States,LOW
44, Private,128354, Masters,14, Unmarried, White, Female,40, United_States,LOW
41, State_gov,101603, Assoc_voc,11, Husband, White, Male,40, United_States,LOW
29, Private,271466, Assoc_voc,11, Not_in_family, White, Male,43, United_States,LOW
25, Private,32275, Some_college,10, Wife, Other, Female,40, United_States,LOW
47, Private,51835, Prof_school,15, Wife, White, Female,60, Honduras,HIGH
50, Federal_gov,251585, Bachelors,13, Not_in_family, White, Male,55, United_States,HIGH
47, Self_emp_inc,109832, HS_grad,9, Not_in_family, White, Male,60, United_States,LOW
43, Private,237993, Some_college,10, Husband, White, Male,40, United_States,HIGH
46, Private,216666, 5th_6th,3, Husband, White, Male,40, Mexico,LOW
35, Private,56352, Assoc_voc,11, Husband, White, Male,40, Puerto_Rico,LOW
41, Private,147372, HS_grad,9, Husband, White, Male,48, United_States,LOW
30, Private,188146, HS_grad,9, Husband, White, Male,40, United_States,LOW
30, Private,59496, Bachelors,13, Husband, White, Male,40, United_States,LOW
48, Private,149640, HS_grad,9, Husband, White, Male,40, United_States,LOW
42, Private,116632, Doctorate,16, Husband, White, Male,45, United_States,HIGH
29, Private,105598, Some_college,10, Not_in_family, White, Male,58, United_States,LOW
36, Private,155537, HS_grad,9, Husband, White, Male,40, United_States,LOW
28, Private,183175, Some_college,10, Not_in_family, White, Female,40, United_States,LOW
53, Private,169846, HS_grad,9, Wife, White, Female,40, United_States,HIGH
49, Self_emp_inc,191681, Some_college,10, Husband, White, Male,50, United_States,HIGH
19, Private,101509, Some_college,10, Own_child, White, Male,32, United_States,LOW
31, Private,309974, Bachelors,13, Own_child, Black, Female,40, United_States,LOW
29, Self_emp_not_inc,162298, Bachelors,13, Husband, White, Male,70, United_States,HIGH
23, Private,211678, Some_college,10, Not_in_family, White, Male,40, United_States,LOW
79, Private,124744, Some_college,10, Other_relative, White, Male,20, United_States,LOW
27, Private,213921, HS_grad,9, Own_child, White, Male,40, Mexico,LOW
40, Private,32214, Assoc_acdm,12, Husband, White, Male,40, United_States,LOW
18, Private,309634, 11th,7, Own_child, White, Female,22, United_States,LOW
31, Local_gov,125927, 7th_8th,4, Husband, White, Male,40, United_States,LOW
18, Private,446839, HS_grad,9, Not_in_family, White, Male,30, United_States,LOW
52, Private,276515, Bachelors,13, Husband, White, Male,40, Cuba,LOW
46, Private,51618, HS_grad,9, Wife, White, Female,40, United_States,LOW
59, Private,159937, HS_grad,9, Husband, White, Male,48, United_States,LOW
44, Private,343591, HS_grad,9, Not_in_family, White, Female,40, United_States,HIGH
53, Private,346253, HS_grad,9, Own_child, White, Female,35, United_States,LOW
49, Local_gov,268234, HS_grad,9, Husband, White, Male,40, United_States,HIGH
33, Private,202051, Masters,14, Husband, White, Male,50, United_States,LOW
30, Private,54334, 9th,5, Not_in_family, White, Male,40, United_States,LOW
43, Federal_gov,410867, Doctorate,16, Not_in_family, White, Female,50, United_States,HIGH
57, Private,249977, Assoc_voc,11, Husband, White, Male,40, United_States,LOW
37, Private,286730, Some_college,10, Unmarried, White, Female,40, United_States,LOW
28, Private,212563, Some_college,10, Unmarried, Black, Female,25, United_States,LOW
34, Local_gov,226296, Bachelors,13, Husband, White, Male,40, United_States,HIGH
29, Local_gov,115585, Some_college,10, Not_in_family, White, Male,50, United_States,LOW
48, Self_emp_not_inc,191277, Doctorate,16, Husband, White, Male,60, United_States,HIGH
37, Private,202683, Some_college,10, Husband, White, Male,48, United_States,HIGH
48, Private,171095, Assoc_acdm,12, Unmarried, White, Female,40, England,LOW
32, Federal_gov,249409, HS_grad,9, Own_child, Black, Male,40, United_States,LOW
76, Private,124191, Masters,14, Husband, White, Male,40, United_States,HIGH
44, Private,198282, Bachelors,13, Husband, White, Male,60, United_States,HIGH
47, Self_emp_not_inc,149116, Masters,14, Not_in_family, White, Female,50, United_States,LOW
20, Private,188300, Some_college,10, Own_child, White, Female,40, United_States,LOW
29, Private,103432, HS_grad,9, Not_in_family, White, Male,40, United_States,LOW
32, Self_emp_inc,317660, HS_grad,9, Husband, White, Male,40, United_States,HIGH
30, Private,194901, 11th,7, Own_child, White, Male,40, United_States,LOW
31, Local_gov,189265, HS_grad,9, Not_in_family, White, Female,40, United_States,LOW
42, Private,124692, HS_grad,9, Husband, White, Male,40, United_States,LOW
24, Private,432376, Bachelors,13, Other_relative, White, Male,40, United_States,LOW
38, Private,65324, Prof_school,15, Husband, White, Male,40, United_States,HIGH
56, Self_emp_not_inc,335605, HS_grad,9, Husband, White, Male,50, Canada,HIGH
28, Private,377869, Some_college,10, Wife, White, Female,25, United_States,LOW
36, Private,102864, HS_grad,9, Own_child, White, Female,40, United_States,LOW
53, Private,95647, 9th,5, Husband, White, Male,50, United_States,LOW
56, Self_emp_inc,303090, Some_college,10, Husband, White, Male,50, United_States,LOW
49, Local_gov,197371, Assoc_voc,11, Husband, Black, Male,40, United_States,HIGH
55, Private,247552, Some_college,10, Husband, White, Male,56, United_States,LOW
22, Private,102632, HS_grad,9, Not_in_family, White, Male,41, United_States,LOW
21, Private,199915, Some_college,10, Own_child, White, Female,40, United_States,LOW
40, Private,118853, Bachelors,13, Husband, White, Male,60, United_States,LOW
30, Private,77143, Bachelors,13, Own_child, Black, Male,40, Germany,LOW
29, State_gov,267989, Bachelors,13, Husband, White, Male,50, United_States,HIGH
19, Private,301606, Some_college,10, Own_child, Black, Male,35, United_States,LOW
47, Private,287828, Bachelors,13, Wife, White, Female,40, United_States,HIGH
20, Private,111697, Some_college,10, Own_child, White, Female,28, United_States,LOW
31, Private,114937, Assoc_acdm,12, Husband, White, Male,40, United_States,HIGH
39, Private,365739, Some_college,10, Not_in_family, White, Male,40, United_States,LOW
28, Private,69621, Assoc_acdm,12, Not_in_family, White, Female,60, United_States,LOW
24, Private,43323, HS_grad,9, Not_in_family, White, Female,40, United_States,LOW
38, Self_emp_not_inc,120985, HS_grad,9, Husband, White, Male,35, United_States,LOW
37, Private,254202, Bachelors,13, Husband, White, Male,50, United_States,LOW
46, Private,146195, Assoc_acdm,12, Not_in_family, Black, Female,36, United_States,LOW
38, Federal_gov,125933, Masters,14, Husband, White, Male,40, Iran,HIGH
43, Self_emp_not_inc,56920, HS_grad,9, Husband, White, Male,60, United_States,LOW
27, Private,163127, Assoc_voc,11, Wife, White, Female,35, United_States,LOW
20, Private,34310, Some_college,10, Own_child, White, Male,20, United_States,LOW
49, Private,81973, Some_college,10, Husband, Asian_Pac_Islander, Male,40, United_States,HIGH
61, Self_emp_inc,66614, HS_grad,9, Husband, White, Male,40, United_States,LOW
27, Private,232782, Some_college,10, Own_child, White, Female,40, United_States,LOW
19, Private,316868, Some_college,10, Own_child, White, Male,30, Mexico,LOW
45, Private,196584, Assoc_voc,11, Not_in_family, White, Female,40, United_States,HIGH
70, Private,105376, Some_college,10, Other_relative, White, Male,40, United_States,LOW
31, Private,185814, HS_grad,9, Unmarried, Black, Female,30, United_States,LOW
22, Private,175374, Some_college,10, Husband, White, Male,24, United_States,LOW
36, Private,108293, HS_grad,9, Unmarried, White, Female,24, United_States,LOW
64, Private,181232, 11th,7, Husband, White, Male,40, United_States,LOW
47, Local_gov,186009, Some_college,10, Unmarried, White, Female,38, Mexico,LOW
34, Private,198183, HS_grad,9, Not_in_family, White, Female,40, United_States,LOW
33, Private,163003, Bachelors,13, Other_relative, Asian_Pac_Islander, Female,40, Philippines,LOW
21, Private,296158, HS_grad,9, Own_child, White, Male,35, United_States,LOW
48, Private,187715, HS_grad,9, Husband, White, Male,46, United_States,LOW
23, Private,214542, Bachelors,13, Not_in_family, White, Male,40, United_States,LOW
71, Self_emp_not_inc,494223, Some_college,10, Unmarried, Black, Male,2, United_States,LOW
29, Private,191535, HS_grad,9, Not_in_family, White, Male,60, United_States,LOW
42, Private,228456, Bachelors,13, Other_relative, Black, Male,50, United_States,LOW
25, Private,252752, HS_grad,9, Unmarried, White, Female,40, United_States,LOW
44, Self_emp_inc,78374, Masters,14, Unmarried, Asian_Pac_Islander, Female,40, United_States,LOW
28, Private,88419, HS_grad,9, Not_in_family, Asian_Pac_Islander, Female,40, England,LOW
45, Self_emp_not_inc,201080, Masters,14, Husband, White, Male,40, United_States,HIGH
36, Private,207157, Some_college,10, Unmarried, White, Female,40, Mexico,LOW
39, Federal_gov,235485, Assoc_acdm,12, Not_in_family, White, Male,42, United_States,LOW
46, State_gov,102628, Masters,14, Unmarried, White, Male,40, United_States,LOW
18, Private,25828, 11th,7, Own_child, White, Male,16, United_States,LOW
66, Local_gov,54826, Assoc_voc,11, Not_in_family, White, Female,20, United_States,LOW
27, Private,124953, HS_grad,9, Not_in_family, White, Male,40, United_States,LOW
28, State_gov,175325, HS_grad,9, Husband, White, Male,40, United_States,LOW
51, Private,96062, Some_college,10, Husband, White, Male,40, United_States,HIGH
27, Private,428030, Bachelors,13, Not_in_family, White, Male,50, United_States,LOW
28, State_gov,149624, Bachelors,13, Husband, White, Male,40, United_States,HIGH
27, Private,253814, HS_grad,9, Unmarried, White, Female,25, United_States,LOW
21, Private,312956, HS_grad,9, Own_child, Black, Male,40, United_States,LOW
34, Private,483777, HS_grad,9, Not_in_family, Black, Male,40, United_States,LOW
18, Private,183930, HS_grad,9, Own_child, White, Male,12, United_States,LOW
33, Private,37274, Bachelors,13, Husband, White, Male,65, United_States,LOW
44, Local_gov,181344, Some_college,10, Husband, Black, Male,38, United_States,HIGH
43, Private,114580, Some_college,10, Not_in_family, White, Female,40, United_States,LOW
30, Private,633742, Some_college,10, Not_in_family, Black, Male,45, United_States,LOW
40, Private,286370, 7th_8th,4, Husband, White, Male,40, Mexico,HIGH
37, Federal_gov,29054, Some_college,10, Husband, White, Male,42, United_States,HIGH
34, Private,304030, HS_grad,9, Husband, Black, Male,40, United_States,LOW
41, Self_emp_not_inc,143129, Bachelors,13, Not_in_family, White, Female,40, United_States,LOW
31, Private,99928, Masters,14, Wife, White, Female,50, United_States,LOW
58, State_gov,109567, Doctorate,16, Husband, White, Male,1, United_States,HIGH
38, Private,155222, Some_college,10, Not_in_family, Black, Female,28, United_States,LOW
24, Private,159567, Some_college,10, Husband, White, Male,40, United_States,LOW
41, Local_gov,523910, Bachelors,13, Husband, Black, Male,40, United_States,LOW
47, Private,120939, Some_college,10, Husband, White, Male,45, United_States,LOW
41, Federal_gov,130760, Bachelors,13, Husband, White, Male,24, United_States,LOW
23, Private,197387, 5th_6th,3, Other_relative, White, Male,40, Mexico,LOW
36, Private,99374, Some_college,10, Not_in_family, White, Male,40, United_States,LOW
40, Federal_gov,56795, Masters,14, Not_in_family, White, Female,55, United_States,HIGH
35, Private,138992, Masters,14, Other_relative, White, Male,40, United_States,HIGH
24, Self_emp_not_inc,32921, HS_grad,9, Not_in_family, White, Male,40, United_States,LOW
26, Private,397317, Masters,14, Not_in_family, White, Female,40, United_States,LOW
51, Private,259323, Bachelors,13, Husband, White, Male,50, United_States,HIGH
42, Local_gov,254817, Some_college,10, Not_in_family, White, Female,40, United_States,LOW
37, State_gov,48211, HS_grad,9, Unmarried, White, Female,35, United_States,LOW
18, Private,140164, 11th,7, Own_child, White, Female,40, United_States,LOW
36, Private,128757, Bachelors,13, Husband, Black, Male,36, United_States,HIGH
35, Private,36270, HS_grad,9, Not_in_family, White, Male,60, United_States,LOW
58, Self_emp_inc,210563, HS_grad,9, Wife, White, Female,35, United_States,HIGH
17, Private,65368, 11th,7, Own_child, White, Female,12, United_States,LOW
44, Local_gov,160943, HS_grad,9, Husband, Black, Male,40, United_States,LOW
37, Private,208358, HS_grad,9, Husband, White, Male,40, United_States,HIGH
35, Private,153790, Some_college,10, Not_in_family, Amer_Indian_Eskimo, Female,40, United_States,LOW
60, Private,85815, HS_grad,9, Husband, Asian_Pac_Islander, Male,40, United_States,LOW
54, Self_emp_inc,125417, 7th_8th,4, Husband, White, Male,40, United_States,HIGH
37, Private,635913, Bachelors,13, Not_in_family, Black, Male,60, United_States,HIGH
50, Private,313321, Assoc_acdm,12, Not_in_family, White, Female,40, United_States,LOW
38, Private,182609, Bachelors,13, Husband, White, Male,50, Poland,LOW
45, Private,109434, Bachelors,13, Husband, White, Male,55, United_States,LOW
25, Private,255004, 10th,6, Not_in_family, White, Male,40, United_States,LOW
31, Private,197860, Some_college,10, Husband, White, Male,40, United_States,LOW
90, Private,51744, HS_grad,9, Not_in_family, Black, Male,40, United_States,LOW
54, Private,176681, HS_grad,9, Husband, Black, Male,20, United_States,LOW
53, Local_gov,140359, Preschool,1, Not_in_family, White, Female,35, United_States,LOW
18, Private,243313, HS_grad,9, Own_child, White, Female,40, United_States,LOW
66, Self_emp_not_inc,167687, HS_grad,9, Husband, White, Male,50, United_States,LOW
75, Private,314209, Assoc_voc,11, Not_in_family, White, Female,20, Columbia,LOW
65, Private,176796, HS_grad,9, Not_in_family, White, Female,40, United_States,LOW
35, Private,538583, 11th,7, Not_in_family, Black, Male,40, United_States,LOW
41, Private,130408, HS_grad,9, Unmarried, Black, Female,38, United_States,LOW
25, Private,159732, Some_college,10, Not_in_family, White, Male,42, United_States,LOW
33, Private,110978, Some_college,10, Other_relative, Other, Female,40, United_States,LOW
28, Private,76714, Prof_school,15, Not_in_family, White, Male,55, United_States,HIGH
59, State_gov,268700, HS_grad,9, Husband, White, Male,40, United_States,LOW
40, State_gov,170525, Some_college,10, Not_in_family, White, Female,38, United_States,LOW
41, Private,180138, Bachelors,13, Husband, White, Male,50, Iran,HIGH
38, Local_gov,115076, Masters,14, Husband, White, Male,70, United_States,HIGH
23, Private,115458, HS_grad,9, Own_child, White, Male,40, United_States,LOW
40, Private,347890, Bachelors,13, Husband, White, Male,40, United_States,HIGH
41, Self_emp_not_inc,196001, HS_grad,9, Wife, White, Female,20, United_States,LOW
24, State_gov,273905, Assoc_acdm,12, Husband, White, Male,50, United_States,LOW
38, Private,179488, Some_college,10, Not_in_family, White, Male,40, United_States,LOW
58, Private,236596, HS_grad,9, Husband, White, Male,45, United_States,HIGH
32, Private,183916, HS_grad,9, Not_in_family, White, Female,34, United_States,LOW
40, Private,207578, Assoc_acdm,12, Husband, White, Male,60, United_States,HIGH
41, Private,112763, Prof_school,15, Wife, White, Female,40, United_States,HIGH
42, Private,390781, Bachelors,13, Wife, Black, Female,40, United_States,LOW
59, Local_gov,171328, 10th,6, Unmarried, Black, Female,30, United_States,LOW
19, Local_gov,27382, Some_college,10, Own_child, White, Male,40, United_States,LOW
58, Private,259014, Some_college,10, Not_in_family, White, Male,20, United_States,LOW
42, Self_emp_not_inc,303044, HS_grad,9, Husband, Asian_Pac_Islander, Male,40, Cambodia,HIGH
20, Private,117789, HS_grad,9, Own_child, White, Female,40, United_States,LOW
32, Private,172579, HS_grad,9, Not_in_family, White, Female,30, United_States,LOW
45, Private,187666, Assoc_voc,11, Not_in_family, White, Female,45, United_States,LOW
50, Private,204518, 7th_8th,4, Not_in_family, White, Male,40, United_States,LOW
36, Private,150042, Bachelors,13, Own_child, White, Female,40, United_States,LOW
45, Private,98092, HS_grad,9, Husband, White, Male,60, United_States,LOW
17, Private,245918, 11th,7, Own_child, White, Male,12, United_States,LOW
59, Private,146013, Some_college,10, Husband, White, Male,40, United_States,LOW
26, Private,378322, 11th,7, Husband, White, Male,40, United_States,LOW
37, Self_emp_inc,257295, Some_college,10, Husband, Asian_Pac_Islander, Male,75, Thailand,HIGH
64, Private,21174, HS_grad,9, Husband, White, Male,40, United_States,HIGH
33, Private,185480, Bachelors,13, Not_in_family, White, Female,45, United_States,LOW
33, Private,222205, HS_grad,9, Wife, White, Female,40, United_States,HIGH
61, Private,69867, HS_grad,9, Husband, White, Male,40, United_States,HIGH
17, Private,191260, 9th,5, Own_child, White, Male,24, United_States,LOW
50, Self_emp_not_inc,30653, Masters,14, Husband, White, Male,98, United_States,LOW
27, Local_gov,209109, Masters,14, Own_child, White, Male,35, United_States,LOW
30, Private,70377, HS_grad,9, Own_child, White, Female,40, United_States,LOW
43, Private,477983, HS_grad,9, Husband, Black, Male,40, United_States,LOW
44, Private,170924, Some_college,10, Husband, White, Male,40, United_States,HIGH
35, Private,190174, Some_college,10, Not_in_family, White, Female,40, United_States,LOW
25, Private,193787, Some_college,10, Own_child, White, Female,40, United_States,LOW
24, Private,279472, Some_college,10, Wife, White, Female,48, United_States,HIGH
22, Private,34918, Bachelors,13, Not_in_family, White, Female,15, Germany,LOW
42, Local_gov,97688, Some_college,10, Husband, White, Male,40, United_States,HIGH
34, Private,175413, Assoc_acdm,12, Unmarried, Black, Female,45, United_States,LOW
60, Private,173960, Bachelors,13, Not_in_family, White, Female,42, United_States,LOW
21, Private,205759, HS_grad,9, Own_child, White, Male,40, United_States,LOW
57, Federal_gov,425161, Masters,14, Husband, White, Male,40, United_States,HIGH
41, Private,220531, Prof_school,15, Husband, White, Male,60, United_States,HIGH
50, Private,176609, Some_college,10, Not_in_family, White, Male,45, United_States,LOW
25, Private,371987, Bachelors,13, Not_in_family, White, Female,40, United_States,LOW
50, Private,193884, 7th_8th,4, Husband, White, Male,40, Ecuador,LOW
36, Private,200352, Bachelors,13, Husband, White, Male,45, United_States,LOW
31, Private,127595, HS_grad,9, Not_in_family, White, Female,40, United_States,LOW
29, Local_gov,220419, Bachelors,13, Not_in_family, White, Male,56, United_States,LOW
21, Private,231931, Some_college,10, Own_child, White, Male,45, United_States,LOW
27, Private,248402, Bachelors,13, Unmarried, Black, Female,40, United_States,LOW
65, Private,111095, HS_grad,9, Husband, White, Male,16, United_States,LOW
37, Self_emp_inc,57424, Bachelors,13, Not_in_family, White, Female,60, United_States,LOW
24, Private,278130, HS_grad,9, Own_child, White, Male,40, United_States,LOW
38, Private,169469, HS_grad,9, Not_in_family, White, Male,80, United_States,LOW
48, Private,146268, Bachelors,13, Husband, White, Male,40, United_States,HIGH
21, Private,153718, Some_college,10, Not_in_family, Asian_Pac_Islander, Female,25, United_States,LOW
31, Private,217460, HS_grad,9, Husband, White, Male,45, United_States,HIGH
55, Private,238638, HS_grad,9, Husband, White, Male,40, United_States,HIGH
24, Private,303296, Some_college,10, Wife, Asian_Pac_Islander, Female,40, Laos,LOW
43, Private,173321, HS_grad,9, Not_in_family, White, Female,40, United_States,LOW
26, Private,193945, Assoc_acdm,12, Not_in_family, White, Male,45, United_States,LOW
46, Private,83082, Assoc_acdm,12, Not_in_family, White, Female,33, United_States,LOW
35, Private,193815, Assoc_acdm,12, Husband, White, Male,40, United_States,HIGH
41, Self_emp_inc,34987, Some_college,10, Husband, White, Male,54, United_States,HIGH
26, Private,59306, Bachelors,13, Not_in_family, White, Male,40, United_States,LOW
34, Private,142897, Masters,14, Husband, Asian_Pac_Islander, Male,35, Taiwan,HIGH
36, Self_emp_not_inc,205607, Bachelors,13, Not_in_family, Black, Female,40, United_States,HIGH
22, Private,199698, Some_college,10, Own_child, White, Male,15, United_States,LOW
24, Private,191954, Some_college,10, Not_in_family, White, Male,40, United_States,LOW
77, Self_emp_not_inc,138714, Some_college,10, Husband, White, Male,40, United_States,LOW
22, Private,399087, 5th_6th,3, Other_relative, White, Female,40, Mexico,LOW
29, Private,423158, Some_college,10, Not_in_family, White, Female,40, United_States,LOW
62, Private,159841, HS_grad,9, Not_in_family, White, Female,24, United_States,LOW
39, Self_emp_not_inc,174308, HS_grad,9, Husband, White, Male,40, United_States,LOW
43, Private,50356, Some_college,10, Husband, White, Male,50, United_States,LOW
35, Private,186110, HS_grad,9, Not_in_family, White, Male,45, United_States,LOW
29, Private,200381, 11th,7, Not_in_family, White, Female,40, United_States,LOW
76, Self_emp_not_inc,174309, Masters,14, Husband, White, Male,10, United_States,LOW
63, Self_emp_not_inc,78383, HS_grad,9, Husband, White, Male,45, United_States,LOW
43, Private,187728, Some_college,10, Wife, White, Female,50, United_States,HIGH
58, Self_emp_not_inc,321171, HS_grad,9, Husband, White, Male,40, United_States,LOW
66, Private,127921, HS_grad,9, Not_in_family, White, Male,55, United_States,LOW
41, Private,206565, Some_college,10, Not_in_family, Black, Male,45, United_States,LOW
26, Private,224563, Bachelors,13, Not_in_family, White, Male,40, United_States,LOW
47, Private,178686, Assoc_voc,11, Not_in_family, White, Male,40, United_States,LOW
55, Local_gov,98545, 10th,6, Husband, White, Male,40, United_States,LOW
53, Private,242606, HS_grad,9, Husband, White, Male,40, United_States,LOW
17, Private,270942, 5th_6th,3, Other_relative, White, Male,48, Mexico,LOW
30, Private,94235, HS_grad,9, Other_relative, White, Male,40, United_States,LOW
49, Private,71195, Masters,14, Not_in_family, White, Male,60, United_States,LOW
19, Private,104112, HS_grad,9, Unmarried, Black, Male,30, Haiti,LOW
45, Private,261192, HS_grad,9, Husband, Black, Male,40, United_States,LOW
26, Private,94936, Assoc_acdm,12, Not_in_family, White, Male,40, United_States,LOW
38, Private,296478, Assoc_voc,11, Husband, White, Male,40, United_States,HIGH
36, State_gov,119272, HS_grad,9, Husband, White, Male,40, United_States,HIGH
33, Private,85043, HS_grad,9, Not_in_family, White, Male,20, United_States,LOW
22, State_gov,293364, Some_college,10, Own_child, Black, Female,40, United_States,LOW
43, Self_emp_not_inc,241895, Bachelors,13, Not_in_family, White, Male,42, United_States,LOW
56, Private,101128, Assoc_acdm,12, Not_in_family, White, Male,25, Iran,LOW
31, Private,156464, Bachelors,13, Own_child, White, Male,25, United_States,LOW
33, Private,117963, Bachelors,13, Husband, White, Male,40, United_States,HIGH
26, Private,192262, HS_grad,9, Husband, White, Male,40, United_States,LOW
33, Private,111363, Bachelors,13, Husband, White, Male,40, United_States,HIGH
46, Local_gov,329752, 11th,7, Husband, White, Male,30, United_States,LOW
38, Federal_gov,95432, HS_grad,9, Husband, White, Male,40, United_States,HIGH
65, Private,161400, 11th,7, Unmarried, Other, Male,40, United_States,LOW
40, Private,96129, Assoc_voc,11, Husband, White, Male,40, United_States,HIGH
42, Private,111949, HS_grad,9, Wife, White, Female,35, United_States,LOW
26, Self_emp_not_inc,117125, 9th,5, Husband, White, Male,40, Portugal,LOW
36, Private,348022, 10th,6, Wife, White, Female,24, United_States,LOW
62, Private,270092, Masters,14, Husband, White, Male,40, United_States,HIGH
43, Private,180609, Bachelors,13, Husband, White, Male,45, United_States,LOW
43, Private,174575, Bachelors,13, Not_in_family, White, Male,45, United_States,HIGH
22, Private,410439, HS_grad,9, Not_in_family, White, Male,55, United_States,LOW
28, Private,92262, HS_grad,9, Husband, White, Male,40, United_States,LOW
56, Self_emp_not_inc,183081, Some_college,10, Husband, White, Male,45, United_States,LOW
22, Private,362589, Assoc_acdm,12, Not_in_family, White, Female,15, United_States,LOW
57, Private,212448, Bachelors,13, Not_in_family, White, Female,45, United_States,HIGH
39, Private,481060, HS_grad,9, Unmarried, White, Female,40, United_States,LOW
26, Federal_gov,185885, Some_college,10, Unmarried, White, Female,15, United_States,LOW
17, Private,89821, 11th,7, Own_child, White, Male,10, United_States,LOW
40, State_gov,184018, Assoc_voc,11, Husband, White, Male,38, United_States,HIGH
45, Private,256649, HS_grad,9, Husband, Black, Male,40, United_States,LOW
44, Private,160323, HS_grad,9, Not_in_family, Black, Male,40, United_States,LOW
20, Local_gov,350845, Some_college,10, Own_child, White, Female,10, United_States,LOW
33, Private,267404, HS_grad,9, Wife, White, Female,40, United_States,LOW
23, Private,35633, Some_college,10, Not_in_family, White, Male,40, United_States,LOW
46, Self_emp_not_inc,80914, Masters,14, Not_in_family, White, Male,30, United_States,LOW
38, Private,172927, HS_grad,9, Husband, White, Male,50, United_States,LOW
54, Private,174319, HS_grad,9, Not_in_family, White, Male,40, United_States,LOW
46, Private,214955, 5th_6th,3, Not_in_family, White, Female,45, United_States,LOW
25, Private,344991, Some_college,10, Husband, White, Male,40, United_States,LOW
46, Private,108699, Some_college,10, Not_in_family, White, Female,40, United_States,LOW
36, Local_gov,117312, Some_college,10, Wife, White, Female,40, United_States,LOW
23, Private,396099, HS_grad,9, Not_in_family, White, Female,25, United_States,LOW
29, Private,134152, HS_grad,9, Not_in_family, White, Male,40, United_States,LOW
44, Private,162028, Some_college,10, Wife, White, Female,6, United_States,HIGH
19, Private,25429, Some_college,10, Own_child, White, Female,16, United_States,LOW
19, Private,232392, HS_grad,9, Other_relative, White, Female,40, United_States,LOW
35, Private,220098, HS_grad,9, Wife, White, Female,40, United_States,HIGH
27, Private,301302, Bachelors,13, Not_in_family, White, Male,50, United_States,LOW
46, Self_emp_not_inc,277946, Assoc_acdm,12, Not_in_family, White, Male,40, United_States,LOW
34, Private,196164, HS_grad,9, Not_in_family, White, Female,35, United_States,LOW
44, Private,115562, Some_college,10, Husband, White, Male,40, United_States,LOW
45, Private,96975, Some_college,10, Unmarried, White, Female,40, United_States,LOW
25, Private,86872, Bachelors,13, Husband, White, Male,55, United_States,HIGH
52, Self_emp_inc,132178, Bachelors,13, Husband, White, Male,50, United_States,HIGH
20, Private,416103, Some_college,10, Own_child, White, Male,40, United_States,LOW
28, Private,108574, Some_college,10, Not_in_family, White, Female,40, United_States,LOW
50, State_gov,288353, Bachelors,13, Husband, White, Male,40, United_States,HIGH
34, Private,227689, Assoc_voc,11, Not_in_family, White, Female,64, United_States,LOW
28, Private,166481, 7th_8th,4, Husband, Other, Male,40, Puerto_Rico,LOW
41, Private,445382, Masters,14, Husband, White, Male,65, United_States,HIGH
28, Private,110145, HS_grad,9, Husband, White, Male,40, United_States,LOW
46, Self_emp_not_inc,317253, HS_grad,9, Husband, White, Male,25, United_States,LOW
32, Private,364657, Some_college,10, Husband, White, Male,50, United_States,LOW
41, Local_gov,42346, Some_college,10, Not_in_family, Black, Female,24, United_States,LOW
24, Private,241951, HS_grad,9, Unmarried, Black, Female,40, United_States,LOW
33, Private,118500, Some_college,10, Unmarried, White, Female,40, United_States,LOW
46, Private,188386, Doctorate,16, Husband, White, Male,60, United_States,HIGH
31, State_gov,1033222, Some_college,10, Husband, White, Male,40, United_States,LOW
35, Private,92440, 12th,8, Not_in_family, White, Male,50, United_States,HIGH
52, Private,190762, 1st_4th,2, Husband, White, Male,40, Mexico,LOW
30, Private,426017, 11th,7, Own_child, White, Female,19, United_States,LOW
34, Local_gov,243867, 11th,7, Not_in_family, Black, Male,40, United_States,LOW
34, State_gov,240283, HS_grad,9, Unmarried, White, Female,40, United_States,LOW
20, Private,61777, Some_college,10, Husband, White, Male,30, United_States,LOW
17, Private,175024, 11th,7, Own_child, White, Male,18, United_States,LOW
32, State_gov,92003, Bachelors,13, Wife, White, Female,40, United_States,HIGH
29, Private,188401, HS_grad,9, Not_in_family, White, Male,40, United_States,LOW
33, Private,228528, 10th,6, Unmarried, White, Female,35, United_States,LOW
25, Private,133373, HS_grad,9, Husband, White, Male,60, United_States,LOW
36, Federal_gov,255191, Masters,14, Not_in_family, White, Male,40, United_States,LOW
23, Private,204653, HS_grad,9, Not_in_family, White, Male,72, Dominican_Republic,LOW
63, Self_emp_inc,222289, HS_grad,9, Husband, White, Male,40, United_States,HIGH
47, Local_gov,287480, Masters,14, Husband, White, Male,40, United_States,LOW
40, Self_emp_not_inc,204116, Bachelors,13, Not_in_family, White, Female,40, United_States,LOW
30, Private,29662, Assoc_acdm,12, Wife, White, Female,25, United_States,HIGH
27, Private,116358, Some_college,10, Own_child, Asian_Pac_Islander, Male,40, Philippines,LOW
33, Private,208405, Masters,14, Husband, White, Male,50, United_States,HIGH
34, Local_gov,284843, HS_grad,9, Not_in_family, Black, Male,60, United_States,LOW
34, Local_gov,117018, Some_college,10, Not_in_family, White, Female,40, United_States,LOW
23, Private,81281, Some_college,10, Husband, White, Male,40, United_States,LOW
42, Local_gov,340148, Some_college,10, Wife, White, Female,40, United_States,LOW
29, Private,363425, Bachelors,13, Not_in_family, White, Male,40, United_States,LOW
45, Private,45857, HS_grad,9, Not_in_family, White, Female,28, United_States,LOW
24, Federal_gov,191073, HS_grad,9, Own_child, White, Male,40, United_States,LOW
44, Private,116632, Some_college,10, Husband, White, Male,40, United_States,HIGH
27, Private,405855, 9th,5, Other_relative, White, Male,40, Mexico,LOW
20, Private,298227, Some_college,10, Not_in_family, White, Male,35, United_States,LOW
44, Private,290521, HS_grad,9, Unmarried, Black, Female,40, United_States,LOW
51, Private,56915, HS_grad,9, Husband, Amer_Indian_Eskimo, Male,40, United_States,LOW
20, Private,146538, HS_grad,9, Husband, White, Male,40, United_States,LOW
19, Private,206399, HS_grad,9, Own_child, Black, Female,40, United_States,LOW
45, Self_emp_inc,197332, Some_college,10, Husband, White, Male,55, United_States,HIGH
60, Private,245062, HS_grad,9, Husband, White, Male,40, United_States,HIGH
44, Self_emp_not_inc,234885, HS_grad,9, Wife, White, Female,40, United_States,HIGH
40, Private,72887, Assoc_voc,11, Husband, Asian_Pac_Islander, Male,40, United_States,HIGH
30, Private,180374, HS_grad,9, Wife, White, Female,40, United_States,LOW
38, Private,351299, Some_college,10, Husband, Black, Male,50, United_States,LOW
23, Private,54012, HS_grad,9, Husband, White, Male,60, United_States,LOW
44, Private,116632, Assoc_acdm,12, Own_child, White, Male,40, United_States,LOW
54, Local_gov,288825, HS_grad,9, Husband, Black, Male,40, United_States,LOW
32, Private,132601, Bachelors,13, Husband, White, Male,50, United_States,LOW
50, Private,193374, 1st_4th,2, Unmarried, White, Male,40, United_States,LOW
24, Private,170070, Bachelors,13, Not_in_family, White, Female,20, United_States,LOW
37, Private,126708, HS_grad,9, Wife, White, Female,60, United_States,LOW
52, Private,35598, HS_grad,9, Unmarried, White, Male,40, United_States,LOW
38, Private,33983, Some_college,10, Husband, White, Male,40, United_States,LOW
49, Private,192776, Masters,14, Husband, White, Male,45, United_States,HIGH
30, Private,118551, Bachelors,13, Wife, White, Female,16, United_States,HIGH
60, Private,201965, Some_college,10, Unmarried, White, Male,40, United_States,HIGH
35, Private,285020, HS_grad,9, Not_in_family, White, Male,40, United_States,LOW
30, Private,303990, HS_grad,9, Not_in_family, White, Male,60, United_States,LOW
67, Private,49401, Assoc_voc,11, Not_in_family, White, Female,24, United_States,LOW
46, Private,279196, Bachelors,13, Not_in_family, White, Female,40, United_States,LOW
17, Private,211870, 9th,5, Not_in_family, White, Male,6, United_States,LOW
22, Private,281432, Some_college,10, Own_child, White, Male,30, United_States,LOW
27, Private,161155, 10th,6, Not_in_family, White, Male,40, United_States,LOW
23, Private,197904, HS_grad,9, Unmarried, White, Female,35, United_States,LOW
33, Private,111746, Assoc_acdm,12, Husband, White, Male,45, Portugal,LOW
43, Self_emp_not_inc,170721, Some_college,10, Husband, White, Male,20, United_States,LOW
28, State_gov,70100, Bachelors,13, Not_in_family, White, Male,20, United_States,LOW
41, Private,193626, HS_grad,9, Unmarried, White, Female,40, United_States,LOW
25, Private,189775, Some_college,10, Own_child, Black, Female,20, United_States,LOW
59, Local_gov,286967, HS_grad,9, Husband, White, Male,45, United_States,LOW
45, Local_gov,164427, Bachelors,13, Unmarried, White, Female,40, United_States,LOW
38, Private,91039, Bachelors,13, Husband, White, Male,60, United_States,HIGH
40, Private,347934, HS_grad,9, Not_in_family, White, Female,35, United_States,LOW
46, Federal_gov,371373, HS_grad,9, Not_in_family, White, Male,40, United_States,LOW
35, Private,32220, Assoc_acdm,12, Not_in_family, White, Female,60, United_States,LOW
34, Private,187251, HS_grad,9, Unmarried, White, Female,25, United_States,LOW
33, Private,178107, Bachelors,13, Own_child, White, Male,20, United_States,LOW
41, Private,343121, HS_grad,9, Unmarried, White, Female,36, United_States,LOW
20, Private,262749, Some_college,10, Own_child, White, Male,40, United_States,LOW
23, Private,403107, 5th_6th,3, Own_child, White, Male,40, El_Salvador,LOW
26, Private,64293, Some_college,10, Not_in_family, White, Female,35, United_States,LOW
23, Local_gov,324960, HS_grad,9, Not_in_family, White, Male,40, Poland,LOW
62, Local_gov,114060, HS_grad,9, Husband, White, Male,40, United_States,LOW
52, Private,48925, Some_college,10, Husband, White, Male,40, United_States,LOW
58, Private,180980, Some_college,10, Unmarried, White, Female,42, France,LOW
25, Private,181054, Bachelors,13, Not_in_family, White, Female,40, United_States,LOW
24, Private,388093, Bachelors,13, Not_in_family, Black, Male,40, United_States,LOW
19, Private,249609, Some_college,10, Own_child, White, Male,8, United_States,LOW
43, Private,112131, Some_college,10, Husband, White, Male,40, United_States,LOW
47, Local_gov,543162, HS_grad,9, Unmarried, Black, Female,40, United_States,LOW
39, Private,91996, HS_grad,9, Unmarried, White, Female,40, United_States,LOW
49, Private,141944, Assoc_voc,11, Unmarried, White, Male,42, United_States,LOW
32, Private,37070, Assoc_voc,11, Not_in_family, White, Male,45, United_States,LOW
34, Private,337587, Some_college,10, Husband, White, Male,50, United_States,HIGH
28, Private,189346, HS_grad,9, Not_in_family, White, Male,45, United_States,LOW
25, Private,267044, Some_college,10, Not_in_family, Amer_Indian_Eskimo, Female,20, United_States,LOW
34, Private,108116, Bachelors,13, Husband, White, Male,50, United_States,HIGH
38, Self_emp_inc,99146, Bachelors,13, Husband, White, Male,80, United_States,HIGH
50, Private,196232, HS_grad,9, Husband, White, Male,50, United_States,HIGH
24, Local_gov,248344, Some_college,10, Not_in_family, Black, Male,50, United_States,LOW
37, Local_gov,186035, Some_college,10, Husband, White, Male,45, United_States,HIGH
44, Private,177905, Some_college,10, Unmarried, White, Male,58, United_States,HIGH
28, Private,85812, Some_college,10, Wife, White, Female,40, United_States,LOW
42, Private,221172, Bachelors,13, Husband, White, Male,40, United_States,HIGH
74, Private,99183, Some_college,10, Not_in_family, White, Female,9, United_States,LOW
38, Self_emp_not_inc,190387, HS_grad,9, Husband, White, Male,50, United_States,LOW
44, Self_emp_not_inc,202692, Masters,14, Husband, White, Male,40, United_States,LOW
44, Private,109339, 11th,7, Unmarried, Other, Female,46, Puerto_Rico,LOW
26, Private,108658, HS_grad,9, Not_in_family, White, Male,40, United_States,LOW
36, Private,197202, HS_grad,9, Husband, Black, Male,40, United_States,LOW
41, Private,101739, Assoc_acdm,12, Wife, White, Female,50, United_States,HIGH
67, Private,231559, Prof_school,15, Husband, White, Male,48, United_States,HIGH
39, Local_gov,207853, 12th,8, Husband, White, Male,50, United_States,LOW
57, Private,190942, 1st_4th,2, Not_in_family, Black, Female,30, United_States,LOW
29, Private,102345, Assoc_voc,11, Not_in_family, White, Male,40, United_States,LOW
31, Self_emp_inc,41493, Bachelors,13, Not_in_family, White, Female,45, United_States,LOW
44, Private,210525, Some_college,10, Husband, White, Male,40, United_States,LOW
29, Private,133937, Doctorate,16, Own_child, White, Male,40, United_States,LOW
30, Private,237903, Some_college,10, Unmarried, White, Female,40, United_States,LOW
27, Private,163862, HS_grad,9, Not_in_family, White, Male,40, United_States,LOW
27, Private,201872, Some_college,10, Husband, White, Male,50, United_States,LOW
32, Private,84179, HS_grad,9, Not_in_family, White, Female,45, United_States,LOW
58, Private,51662, 10th,6, Wife, White, Female,8, United_States,LOW
35, Local_gov,233327, Some_college,10, Husband, White, Male,40, United_States,LOW
21, Private,259510, HS_grad,9, Own_child, White, Male,36, United_States,LOW
28, Private,184831, Some_college,10, Unmarried, White, Male,40, United_States,LOW
46, Self_emp_not_inc,245724, Some_college,10, Not_in_family, White, Male,50, United_States,LOW
36, Self_emp_not_inc,27053, HS_grad,9, Unmarried, White, Female,40, United_States,LOW
72, Private,205343, 11th,7, Unmarried, White, Female,40, United_States,LOW
35, Private,229328, HS_grad,9, Wife, Black, Female,40, United_States,LOW
33, Federal_gov,319560, Assoc_voc,11, Unmarried, Black, Female,40, United_States,HIGH
69, Private,136218, 11th,7, Not_in_family, White, Female,40, United_States,LOW
35, Private,54576, HS_grad,9, Husband, White, Male,40, United_States,LOW
34, Private,148291, HS_grad,9, Wife, White, Female,32, United_States,LOW
30, Private,152453, 11th,7, Husband, White, Male,40, Mexico,LOW
28, Private,114053, Bachelors,13, Not_in_family, White, Male,55, United_States,LOW
54, Private,212960, Bachelors,13, Husband, White, Male,35, United_States,HIGH
47, Private,264052, Some_college,10, Husband, White, Male,50, United_States,HIGH
24, Private,82804, HS_grad,9, Unmarried, Black, Female,40, United_States,LOW
52, Self_emp_not_inc,334273, Bachelors,13, Husband, White, Male,60, United_States,HIGH
20, Private,27337, HS_grad,9, Own_child, Amer_Indian_Eskimo, Male,48, United_States,LOW
43, Self_emp_inc,188436, Masters,14, Husband, White, Male,45, United_States,LOW
45, Private,433665, 7th_8th,4, Unmarried, White, Female,40, Mexico,LOW
29, Self_emp_not_inc,110663, HS_grad,9, Not_in_family, White, Male,35, United_States,LOW
47, Private,87490, Masters,14, Unmarried, White, Male,42, United_States,LOW
24, Private,354351, HS_grad,9, Own_child, White, Male,40, United_States,LOW
51, Private,95469, HS_grad,9, Husband, White, Male,40, United_States,LOW
17, Private,242718, 11th,7, Own_child, White, Male,12, United_States,LOW
37, Private,22463, Assoc_voc,11, Husband, White, Male,40, United_States,HIGH
27, Private,158156, Doctorate,16, Not_in_family, White, Female,70, United_States,LOW
29, Private,350162, Bachelors,13, Wife, White, Male,40, United_States,HIGH
36, Self_emp_not_inc,28738, Assoc_acdm,12, Unmarried, White, Female,35, United_States,LOW
58, Local_gov,283635, Bachelors,13, Not_in_family, White, Female,40, United_States,LOW
26, Self_emp_not_inc,86646, Some_college,10, Husband, White, Male,45, United_States,LOW
57, Private,69884, HS_grad,9, Husband, White, Male,40, United_States,HIGH
59, Private,199713, HS_grad,9, Husband, White, Male,40, United_States,LOW
27, Private,181659, HS_grad,9, Husband, White, Male,40, United_States,LOW
31, Self_emp_not_inc,340939, Bachelors,13, Not_in_family, White, Male,40, United_States,LOW
21, Private,197747, Some_college,10, Own_child, White, Female,24, United_States,LOW
29, Private,34292, Some_college,10, Not_in_family, White, Male,60, United_States,LOW
18, Private,156764, 11th,7, Own_child, White, Male,40, United_States,LOW
52, Private,25826, 10th,6, Husband, White, Male,47, United_States,HIGH
57, Self_emp_inc,103948, Bachelors,13, Not_in_family, White, Male,80, United_States,LOW
60, Private,39352, 7th_8th,4, Not_in_family, White, Male,48, United_States,HIGH
31, Private,168387, Bachelors,13, Husband, White, Male,40, Canada,HIGH
23, Private,117789, Bachelors,13, Own_child, White, Female,40, United_States,LOW
27, Private,267147, HS_grad,9, Own_child, White, Male,40, United_States,LOW
42, Self_emp_not_inc,214242, Prof_school,15, Husband, White, Male,50, United_States,HIGH
25, Private,200408, Some_college,10, Not_in_family, White, Male,40, United_States,LOW
49, Private,136455, Bachelors,13, Not_in_family, White, Female,45, United_States,LOW
32, Private,239824, Bachelors,13, Not_in_family, White, Male,40, United_States,LOW
19, Private,217039, Some_college,10, Own_child, White, Male,28, United_States,LOW
60, Private,51290, 7th_8th,4, Not_in_family, White, Female,40, United_States,LOW
42, Local_gov,175674, 9th,5, Husband, White, Male,40, United_States,LOW
35, Self_emp_not_inc,194404, Assoc_acdm,12, Not_in_family, White, Male,40, United_States,LOW
48, Private,45612, HS_grad,9, Unmarried, Black, Female,37, United_States,LOW
51, Private,410114, Masters,14, Husband, White, Male,40, United_States,HIGH
29, Private,182521, HS_grad,9, Not_in_family, Amer_Indian_Eskimo, Male,40, United_States,LOW
36, Local_gov,339772, HS_grad,9, Not_in_family, Black, Male,40, United_States,LOW
17, Private,169658, 10th,6, Own_child, White, Female,21, United_States,LOW
52, Private,200853, Masters,14, Not_in_family, White, Female,60, United_States,LOW
24, Private,247564, HS_grad,9, Not_in_family, White, Male,40, United_States,LOW
24, Private,249909, HS_grad,9, Husband, White, Male,50, United_States,LOW
26, Local_gov,208122, Bachelors,13, Own_child, White, Male,40, United_States,LOW
27, Private,109881, Bachelors,13, Own_child, White, Female,20, United_States,LOW
39, Private,207824, HS_grad,9, Own_child, White, Male,60, United_States,LOW
30, Private,369027, HS_grad,9, Husband, Black, Male,45, United_States,LOW
50, Self_emp_not_inc,114117, HS_grad,9, Husband, White, Male,32, United_States,LOW
52, Self_emp_inc,51048, Bachelors,13, Husband, White, Male,55, United_States,LOW
46, Private,102388, Prof_school,15, Husband, White, Male,45, United_States,HIGH
23, Private,190483, Bachelors,13, Own_child, White, Female,20, United_States,LOW
45, Private,462440, 11th,7, Not_in_family, Black, Female,20, United_States,LOW
65, Private,109351, 9th,5, Unmarried, Black, Female,24, United_States,LOW
29, Private,34383, Assoc_voc,11, Husband, White, Male,55, United_States,LOW
47, Private,241832, 9th,5, Unmarried, White, Male,40, El_Salvador,LOW
30, Private,124187, HS_grad,9, Own_child, Black, Male,60, United_States,LOW
34, Private,153614, HS_grad,9, Husband, White, Male,45, United_States,HIGH
38, Self_emp_not_inc,267556, HS_grad,9, Husband, White, Male,64, United_States,LOW
33, Private,205469, Some_college,10, Husband, White, Male,40, United_States,HIGH
49, Private,268090, Bachelors,13, Husband, White, Male,26, United_States,HIGH
47, Self_emp_not_inc,165039, Some_college,10, Unmarried, Black, Female,40, United_States,LOW
49, Local_gov,120451, 10th,6, Unmarried, Black, Female,40, United_States,LOW
43, Private,154374, Some_college,10, Husband, White, Male,60, United_States,HIGH
30, Private,103649, Bachelors,13, Wife, Black, Female,40, United_States,HIGH
58, Self_emp_not_inc,35723, HS_grad,9, Husband, White, Male,60, United_States,LOW
19, Private,262601, HS_grad,9, Own_child, White, Female,14, United_States,LOW
21, Private,226181, Bachelors,13, Not_in_family, White, Male,40, United_States,LOW
33, Private,175697, Bachelors,13, Husband, White, Male,60, United_States,HIGH
47, Self_emp_inc,248145, 5th_6th,3, Husband, White, Male,50, Cuba,LOW
52, Self_emp_not_inc,289436, Doctorate,16, Husband, White, Male,60, United_States,HIGH
26, Private,75654, HS_grad,9, Not_in_family, White, Male,55, United_States,LOW
60, Private,199378, HS_grad,9, Husband, White, Male,40, United_States,LOW
21, Private,160968, Some_college,10, Own_child, White, Male,40, United_States,LOW
36, Private,188563, Some_college,10, Husband, White, Male,50, United_States,HIGH
31, Private,55849, Some_college,10, Husband, White, Male,45, United_States,LOW
50, Self_emp_inc,195322, Doctorate,16, Not_in_family, White, Male,40, United_States,HIGH
31, Local_gov,402089, HS_grad,9, Unmarried, White, Female,40, United_States,LOW
71, Private,78277, HS_grad,9, Husband, White, Male,15, United_States,LOW
30, State_gov,169496, Bachelors,13, Husband, White, Male,40, United_States,HIGH
20, Private,130959, Some_college,10, Own_child, White, Male,20, United_States,LOW
24, Private,556660, HS_grad,9, Other_relative, White, Male,50, United_States,LOW
35, Private,292472, Doctorate,16, Husband, Asian_Pac_Islander, Male,40, Taiwan,HIGH
38, State_gov,143774, Some_college,10, Not_in_family, White, Female,45, United_States,LOW
27, Private,288341, HS_grad,9, Own_child, White, Female,32, United_States,LOW
29, State_gov,71592, Some_college,10, Unmarried, Asian_Pac_Islander, Female,40, Philippines,LOW
34, Private,106742, HS_grad,9, Husband, White, Male,45, United_States,LOW
44, Private,219288, 7th_8th,4, Husband, White, Male,35, United_States,LOW
43, Private,174524, HS_grad,9, Husband, White, Male,40, United_States,HIGH
44, Self_emp_not_inc,335183, 12th,8, Husband, Black, Male,40, United_States,HIGH
35, Private,261293, Masters,14, Not_in_family, White, Male,60, United_States,LOW
27, Private,111900, Some_college,10, Not_in_family, White, Male,40, United_States,LOW
43, Local_gov,194360, Masters,14, Not_in_family, White, Male,38, United_States,LOW
20, Private,81145, Some_college,10, Not_in_family, White, Female,25, United_States,LOW
42, Private,341204, Assoc_acdm,12, Unmarried, White, Female,40, United_States,HIGH
27, State_gov,249362, Some_college,10, Husband, White, Male,40, United_States,LOW
42, Private,247019, HS_grad,9, Husband, Black, Male,40, United_States,HIGH
24, Private,172146, 9th,5, Not_in_family, White, Male,40, United_States,LOW
48, Federal_gov,110457, Some_college,10, Not_in_family, White, Male,40, United_States,LOW
17, Self_emp_not_inc,368700, 11th,7, Own_child, White, Male,10, United_States,LOW
33, Private,182556, Bachelors,13, Husband, White, Male,40, United_States,HIGH
50, Self_emp_inc,219420, HS_grad,9, Husband, White, Male,50, United_States,HIGH
22, Private,240817, HS_grad,9, Own_child, White, Female,40, United_States,LOW
17, Private,102726, 12th,8, Own_child, White, Male,16, United_States,LOW
32, Private,226267, Some_college,10, Husband, White, Male,40, Mexico,LOW
31, Private,125457, HS_grad,9, Not_in_family, White, Male,45, United_States,LOW
58, Self_emp_not_inc,204021, HS_grad,9, Not_in_family, White, Male,50, United_States,LOW
29, Local_gov,92262, HS_grad,9, Own_child, White, Male,48, United_States,LOW
37, Private,161141, Assoc_voc,11, Husband, White, Male,40, Portugal,HIGH
34, Self_emp_not_inc,190290, HS_grad,9, Husband, White, Male,40, United_States,HIGH
23, Local_gov,430828, Some_college,10, Unmarried, Black, Male,40, United_States,LOW
18, State_gov,59342, 11th,7, Own_child, White, Female,5, United_States,LOW
34, Private,136721, HS_grad,9, Not_in_family, White, Female,40, United_States,LOW
45, Local_gov,86644, Bachelors,13, Wife, White, Female,55, United_States,LOW
41, Private,195124, Masters,14, Not_in_family, White, Male,35, Dominican_Republic,LOW
26, Private,167350, HS_grad,9, Other_relative, White, Male,30, United_States,LOW
54, Local_gov,113000, Some_college,10, Husband, White, Male,40, United_States,LOW
24, Private,140027, Some_college,10, Own_child, Black, Female,45, United_States,LOW
42, Private,262425, Some_college,10, Husband, White, Male,50, United_States,LOW
20, Private,316702, Some_college,10, Own_child, White, Male,20, United_States,LOW
23, State_gov,335453, Bachelors,13, Not_in_family, White, Female,20, United_States,LOW
35, Private,203628, Masters,14, Not_in_family, White, Male,60, United_States,HIGH
31, Private,118710, Masters,14, Husband, White, Male,40, United_States,HIGH
30, Private,189620, Bachelors,13, Own_child, White, Female,40, Poland,LOW
19, Private,475028, HS_grad,9, Own_child, White, Female,20, United_States,LOW
36, Local_gov,110866, Bachelors,13, Not_in_family, White, Male,50, United_States,LOW
31, Private,243605, Bachelors,13, Unmarried, White, Female,40, Cuba,LOW
21, Private,163870, Some_college,10, Own_child, White, Male,30, United_States,LOW
31, Self_emp_not_inc,80145, Some_college,10, Husband, White, Male,40, United_States,LOW
46, Private,295566, Doctorate,16, Unmarried, White, Female,65, United_States,HIGH
44, Private,63042, Bachelors,13, Own_child, White, Female,50, United_States,HIGH
40, Private,229148, 12th,8, Husband, Black, Male,40, Jamaica,LOW
45, Private,242552, Some_college,10, Not_in_family, Black, Male,40, United_States,LOW
60, Private,177665, HS_grad,9, Husband, White, Male,35, United_States,LOW
18, Private,208103, 11th,7, Other_relative, White, Male,25, United_States,LOW
28, Private,296450, Bachelors,13, Husband, White, Male,40, United_States,LOW
36, Private,70282, Some_college,10, Unmarried, Black, Female,40, United_States,LOW
40, Private,144995, Assoc_voc,11, Husband, White, Male,40, United_States,LOW
36, Local_gov,382635, Bachelors,13, Unmarried, White, Female,35, Honduras,LOW
31, Private,295697, HS_grad,9, Unmarried, Black, Female,40, United_States,LOW
33, Private,194141, HS_grad,9, Husband, White, Male,40, United_States,LOW
19, State_gov,378418, HS_grad,9, Own_child, White, Female,40, United_States,LOW
22, Private,214399, Some_college,10, Own_child, White, Female,15, United_States,LOW
34, Private,217460, Bachelors,13, Husband, White, Male,45, United_States,HIGH
33, Private,182556, HS_grad,9, Not_in_family, White, Male,40, United_States,LOW
41, Private,125831, HS_grad,9, Husband, White, Male,60, United_States,LOW
29, Private,271328, Bachelors,13, Not_in_family, White, Male,40, United_States,LOW
50, Local_gov,50459, HS_grad,9, Husband, White, Male,42, United_States,HIGH
42, Private,162140, Bachelors,13, Husband, White, Male,45, United_States,HIGH
44, Private,111502, HS_grad,9, Wife, White, Female,40, United_States,LOW
20, Private,299047, Some_college,10, Not_in_family, White, Female,20, United_States,LOW
31, Private,223212, HS_grad,9, Husband, White, Male,40, Mexico,LOW
23, Private,352139, Some_college,10, Not_in_family, White, Female,24, United_States,LOW
55, Private,173093, Some_college,10, Not_in_family, Asian_Pac_Islander, Female,40, United_States,LOW
26, Private,181655, Assoc_voc,11, Husband, White, Male,45, United_States,LOW
25, Private,332702, Assoc_voc,11, Own_child, White, Female,15, United_States,LOW
35, Private,234901, Some_college,10, Husband, White, Male,40, United_States,LOW
36, Private,131414, Some_college,10, Not_in_family, Black, Female,36, United_States,LOW
43, State_gov,260960, Bachelors,13, Husband, White, Male,50, United_States,LOW
56, Private,156052, HS_grad,9, Unmarried, Black, Female,20, United_States,LOW
42, Private,279914, Bachelors,13, Husband, White, Male,40, United_States,HIGH
19, Private,192453, Some_college,10, Other_relative, White, Female,25, United_States,LOW
55, Self_emp_not_inc,200939, HS_grad,9, Husband, White, Male,72, United_States,LOW
42, Private,151408, Masters,14, Not_in_family, White, Female,50, United_States,HIGH
26, Private,112847, Assoc_voc,11, Own_child, White, Male,40, United_States,LOW
17, Private,316929, 12th,8, Own_child, White, Male,20, United_States,LOW
42, Local_gov,126319, Bachelors,13, Wife, White, Female,40, United_States,HIGH
55, Private,197422, HS_grad,9, Husband, White, Male,40, United_States,HIGH
32, Private,267736, Some_college,10, Own_child, Black, Female,40, United_States,LOW
29, Private,267034, 11th,7, Own_child, Black, Male,40, Haiti,LOW
46, State_gov,193047, Bachelors,13, Husband, White, Male,37, United_States,LOW
29, State_gov,356089, Bachelors,13, Husband, White, Male,40, United_States,HIGH
22, Private,223515, Bachelors,13, Unmarried, White, Male,20, United_States,LOW
58, Self_emp_not_inc,87510, 10th,6, Husband, White, Male,40, United_States,LOW
23, Private,145111, HS_grad,9, Unmarried, White, Male,50, United_States,LOW
39, Private,48093, HS_grad,9, Not_in_family, White, Male,40, United_States,LOW
27, Private,31757, Assoc_voc,11, Own_child, White, Male,38, United_States,LOW
54, Private,285854, HS_grad,9, Husband, White, Male,40, United_States,HIGH
33, Local_gov,120064, Bachelors,13, Not_in_family, White, Female,45, United_States,LOW
46, Federal_gov,167381, HS_grad,9, Wife, White, Female,40, United_States,HIGH
37, Private,103408, HS_grad,9, Not_in_family, Black, Male,40, United_States,LOW
36, Private,101460, HS_grad,9, Not_in_family, White, Female,18, United_States,LOW
59, Local_gov,420537, HS_grad,9, Wife, White, Female,38, United_States,HIGH
34, Local_gov,119411, HS_grad,9, Unmarried, White, Male,40, Portugal,LOW
53, Self_emp_inc,128272, Doctorate,16, Husband, White, Male,70, United_States,HIGH
51, Private,386773, Bachelors,13, Not_in_family, White, Male,55, United_States,HIGH
32, Private,283268, 10th,6, Unmarried, White, Female,42, United_States,LOW
31, State_gov,301526, Some_college,10, Other_relative, White, Male,40, United_States,LOW
22, Private,151790, Some_college,10, Wife, White, Female,30, Germany,LOW
47, Self_emp_not_inc,106252, Bachelors,13, Not_in_family, White, Female,50, United_States,LOW
32, Private,188557, HS_grad,9, Not_in_family, White, Male,40, United_States,LOW
26, Private,171114, Some_college,10, Not_in_family, White, Female,38, United_States,LOW
37, Private,327323, 5th_6th,3, Not_in_family, White, Male,32, Guatemala,LOW
31, Private,244147, HS_grad,9, Unmarried, White, Male,55, United_States,LOW
37, Private,280282, Assoc_voc,11, Wife, White, Female,24, United_States,HIGH
55, Private,116442, HS_grad,9, Not_in_family, White, Male,38, United_States,LOW
23, Local_gov,282579, Assoc_voc,11, Not_in_family, White, Male,56, United_States,LOW
36, Private,51838, Some_college,10, Unmarried, White, Female,40, United_States,LOW
43, Private,226902, Bachelors,13, Husband, White, Male,50, United_States,HIGH
54, Private,279129, Some_college,10, Not_in_family, White, Male,40, United_States,LOW
28, Private,196690, Assoc_voc,11, Not_in_family, White, Female,42, United_States,LOW
40, Private,130760, Assoc_voc,11, Husband, White, Male,50, United_States,HIGH
41, Self_emp_not_inc,49572, Some_college,10, Husband, White, Male,60, United_States,LOW
40, Private,237601, Bachelors,13, Not_in_family, Other, Female,55, United_States,HIGH
42, Private,169628, Some_college,10, Not_in_family, Black, Female,38, United_States,LOW
61, Self_emp_not_inc,36671, HS_grad,9, Husband, White, Male,50, United_States,LOW
18, Private,231193, 12th,8, Own_child, White, Male,30, United_States,LOW
48, Private,102102, Assoc_voc,11, Husband, White, Male,50, United_States,HIGH
41, Self_emp_inc,32185, Bachelors,13, Husband, White, Male,40, United_States,LOW
23, Private,211046, HS_grad,9, Not_in_family, White, Female,40, United_States,LOW
60, Private,31577, HS_grad,9, Husband, White, Male,60, United_States,HIGH
22, Private,162343, Some_college,10, Other_relative, Black, Male,20, United_States,LOW
61, Private,128831, HS_grad,9, Husband, White, Male,40, United_States,LOW
25, Private,316688, HS_grad,9, Not_in_family, Black, Male,40, United_States,LOW
46, Private,90758, Masters,14, Not_in_family, White, Male,35, United_States,HIGH
43, Private,274363, Bachelors,13, Husband, White, Male,40, England,HIGH
43, Private,154538, Assoc_acdm,12, Not_in_family, White, Male,40, United_States,LOW
24, Private,106085, HS_grad,9, Own_child, Black, Male,30, United_States,LOW
68, Self_emp_not_inc,315859, 11th,7, Unmarried, White, Male,20, United_States,LOW
31, Private,51471, HS_grad,9, Unmarried, White, Female,38, United_States,LOW
17, Private,193830, 11th,7, Own_child, White, Female,20, United_States,LOW
32, Private,231043, HS_grad,9, Husband, White, Male,48, United_States,HIGH
33, Private,169879, Bachelors,13, Husband, White, Male,47, United_States,HIGH
64, Private,270333, Bachelors,13, Husband, White, Male,40, United_States,HIGH
20, Private,138768, HS_grad,9, Own_child, White, Male,30, United_States,LOW
30, Private,191571, HS_grad,9, Own_child, White, Female,36, United_States,LOW
43, Private,94113, Some_college,10, Not_in_family, White, Male,45, United_States,LOW
22, Private,137510, Some_college,10, Own_child, White, Male,40, United_States,LOW
17, Private,32607, 10th,6, Own_child, White, Male,20, United_States,LOW
47, Self_emp_not_inc,93208, HS_grad,9, Wife, White, Female,75, Italy,LOW
41, Private,254440, Assoc_voc,11, Not_in_family, White, Female,60, United_States,LOW
56, Private,186556, Some_college,10, Husband, White, Male,50, United_States,HIGH
64, Private,169871, HS_grad,9, Husband, White, Male,45, United_States,LOW
47, Private,191277, HS_grad,9, Husband, White, Male,50, United_States,HIGH
48, Private,167159, Assoc_voc,11, Unmarried, White, Male,40, United_States,LOW
31, Private,171871, Masters,14, Not_in_family, White, Female,46, United_States,LOW
29, Private,154411, Assoc_voc,11, Own_child, White, Male,40, United_States,LOW
30, Private,129227, HS_grad,9, Not_in_family, White, Female,40, United_States,LOW
32, Private,110331, HS_grad,9, Husband, White, Male,60, United_States,LOW
57, Private,34269, HS_grad,9, Unmarried, White, Male,42, United_States,HIGH
62, Private,174355, HS_grad,9, Not_in_family, White, Female,40, United_States,LOW
39, Private,680390, HS_grad,9, Unmarried, White, Female,24, United_States,LOW
43, Private,233130, Some_college,10, Not_in_family, White, Male,25, United_States,LOW
24, Self_emp_inc,165474, Bachelors,13, Own_child, White, Male,40, United_States,LOW
53, Private,194259, Some_college,10, Wife, White, Female,40, United_States,HIGH
26, Private,280093, Some_college,10, Own_child, White, Male,40, United_States,LOW
73, Self_emp_not_inc,177387, HS_grad,9, Husband, White, Male,40, United_States,LOW
55, Private,105304, HS_grad,9, Husband, White, Male,40, United_States,LOW
25, Private,499233, HS_grad,9, Not_in_family, White, Male,40, United_States,LOW
41, Private,180572, Bachelors,13, Not_in_family, White, Female,50, United_States,HIGH
24, Private,321435, Bachelors,13, Not_in_family, White, Male,50, United_States,LOW
63, Private,86108, HS_grad,9, Not_in_family, White, Male,6, United_States,LOW
17, Private,198124, 11th,7, Own_child, White, Male,20, United_States,LOW
35, Private,135162, Some_college,10, Husband, White, Male,50, United_States,LOW
51, Private,146813, Some_college,10, Husband, White, Male,40, United_States,HIGH
62, Local_gov,291175, Bachelors,13, Not_in_family, White, Female,48, United_States,LOW
55, Private,387569, HS_grad,9, Husband, White, Male,40, United_States,HIGH
43, Private,102895, Some_college,10, Not_in_family, White, Male,40, United_States,LOW
40, Local_gov,33274, HS_grad,9, Not_in_family, White, Female,50, United_States,LOW
37, Private,86551, Bachelors,13, Husband, White, Male,45, United_States,HIGH
39, Private,138192, Bachelors,13, Husband, White, Male,40, United_States,LOW
31, Private,118966, HS_grad,9, Own_child, White, Male,18, United_States,LOW
61, Private,99784, Masters,14, Not_in_family, White, Female,40, United_States,HIGH
26, Private,90980, Assoc_voc,11, Not_in_family, White, Female,55, United_States,LOW
46, Self_emp_not_inc,177407, HS_grad,9, Husband, White, Male,50, United_States,LOW
26, Private,96467, Bachelors,13, Not_in_family, White, Female,40, United_States,LOW
48, State_gov,327886, Doctorate,16, Own_child, White, Male,50, United_States,HIGH
34, Private,111567, HS_grad,9, Own_child, White, Male,40, United_States,LOW
34, Local_gov,166545, HS_grad,9, Own_child, White, Female,40, United_States,LOW
59, Private,142182, HS_grad,9, Husband, White, Male,40, United_States,HIGH
34, Private,188798, Bachelors,13, Own_child, White, Female,40, United_States,LOW
49, Private,38563, Bachelors,13, Not_in_family, White, Female,56, United_States,HIGH
18, Private,216284, 11th,7, Own_child, White, Female,20, United_States,LOW
43, Private,191547, HS_grad,9, Husband, White, Male,40, Mexico,LOW
48, Private,285335, 11th,7, Husband, White, Male,50, United_States,LOW
28, Self_emp_inc,142712, Some_college,10, Husband, White, Male,70, United_States,LOW
33, Private,80945, HS_grad,9, Husband, White, Male,40, United_States,LOW
24, Private,309055, Some_college,10, Not_in_family, White, Female,15, United_States,LOW
21, Private,62339, 10th,6, Not_in_family, White, Male,40, United_States,LOW
17, Private,368700, 11th,7, Own_child, White, Male,28, United_States,LOW
39, Private,176186, Some_college,10, Husband, White, Male,50, United_States,HIGH
29, Self_emp_not_inc,266855, Bachelors,13, Own_child, White, Male,40, United_States,LOW
44, Private,48087, Bachelors,13, Husband, White, Male,40, United_States,HIGH
24, Private,121313, Some_college,10, Own_child, White, Male,50, United_States,LOW
71, Self_emp_not_inc,143437, Masters,14, Husband, White, Male,40, United_States,HIGH
51, Self_emp_not_inc,160724, Bachelors,13, Husband, Asian_Pac_Islander, Male,40, China,HIGH
55, Private,282753, 5th_6th,3, Unmarried, Black, Male,25, United_States,LOW
41, Private,194636, Bachelors,13, Husband, White, Male,60, United_States,HIGH
23, Private,153044, HS_grad,9, Unmarried, Black, Female,7, United_States,LOW
38, Private,411797, Assoc_voc,11, Unmarried, White, Female,40, United_States,LOW
39, Private,117683, HS_grad,9, Husband, White, Male,40, United_States,HIGH
19, Private,376540, HS_grad,9, Not_in_family, White, Female,30, United_States,LOW
49, Private,72393, 9th,5, Not_in_family, White, Female,40, United_States,LOW
32, Private,270335, Bachelors,13, Other_relative, White, Male,40, Philippines,HIGH
27, Private,96226, HS_grad,9, Husband, White, Male,70, United_States,LOW
38, Private,95336, Bachelors,13, Husband, White, Male,50, United_States,HIGH
33, Private,258498, Some_college,10, Wife, White, Female,60, United_States,LOW
23, Private,205865, Bachelors,13, Own_child, White, Male,28, United_States,LOW
54, Self_emp_not_inc,406468, HS_grad,9, Husband, Black, Male,40, United_States,LOW
29, Private,177119, Assoc_voc,11, Not_in_family, White, Female,45, United_States,LOW
35, Self_emp_not_inc,372525, Bachelors,13, Not_in_family, White, Male,40, United_States,LOW
28, Private,164170, Assoc_voc,11, Wife, Asian_Pac_Islander, Female,40, India,LOW
37, Private,183800, Bachelors,13, Husband, White, Male,50, United_States,HIGH
42, Self_emp_not_inc,177307, Prof_school,15, Husband, White, Male,65, United_States,HIGH
40, Private,170108, Masters,14, Husband, White, Male,40, United_States,LOW
47, Private,341995, Some_college,10, Own_child, White, Male,55, United_States,LOW
22, Private,226508, Bachelors,13, Own_child, White, Female,50, United_States,LOW
30, Private,87418, Bachelors,13, Husband, White, Male,45, United_States,HIGH
28, Private,109165, HS_grad,9, Husband, White, Male,40, United_States,LOW
63, Local_gov,28856, 7th_8th,4, Husband, White, Male,55, United_States,LOW
51, Self_emp_not_inc,175897, 9th,5, Husband, White, Male,20, United_States,LOW
22, Private,99697, HS_grad,9, Own_child, White, Female,40, United_States,LOW
35, Private,152375, HS_grad,9, Not_in_family, White, Male,45, United_States,LOW
46, Private,171550, HS_grad,9, Not_in_family, White, Female,38, United_States,LOW
37, Private,211154, Some_college,10, Not_in_family, White, Male,52, United_States,LOW
24, Private,202570, Bachelors,13, Own_child, Black, Male,15, United_States,LOW
37, Self_emp_not_inc,168496, HS_grad,9, Own_child, White, Male,10, United_States,LOW
53, Private,68898, Some_college,10, Husband, White, Male,40, United_States,LOW
27, Private,93235, HS_grad,9, Not_in_family, White, Male,30, United_States,LOW
38, Private,278924, Some_college,10, Not_in_family, White, Male,44, United_States,LOW
53, Self_emp_not_inc,311020, 10th,6, Husband, White, Male,60, United_States,LOW
34, Private,175878, Some_college,10, Not_in_family, White, Male,40, United_States,LOW
23, Private,543028, HS_grad,9, Own_child, Black, Male,40, United_States,LOW
39, Private,202027, Bachelors,13, Husband, White, Male,45, United_States,HIGH
43, Private,158926, Masters,14, Wife, Asian_Pac_Islander, Female,50, South,LOW
67, Self_emp_inc,76860, HS_grad,9, Husband, Asian_Pac_Islander, Male,40, United_States,HIGH
81, Self_emp_not_inc,136063, HS_grad,9, Husband, White, Male,30, United_States,LOW
21, Private,186648, Some_college,10, Own_child, White, Male,20, United_States,LOW
23, Private,257509, Some_college,10, Not_in_family, White, Male,25, United_States,LOW
25, Private,98155, Some_college,10, Unmarried, White, Male,40, United_States,LOW
42, Private,274198, 5th_6th,3, Wife, White, Female,38, Mexico,LOW
38, Private,97083, Some_college,10, Wife, Black, Female,40, United_States,LOW
32, Private,262153, HS_grad,9, Husband, White, Male,40, United_States,LOW
37, Private,214738, HS_grad,9, Husband, White, Male,40, United_States,LOW
51, Private,138022, Masters,14, Husband, White, Male,60, United_States,HIGH
22, Private,91842, Some_college,10, Not_in_family, White, Female,42, United_States,LOW
33, Private,373662, 1st_4th,2, Not_in_family, White, Female,40, Guatemala,LOW
42, Private,162003, HS_grad,9, Not_in_family, White, Male,55, United_States,LOW
51, Local_gov,241843, Preschool,1, Husband, White, Male,40, United_States,LOW
23, Private,375871, HS_grad,9, Wife, White, Female,40, Mexico,LOW
37, Private,186934, 11th,7, Husband, White, Male,44, United_States,HIGH
37, Private,176900, HS_grad,9, Husband, White, Male,99, United_States,HIGH
47, Private,21906, Masters,14, Not_in_family, White, Female,25, United_States,LOW
41, Private,132222, Prof_school,15, Husband, White, Male,40, United_States,HIGH
33, Private,143653, HS_grad,9, Husband, White, Male,30, United_States,LOW
31, Private,111567, Bachelors,13, Not_in_family, White, Male,40, United_States,HIGH
31, Private,78602, Assoc_acdm,12, Unmarried, Amer_Indian_Eskimo, Female,40, United_States,LOW
35, Private,465507, HS_grad,9, Husband, Black, Male,40, United_States,LOW
38, Self_emp_inc,196373, HS_grad,9, Husband, White, Male,40, United_States,HIGH
18, Private,293227, HS_grad,9, Not_in_family, White, Female,45, United_States,LOW
20, Private,241752, HS_grad,9, Husband, White, Male,40, United_States,LOW
54, Local_gov,166398, Some_college,10, Unmarried, Black, Female,35, United_States,LOW
40, Private,184682, Some_college,10, Unmarried, White, Female,40, United_States,LOW
36, Self_emp_inc,108293, Bachelors,13, Wife, White, Female,45, United_States,HIGH
43, Private,250802, Some_college,10, Unmarried, White, Male,35, United_States,LOW
44, Self_emp_not_inc,325159, Some_college,10, Unmarried, White, Male,40, United_States,LOW
44, State_gov,174675, HS_grad,9, Wife, White, Female,40, United_States,HIGH
43, Private,227065, Masters,14, Husband, White, Male,43, United_States,HIGH
51, Private,269080, 7th_8th,4, Unmarried, Black, Female,40, United_States,LOW
18, Private,177722, HS_grad,9, Own_child, White, Female,20, United_States,LOW
51, Private,133461, Some_college,10, Husband, White, Male,40, United_States,LOW
44, Self_emp_inc,398473, Some_college,10, Husband, White, Male,70, United_States,HIGH
33, Local_gov,298785, 10th,6, Not_in_family, White, Male,40, United_States,LOW
33, Self_emp_not_inc,123424, Bachelors,13, Husband, White, Male,40, United_States,HIGH
42, Private,176286, Assoc_acdm,12, Husband, White, Male,40, United_States,HIGH
25, Private,150062, Some_college,10, Husband, White, Male,45, United_States,LOW
32, Private,169240, HS_grad,9, Not_in_family, White, Female,38, United_States,LOW
32, Private,288273, Bachelors,13, Husband, White, Male,70, Mexico,LOW
36, Private,526968, 10th,6, Unmarried, White, Female,40, United_States,LOW
28, Private,57066, HS_grad,9, Husband, White, Male,40, United_States,LOW
20, Private,323573, HS_grad,9, Own_child, White, Female,20, United_States,LOW
35, Self_emp_inc,368825, Some_college,10, Husband, White, Male,60, United_States,HIGH
55, Self_emp_not_inc,189721, HS_grad,9, Husband, White, Male,20, United_States,LOW
48, Private,164966, Bachelors,13, Husband, Asian_Pac_Islander, Male,40, India,HIGH
34, Private,202046, HS_grad,9, Husband, White, Male,35, United_States,HIGH
28, Private,161538, Bachelors,13, Not_in_family, White, Female,35, United_States,LOW
67, Private,105252, Bachelors,13, Not_in_family, White, Male,40, United_States,HIGH
37, Private,200153, HS_grad,9, Husband, White, Male,40, United_States,LOW
44, Private,32185, HS_grad,9, Unmarried, White, Male,70, United_States,LOW
25, Private,178326, Some_college,10, Not_in_family, White, Female,40, United_States,LOW
21, Private,255957, Some_college,10, Not_in_family, White, Female,40, United_States,LOW
40, State_gov,188693, Masters,14, Husband, White, Male,35, United_States,HIGH
78, Private,182977, HS_grad,9, Not_in_family, Black, Female,40, United_States,LOW
34, Private,159929, HS_grad,9, Own_child, White, Male,40, United_States,LOW
49, Private,123207, HS_grad,9, Not_in_family, White, Female,44, United_States,LOW
22, Private,284317, Assoc_acdm,12, Not_in_family, White, Female,40, United_States,LOW
60, Self_emp_not_inc,154474, HS_grad,9, Unmarried, White, Male,42, United_States,LOW
45, Local_gov,318280, HS_grad,9, Not_in_family, White, Male,40, United_States,HIGH
63, Private,254907, Assoc_voc,11, Not_in_family, White, Female,20, United_States,LOW
41, Private,349221, HS_grad,9, Own_child, Black, Female,35, United_States,LOW
47, Private,335973, HS_grad,9, Unmarried, White, Female,40, United_States,LOW
44, Private,126701, HS_grad,9, Unmarried, White, Male,40, United_States,LOW
51, Private,122159, Some_college,10, Not_in_family, White, Female,40, United_States,LOW
46, Private,187370, Bachelors,13, Not_in_family, White, Male,40, United_States,LOW
41, Private,194636, Assoc_voc,11, Husband, White, Male,40, United_States,LOW
50, Self_emp_not_inc,124793, HS_grad,9, Husband, White, Male,30, United_States,LOW
47, Private,192835, HS_grad,9, Husband, White, Male,50, United_States,HIGH
35, Private,290226, HS_grad,9, Not_in_family, White, Male,45, United_States,LOW
56, Private,112840, HS_grad,9, Husband, White, Male,55, United_States,HIGH
45, Private,89325, Masters,14, Not_in_family, White, Male,45, United_States,LOW
48, Federal_gov,33109, Bachelors,13, Unmarried, White, Male,58, United_States,HIGH
40, Private,82465, Some_college,10, Husband, White, Male,40, United_States,LOW
39, Self_emp_inc,329980, Bachelors,13, Husband, White, Male,50, United_States,HIGH
20, Private,148294, Some_college,10, Own_child, White, Male,40, United_States,LOW
50, Private,168212, Doctorate,16, Husband, White, Male,65, United_States,HIGH
38, State_gov,343642, HS_grad,9, Wife, White, Female,40, United_States,HIGH
23, Local_gov,115244, Bachelors,13, Own_child, White, Female,60, United_States,LOW
31, Private,162572, HS_grad,9, Own_child, White, Male,16, United_States,LOW
58, Private,356067, Bachelors,13, Husband, White, Male,40, United_States,LOW
66, Private,271567, HS_grad,9, Not_in_family, Black, Male,40, United_States,LOW
39, Self_emp_inc,180804, HS_grad,9, Husband, White, Male,40, United_States,HIGH
54, Self_emp_not_inc,123011, HS_grad,9, Husband, White, Male,52, United_States,HIGH
26, Private,109186, Some_college,10, Husband, White, Male,50, Germany,LOW
51, Private,220537, HS_grad,9, Not_in_family, White, Female,40, United_States,LOW
34, Private,124827, Assoc_voc,11, Own_child, White, Male,40, United_States,LOW
50, Private,767403, HS_grad,9, Husband, White, Male,40, United_States,HIGH
42, Private,118494, Some_college,10, Husband, White, Male,44, United_States,HIGH
38, Private,173208, Masters,14, Husband, White, Male,25, United_States,LOW
48, Private,107373, 7th_8th,4, Husband, White, Male,40, United_States,LOW
33, Private,26973, Assoc_voc,11, Wife, White, Female,40, United_States,HIGH
51, Private,191965, HS_grad,9, Unmarried, White, Female,32, United_States,LOW
22, Private,122346, HS_grad,9, Not_in_family, White, Male,40, United_States,LOW
41, Private,198316, Some_college,10, Not_in_family, White, Male,50, Japan,LOW
48, Local_gov,123075, Masters,14, Husband, White, Male,35, United_States,HIGH
42, Private,209370, HS_grad,9, Not_in_family, White, Female,30, United_States,LOW
34, Private,33117, Some_college,10, Husband, White, Male,40, United_States,LOW
23, Private,129042, HS_grad,9, Unmarried, Black, Female,40, United_States,LOW
56, Private,169133, HS_grad,9, Husband, White, Male,50, Yugoslavia,LOW
45, Private,368561, HS_grad,9, Husband, White, Male,55, United_States,HIGH
48, Private,207848, 10th,6, Wife, White, Female,40, United_States,LOW
48, Self_emp_inc,138370, Masters,14, Not_in_family, Asian_Pac_Islander, Male,50, India,LOW
31, Private,93106, Assoc_voc,11, Not_in_family, White, Female,40, United_States,LOW
20, State_gov,223515, Assoc_acdm,12, Own_child, White, Male,20, United_States,LOW
27, Private,389713, Some_college,10, Not_in_family, White, Male,40, United_States,LOW
32, Private,206365, HS_grad,9, Not_in_family, Black, Female,40, United_States,LOW
37, Private,123785, HS_grad,9, Not_in_family, White, Male,75, United_States,LOW
34, Private,289984, HS_grad,9, Unmarried, Black, Female,30, United_States,LOW
90, Private,137018, HS_grad,9, Not_in_family, White, Female,40, United_States,LOW
23, Private,137994, Some_college,10, Own_child, Black, Female,40, United_States,LOW
43, Private,341204, Some_college,10, Not_in_family, White, Female,40, United_States,LOW
44, Private,167005, Bachelors,13, Husband, White, Male,60, United_States,HIGH
24, Private,34446, Some_college,10, Not_in_family, White, Female,37, United_States,LOW
28, Private,187160, Prof_school,15, Unmarried, White, Male,55, United_States,LOW
23, Private,217961, Some_college,10, Husband, White, Male,40, United_States,LOW
20, Private,74631, Some_college,10, Not_in_family, White, Female,50, United_States,LOW
36, Private,156667, Bachelors,13, Husband, White, Male,50, United_States,HIGH
61, Private,125155, HS_grad,9, Husband, White, Male,40, United_States,LOW
53, Self_emp_not_inc,263925, Bachelors,13, Husband, White, Male,40, Canada,HIGH
30, Private,296453, Bachelors,13, Husband, White, Male,40, United_States,HIGH
52, Self_emp_not_inc,44728, Some_college,10, Husband, White, Male,55, United_States,HIGH
38, Private,193026, Some_college,10, Not_in_family, White, Male,40, Iran,LOW
32, Private,87643, Bachelors,13, Husband, White, Male,40, United_States,LOW
30, Self_emp_not_inc,106742, 12th,8, Husband, White, Male,75, United_States,LOW
41, Private,302122, Assoc_voc,11, Not_in_family, White, Female,40, United_States,LOW
49, Local_gov,193960, Masters,14, Husband, White, Male,40, United_States,HIGH
45, Private,185385, HS_grad,9, Husband, White, Male,47, United_States,HIGH
43, Self_emp_not_inc,277647, HS_grad,9, Husband, White, Male,35, United_States,LOW
61, Private,128848, HS_grad,9, Husband, White, Male,40, United_States,LOW
54, Private,377701, HS_grad,9, Husband, White, Male,32, Mexico,LOW
34, Private,157886, Assoc_acdm,12, Unmarried, White, Female,40, United_States,LOW
49, Private,175958, Some_college,10, Husband, White, Male,80, United_States,HIGH
38, Private,223004, Some_college,10, Own_child, White, Male,40, United_States,LOW
35, Private,199352, Prof_school,15, Husband, White, Male,80, United_States,HIGH
36, Private,29984, 12th,8, Husband, White, Male,40, United_States,LOW
30, Private,181651, Bachelors,13, Husband, White, Male,50, United_States,LOW
36, Private,117312, Assoc_acdm,12, Not_in_family, White, Female,60, United_States,LOW
22, Local_gov,34029, Bachelors,13, Own_child, White, Female,20, United_States,LOW
38, Private,132879, HS_grad,9, Husband, White, Male,40, United_States,HIGH
37, Private,215310, HS_grad,9, Husband, White, Male,50, United_States,HIGH
48, State_gov,55863, Doctorate,16, Wife, White, Female,46, United_States,HIGH
17, Private,220384, 11th,7, Own_child, White, Male,15, United_States,LOW
19, Self_emp_not_inc,36012, Some_college,10, Own_child, White, Male,20, United_States,LOW
27, Private,137645, Bachelors,13, Not_in_family, Black, Female,40, United_States,LOW
22, Private,191342, Bachelors,13, Own_child, Asian_Pac_Islander, Male,50, Taiwan,LOW
49, Private,31339, HS_grad,9, Husband, White, Male,40, United_States,LOW
43, State_gov,227910, Assoc_voc,11, Wife, White, Female,40, United_States,HIGH
43, Private,173728, Bachelors,13, Unmarried, White, Female,40, United_States,LOW
19, Local_gov,167816, HS_grad,9, Not_in_family, White, Female,35, United_States,LOW
58, Self_emp_not_inc,81642, HS_grad,9, Husband, White, Male,60, United_States,LOW
41, Local_gov,195258, Some_college,10, Husband, White, Male,40, United_States,HIGH
31, Private,232475, Some_college,10, Husband, White, Male,40, United_States,LOW
30, Private,241259, Assoc_voc,11, Husband, White, Male,40, United_States,LOW
32, Private,118161, HS_grad,9, Husband, White, Male,40, United_States,LOW
29, Private,201954, Bachelors,13, Not_in_family, White, Male,35, United_States,LOW
42, Private,150533, Some_college,10, Husband, White, Male,52, United_States,HIGH
38, Private,412296, HS_grad,9, Own_child, White, Male,28, United_States,LOW
41, Federal_gov,133060, Assoc_acdm,12, Husband, White, Male,40, United_States,HIGH
44, Self_emp_not_inc,120539, Bachelors,13, Not_in_family, White, Male,50, United_States,HIGH
31, Private,196025, Doctorate,16, Not_in_family, Asian_Pac_Islander, Male,60, China,LOW
34, Private,107793, HS_grad,9, Not_in_family, White, Male,40, United_States,LOW
21, Private,163870, Some_college,10, Own_child, White, Male,40, United_States,LOW
22, Self_emp_not_inc,361280, Bachelors,13, Own_child, Asian_Pac_Islander, Male,20, India,LOW
62, Private,92178, 10th,6, Husband, White, Male,40, United_States,LOW
29, Self_emp_inc,260729, HS_grad,9, Wife, White, Female,25, United_States,HIGH
43, Private,182254, Some_college,10, Unmarried, White, Female,40, United_States,LOW
45, Self_emp_inc,149865, Bachelors,13, Husband, White, Male,60, United_States,HIGH
39, Self_emp_inc,218184, 9th,5, Husband, White, Male,40, Mexico,LOW
41, Private,118619, Bachelors,13, Husband, Black, Male,50, United_States,LOW
34, Self_emp_not_inc,196791, Assoc_acdm,12, Wife, White, Female,25, United_States,HIGH
34, Local_gov,167999, HS_grad,9, Unmarried, White, Female,33, United_States,LOW
31, Private,51259, Bachelors,13, Not_in_family, White, Male,47, United_States,LOW
29, Private,131088, HS_grad,9, Own_child, White, Male,25, United_States,LOW
41, Private,118212, Bachelors,13, Husband, White, Male,40, United_States,HIGH
41, Private,293791, Assoc_voc,11, Husband, White, Male,55, United_States,LOW
35, Self_emp_inc,289430, Masters,14, Husband, White, Male,45, Mexico,HIGH
33, Private,35378, Bachelors,13, Wife, White, Female,45, United_States,HIGH
37, State_gov,60227, Bachelors,13, Not_in_family, White, Male,38, United_States,LOW
69, Private,168139, HS_grad,9, Wife, White, Female,40, United_States,LOW
34, Private,290763, HS_grad,9, Own_child, White, Female,40, United_States,LOW
36, Private,51100, Some_college,10, Husband, White, Male,40, United_States,LOW
41, Private,227644, HS_grad,9, Husband, White, Male,50, United_States,LOW
58, Local_gov,205267, Bachelors,13, Wife, White, Female,40, United_States,HIGH
53, Private,288020, Bachelors,13, Husband, Asian_Pac_Islander, Male,40, Japan,LOW
29, Private,140863, Some_college,10, Husband, White, Male,40, United_States,LOW
45, Federal_gov,170915, HS_grad,9, Not_in_family, White, Female,40, United_States,LOW
34, State_gov,50178, Some_college,10, Husband, White, Male,38, United_States,LOW
36, Private,112497, Bachelors,13, Husband, White, Male,40, United_States,LOW
48, Private,95244, Some_college,10, Unmarried, Black, Female,35, United_States,LOW
20, Private,117606, Assoc_voc,11, Own_child, White, Female,40, United_States,LOW
35, Private,89508, HS_grad,9, Husband, White, Male,50, United_States,HIGH
63, Federal_gov,124244, HS_grad,9, Not_in_family, Black, Male,40, United_States,LOW
41, Self_emp_not_inc,154374, Some_college,10, Unmarried, White, Male,45, United_States,LOW
