gender,NationalITy,PlaceofBirth,StageID,GradeID,SectionID,Topic,Semester,Relation,ParentAnsweringSurvey,ParentschoolSatisfaction,StudentAbsenceDays,raisedhands,VisITedResources,AnnouncementsView,Discussion,class
F,USA,Iraq,MiddleSchool,G-06,A,Geology,S,Mum,No,Good,Above-7,0<x<25,0<x<24,24<x<49,x>74,2
M,Syria,lebanon,MiddleSchool,G-04,C,Geology,F,Father,Yes,Good,Under-7,0<x<25,0<x<24,49<x<73,25<x<50,0
F,Morocco,Lybia,lowerlevel,G-07,C,Geology,S,Mum,Yes,Good,Under-7,x>75,49<x<74,24<x<49,50<x<74,2
F,Lybia,Palestine,MiddleSchool,G-05,C,French,F,Father,No,Bad,Under-7,0<x<25,x>74,49<x<73,50<x<74,2
M,Tunis,Egypt,lowerlevel,G-08,B,French,S,Mum,Yes,Good,Under-7,x>75,0<x<24,24<x<49,1<x<25,2
F,Egypt,Jordan,MiddleSchool,G-11,A,Geology,F,Mum,Yes,Good,Under-7,x>75,49<x<74,x>73,25<x<50,2
M,Egypt,Lybia,MiddleSchool,G-06,C,Arabic,S,Mum,No,Good,Above-7,0<x<25,0<x<24,49<x<73,1<x<25,1
F,Tunis,Tunis,lowerlevel,G-11,C,Math,F,Mum,No,Bad,Above-7,50<x<75,x>74,0<x<24,x>74,0
M,venzuela,lebanon,MiddleSchool,G-12,C,Science,S,Mum,No,Good,Above-7,50<x<75,49<x<74,24<x<49,50<x<74,0
F,Iran,Jordan,MiddleSchool,G-04,B,English,F,Father,Yes,Good,Under-7,x>75,24<x<49,24<x<49,1<x<25,0
F,Egypt,Syria,HighSchool,G-06,B,Quran,S,Father,Yes,Good,Under-7,50<x<75,49<x<74,49<x<73,1<x<25,0
F,KW,Iraq,lowerlevel,G-09,C,English,S,Mum,No,Good,Under-7,x>75,x>74,0<x<24,50<x<74,0
M,KW,Lybia,lowerlevel,G-11,B,Geology,S,Father,Yes,Bad,Under-7,x>75,x>74,0<x<24,1<x<25,2
F,Syria,lebanon,HighSchool,G-11,C,Geology,S,Mum,No,Good,Under-7,25<x<50,x>74,49<x<73,25<x<50,0
M,Egypt,Iraq,HighSchool,G-09,A,History,S,Mum,Yes,Bad,Under-7,0<x<25,x>74,49<x<73,x>74,2
F,Palestine,Iraq,MiddleSchool,G-02,B,English,F,Father,Yes,Bad,Above-7,50<x<75,49<x<74,24<x<49,x>74,2
F,Syria,Lybia,HighSchool,G-05,B,Biology,S,Mum,Yes,Good,Under-7,x>75,0<x<24,x>73,25<x<50,0
M,venzuela,lebanon,HighSchool,G-08,C,Spanish,S,Mum,No,Good,Under-7,50<x<75,49<x<74,49<x<73,25<x<50,0
F,Iran,Morocco,lowerlevel,G-04,B,Arabic,S,Mum,No,Bad,Under-7,0<x<25,49<x<74,x>73,1<x<25,2
F,venzuela,SaudiArabia,MiddleSchool,G-02,B,Arabic,S,Father,Yes,Good,Above-7,x>75,x>74,0<x<24,50<x<74,0
M,Morocco,Jordan,lowerlevel,G-12,A,History,S,Father,Yes,Good,Under-7,x>75,x>74,49<x<73,1<x<25,2
M,Morocco,SaudiArabia,MiddleSchool,G-04,C,Biology,F,Mum,No,Bad,Under-7,x>75,x>74,x>73,50<x<74,0
F,Lybia,KuwaIT,lowerlevel,G-10,A,Math,F,Father,Yes,Good,Above-7,0<x<25,0<x<24,49<x<73,25<x<50,1
F,Iraq,KuwaIT,MiddleSchool,G-11,B,Geology,F,Father,Yes,Bad,Under-7,0<x<25,0<x<24,49<x<73,50<x<74,2
M,Iraq,SaudiArabia,lowerlevel,G-09,B,French,S,Mum,No,Good,Under-7,x>75,x>74,49<x<73,1<x<25,0
F,KW,SaudiArabia,MiddleSchool,G-12,B,Geology,S,Mum,Yes,Bad,Above-7,0<x<25,24<x<49,0<x<24,50<x<74,1
F,lebanon,Egypt,MiddleSchool,G-02,C,IT,F,Father,Yes,Bad,Above-7,25<x<50,0<x<24,x>73,1<x<25,1
M,venzuela,Palestine,lowerlevel,G-06,A,Quran,S,Father,No,Bad,Under-7,x>75,49<x<74,0<x<24,25<x<50,2
F,lebanon,lebanon,HighSchool,G-02,C,History,S,Mum,No,Good,Above-7,0<x<25,0<x<24,49<x<73,50<x<74,0
F,USA,Iran,HighSchool,G-07,C,French,F,Mum,No,Good,Under-7,25<x<50,0<x<24,24<x<49,50<x<74,2
F,lebanon,Syria,lowerlevel,G-06,C,IT,F,Father,Yes,Good,Above-7,0<x<25,24<x<49,24<x<49,25<x<50,2
M,Lybia,venzuela,lowerlevel,G-04,A,English,F,Mum,No,Bad,Above-7,0<x<25,0<x<24,x>73,x>74,1
M,KW,lebanon,MiddleSchool,G-06,C,Arabic,F,Father,No,Bad,Under-7,25<x<50,0<x<24,x>73,1<x<25,1
M,Syria,Iran,MiddleSchool,G-04,B,Geology,F,Father,Yes,Bad,Under-7,0<x<25,x>74,0<x<24,x>74,2
F,KW,SaudiArabia,MiddleSchool,G-12,C,Science,S,Mum,Yes,Good,Under-7,50<x<75,49<x<74,0<x<24,50<x<74,2
M,Morocco,Lybia,lowerlevel,G-10,A,Spanish,S,Father,Yes,Good,Under-7,x>75,49<x<74,49<x<73,x>74,2
M,USA,USA,MiddleSchool,G-07,A,English,S,Mum,No,Bad,Above-7,x>75,24<x<49,49<x<73,50<x<74,0
M,KW,Morocco,MiddleSchool,G-12,C,Math,F,Mum,Yes,Bad,Under-7,50<x<75,0<x<24,49<x<73,1<x<25,2
M,Syria,Morocco,MiddleSchool,G-12,A,French,F,Father,No,Bad,Above-7,50<x<75,24<x<49,x>73,50<x<74,2
F,Tunis,Lybia,MiddleSchool,G-11,A,English,S,Father,No,Good,Under-7,x>75,24<x<49,0<x<24,50<x<74,2
F,Tunis,Iran,MiddleSchool,G-07,A,History,F,Mum,Yes,Good,Above-7,50<x<75,49<x<74,x>73,1<x<25,2
M,Syria,Morocco,MiddleSchool,G-11,C,Spanish,F,Father,Yes,Bad,Under-7,50<x<75,24<x<49,49<x<73,x>74,2
F,lebanon,Jordan,lowerlevel,G-07,B,Math,S,Mum,Yes,Bad,Above-7,x>75,49<x<74,0<x<24,50<x<74,0
M,USA,USA,MiddleSchool,G-11,C,Biology,F,Mum,No,Bad,Under-7,0<x<25,49<x<74,24<x<49,x>74,0
F,Tunis,Jordan,MiddleSchool,G-02,A,Biology,F,Mum,Yes,Good,Under-7,x>75,0<x<24,0<x<24,50<x<74,2
M,Iraq,Syria,MiddleSchool,G-08,A,Spanish,F,Father,Yes,Bad,Above-7,25<x<50,x>74,49<x<73,1<x<25,2
F,Lybia,Lybia,MiddleSchool,G-05,B,Geology,S,Mum,No,Bad,Above-7,50<x<75,49<x<74,0<x<24,25<x<50,2
M,Egypt,Morocco,lowerlevel,G-12,C,IT,F,Father,Yes,Bad,Under-7,0<x<25,0<x<24,x>73,1<x<25,1
F,Egypt,Tunis,MiddleSchool,G-09,C,IT,S,Mum,Yes,Bad,Above-7,25<x<50,0<x<24,0<x<24,25<x<50,1
M,Syria,Iran,lowerlevel,G-04,B,Geology,F,Father,Yes,Bad,Under-7,x>75,0<x<24,x>73,50<x<74,2
M,Jordan,Syria,MiddleSchool,G-09,B,Geology,S,Father,Yes,Good,Above-7,25<x<50,49<x<74,49<x<73,50<x<74,2
F,Syria,KuwaIT,MiddleSchool,G-10,A,English,F,Father,Yes,Good,Above-7,50<x<75,x>74,24<x<49,x<1,2
M,Iran,KuwaIT,lowerlevel,G-06,A,Geology,F,Father,Yes,Good,Under-7,50<x<75,x>74,49<x<73,25<x<50,2
M,Tunis,Lybia,HighSchool,G-12,A,Chemistry,S,Mum,Yes,Good,Above-7,0<x<25,0<x<24,x>73,x>74,0
M,SaudiArabia,Syria,MiddleSchool,G-06,C,French,F,Mum,Yes,Bad,Above-7,25<x<50,49<x<74,x>73,1<x<25,2
M,Syria,Egypt,lowerlevel,G-04,C,IT,F,Mum,No,Bad,Under-7,x>75,0<x<24,0<x<24,x<1,2
F,Morocco,lebanon,HighSchool,G-04,C,French,F,Father,Yes,Bad,Under-7,0<x<25,0<x<24,49<x<73,50<x<74,0
F,lebanon,USA,lowerlevel,G-11,A,Science,S,Father,No,Bad,Above-7,0<x<25,x>74,24<x<49,x>74,2
M,Iraq,Morocco,HighSchool,G-02,C,IT,S,Mum,Yes,Bad,Under-7,x>75,49<x<74,0<x<24,1<x<25,0
M,SaudiArabia,lebanon,HighSchool,G-10,A,Math,S,Father,Yes,Bad,Above-7,0<x<25,0<x<24,0<x<24,1<x<25,2
M,Morocco,venzuela,HighSchool,G-05,A,Science,F,Father,Yes,Bad,Above-7,x>75,49<x<74,0<x<24,25<x<50,0
F,SaudiArabia,Palestine,lowerlevel,G-07,A,Arabic,S,Father,No,Good,Above-7,0<x<25,24<x<49,49<x<73,x>74,0
F,Morocco,Palestine,HighSchool,G-10,B,Geology,F,Mum,No,Bad,Above-7,x>75,x>74,49<x<73,25<x<50,0
F,Syria,Tunis,MiddleSchool,G-07,B,IT,F,Father,No,Bad,Above-7,50<x<75,0<x<24,0<x<24,1<x<25,2
F,lebanon,Palestine,HighSchool,G-11,A,Math,F,Father,No,Bad,Above-7,0<x<25,24<x<49,24<x<49,50<x<74,2
M,Iraq,Egypt,MiddleSchool,G-08,C,Science,S,Father,Yes,Good,Above-7,x>75,x>74,24<x<49,50<x<74,2
M,Egypt,Syria,MiddleSchool,G-04,C,Science,S,Mum,Yes,Good,Under-7,25<x<50,x>74,24<x<49,x>74,0
F,lebanon,Jordan,HighSchool,G-07,B,Geology,F,Mum,Yes,Bad,Under-7,50<x<75,x>74,0<x<24,50<x<74,0
M,USA,Iran,lowerlevel,G-05,A,Geology,S,Mum,No,Good,Above-7,25<x<50,x>74,49<x<73,x>74,2
F,Egypt,Syria,HighSchool,G-11,B,English,S,Father,Yes,Bad,Under-7,0<x<25,49<x<74,0<x<24,x>74,2
F,Egypt,USA,lowerlevel,G-04,C,Spanish,S,Father,No,Bad,Above-7,50<x<75,0<x<24,x>73,x>74,2
F,KW,Iran,HighSchool,G-06,C,Chemistry,S,Mum,No,Bad,Under-7,x>75,24<x<49,49<x<73,x>74,0
M,Lybia,SaudiArabia,HighSchool,G-06,C,Quran,S,Mum,No,Good,Above-7,25<x<50,x<0,x>73,x>74,2
F,Iraq,USA,lowerlevel,G-07,B,Science,F,Father,No,Good,Above-7,50<x<75,x>74,0<x<24,x>74,2
M,Lybia,USA,lowerlevel,G-07,A,Science,S,Mum,Yes,Bad,Above-7,50<x<75,0<x<24,49<x<73,1<x<25,0
M,Jordan,Iran,HighSchool,G-08,B,Biology,S,Father,No,Bad,Under-7,0<x<25,x>74,x>73,25<x<50,2
M,Jordan,Tunis,HighSchool,G-08,C,Math,S,Mum,No,Good,Above-7,0<x<25,0<x<24,49<x<73,50<x<74,1
M,lebanon,Palestine,MiddleSchool,G-07,A,Math,F,Father,Yes,Bad,Under-7,0<x<25,49<x<74,0<x<24,x>74,2
F,SaudiArabia,KuwaIT,MiddleSchool,G-02,C,Geology,F,Father,No,Good,Under-7,25<x<50,x>74,24<x<49,x>74,2
F,Egypt,Tunis,lowerlevel,G-10,A,History,F,Father,No,Good,Under-7,x>75,0<x<24,0<x<24,50<x<74,2
F,Morocco,Egypt,HighSchool,G-09,B,IT,S,Father,Yes,Bad,Under-7,0<x<25,49<x<74,0<x<24,50<x<74,2
F,Syria,SaudiArabia,lowerlevel,G-06,C,Science,S,Father,No,Bad,Above-7,50<x<75,x>74,24<x<49,x>74,2
M,SaudiArabia,Lybia,HighSchool,G-05,A,Science,F,Father,No,Bad,Under-7,0<x<25,49<x<74,49<x<73,25<x<50,1
M,Lybia,Lybia,MiddleSchool,G-07,B,Arabic,F,Father,Yes,Bad,Above-7,x>75,24<x<49,0<x<24,1<x<25,2
M,Egypt,venzuela,MiddleSchool,G-02,C,History,S,Mum,Yes,Good,Under-7,50<x<75,x>74,24<x<49,50<x<74,0
F,Jordan,USA,MiddleSchool,G-02,B,Geology,S,Father,Yes,Good,Above-7,0<x<25,x>74,49<x<73,50<x<74,2
M,USA,USA,MiddleSchool,G-07,C,Chemistry,F,Father,No,Good,Under-7,0<x<25,x>74,24<x<49,x>74,0
M,SaudiArabia,venzuela,HighSchool,G-04,B,Geology,F,Mum,Yes,Bad,Under-7,x>75,24<x<49,0<x<24,x>74,0
F,venzuela,Morocco,lowerlevel,G-05,A,Science,F,Mum,Yes,Good,Above-7,25<x<50,0<x<24,0<x<24,x>74,1
F,Syria,SaudiArabia,MiddleSchool,G-02,B,Quran,F,Mum,No,Bad,Under-7,x>75,49<x<74,0<x<24,x>74,0
M,Egypt,Iraq,HighSchool,G-10,B,French,S,Father,No,Bad,Under-7,0<x<25,0<x<24,x>73,1<x<25,1
F,Palestine,Iran,HighSchool,G-02,C,Science,S,Father,Yes,Bad,Above-7,0<x<25,0<x<24,49<x<73,25<x<50,1
F,Lybia,Tunis,HighSchool,G-02,B,Geology,S,Mum,Yes,Good,Above-7,25<x<50,x>74,49<x<73,x>74,0
M,Tunis,Iraq,lowerlevel,G-04,A,IT,F,Father,Yes,Good,Above-7,50<x<75,49<x<74,49<x<73,x>74,2
M,SaudiArabia,venzuela,HighSchool,G-02,A,Chemistry,S,Father,No,Bad,Under-7,x>75,49<x<74,49<x<73,x>74,0
F,Lybia,KuwaIT,lowerlevel,G-05,B,Biology,F,Mum,Yes,Good,Under-7,50<x<75,49<x<74,24<x<49,25<x<50,0
F,KW,USA,MiddleSchool,G-06,C,Geology,F,Mum,Yes,Good,Above-7,0<x<25,0<x<24,0<x<24,x<1,1
F,Lybia,Tunis,lowerlevel,G-10,A,Chemistry,S,Father,Yes,Good,Above-7,0<x<25,x>74,0<x<24,50<x<74,0
M,Jordan,SaudiArabia,MiddleSchool,G-05,B,Biology,F,Father,Yes,Bad,Under-7,0<x<25,24<x<49,49<x<73,x>74,1
M,Egypt,Iran,MiddleSchool,G-04,C,IT,F,Mum,Yes,Bad,Under-7,25<x<50,24<x<49,0<x<24,25<x<50,2
F,Jordan,USA,MiddleSchool,G-07,C,Arabic,S,Father,Yes,Good,Under-7,50<x<75,0<x<24,24<x<49,50<x<74,2
F,Tunis,Lybia,HighSchool,G-09,C,IT,F,Mum,No,Bad,Under-7,x>75,0<x<24,0<x<24,50<x<74,2
F,Iraq,Iraq,MiddleSchool,G-02,A,Quran,S,Father,Yes,Bad,Under-7,0<x<25,0<x<24,0<x<24,25<x<50,2
F,USA,Jordan,lowerlevel,G-09,A,Arabic,S,Mum,No,Bad,Under-7,50<x<75,0<x<24,0<x<24,25<x<50,1
F,lebanon,Jordan,MiddleSchool,G-04,C,Arabic,F,Father,Yes,Bad,Above-7,50<x<75,x>74,0<x<24,1<x<25,2
F,Syria,Palestine,lowerlevel,G-11,C,Science,S,Father,No,Good,Above-7,x>75,0<x<24,0<x<24,50<x<74,2
F,venzuela,Tunis,lowerlevel,G-02,C,Spanish,S,Father,Yes,Good,Above-7,50<x<75,x>74,24<x<49,25<x<50,0
F,KW,Iran,HighSchool,G-11,A,Science,F,Mum,No,Bad,Under-7,25<x<50,x>74,49<x<73,1<x<25,2
F,Palestine,Jordan,HighSchool,G-09,A,Quran,F,Father,No,Bad,Under-7,0<x<25,x>74,24<x<49,25<x<50,2
M,lebanon,Tunis,MiddleSchool,G-06,A,Geology,F,Father,No,Bad,Above-7,50<x<75,49<x<74,24<x<49,x>74,0
F,Palestine,Morocco,lowerlevel,G-04,C,Geology,S,Mum,Yes,Good,Under-7,x>75,0<x<24,0<x<24,1<x<25,2
F,lebanon,lebanon,HighSchool,G-07,A,Chemistry,F,Mum,No,Bad,Under-7,50<x<75,49<x<74,0<x<24,25<x<50,0
F,Lybia,Tunis,HighSchool,G-04,A,Chemistry,F,Mum,Yes,Bad,Under-7,50<x<75,24<x<49,0<x<24,25<x<50,2
M,KW,Palestine,MiddleSchool,G-12,C,Science,F,Father,Yes,Bad,Above-7,50<x<75,49<x<74,24<x<49,x>74,0
F,Lybia,venzuela,MiddleSchool,G-07,B,Arabic,S,Father,Yes,Good,Under-7,x>75,0<x<24,x>73,50<x<74,0
M,Iran,Palestine,HighSchool,G-07,A,Quran,S,Mum,Yes,Good,Under-7,50<x<75,49<x<74,0<x<24,25<x<50,2
F,Jordan,Syria,HighSchool,G-05,A,IT,F,Father,Yes,Good,Above-7,x>75,0<x<24,24<x<49,1<x<25,1
M,Syria,Jordan,HighSchool,G-05,C,Math,F,Mum,Yes,Bad,Above-7,50<x<75,x>74,0<x<24,25<x<50,2
F,Iran,lebanon,lowerlevel,G-02,C,Quran,S,Mum,Yes,Good,Above-7,0<x<25,0<x<24,0<x<24,25<x<50,1
M,lebanon,KuwaIT,MiddleSchool,G-04,A,Geology,S,Mum,Yes,Good,Above-7,x>75,24<x<49,0<x<24,50<x<74,0
M,lebanon,KuwaIT,HighSchool,G-05,C,History,F,Mum,Yes,Good,Under-7,x>75,49<x<74,49<x<73,x>74,0
F,Lybia,Tunis,HighSchool,G-02,B,Spanish,S,Mum,No,Good,Above-7,0<x<25,24<x<49,0<x<24,25<x<50,1
F,Jordan,Syria,lowerlevel,G-09,A,Chemistry,S,Mum,No,Good,Under-7,x>75,24<x<49,49<x<73,25<x<50,0
F,Iran,Jordan,MiddleSchool,G-04,A,IT,F,Mum,Yes,Good,Under-7,x>75,x>74,x>73,1<x<25,0
M,USA,Iraq,HighSchool,G-11,C,Biology,S,Father,Yes,Good,Above-7,0<x<25,0<x<24,x>73,x>74,2
M,venzuela,Iraq,MiddleSchool,G-05,C,Geology,S,Mum,Yes,Bad,Under-7,x>75,24<x<49,49<x<73,1<x<25,2
M,Lybia,KuwaIT,lowerlevel,G-04,B,Quran,S,Mum,Yes,Bad,Above-7,x>75,x>74,0<x<24,1<x<25,0
F,Palestine,Palestine,MiddleSchool,G-08,C,Arabic,F,Father,No,Good,Under-7,25<x<50,49<x<74,24<x<49,25<x<50,2
F,Iran,lebanon,HighSchool,G-08,C,Spanish,F,Father,Yes,Bad,Above-7,0<x<25,49<x<74,49<x<73,50<x<74,2
M,Iraq,Syria,lowerlevel,G-04,A,IT,S,Father,Yes,Bad,Above-7,x>75,x<0,24<x<49,x>74,2
M,lebanon,lebanon,lowerlevel,G-04,B,English,F,Father,Yes,Good,Under-7,0<x<25,x<0,x>73,1<x<25,0
M,Syria,SaudiArabia,lowerlevel,G-05,C,Arabic,F,Father,No,Good,Under-7,x>75,49<x<74,x>73,1<x<25,0
F,Jordan,KuwaIT,HighSchool,G-10,C,Chemistry,S,Mum,Yes,Good,Under-7,0<x<25,x>74,0<x<24,1<x<25,0
M,Syria,Lybia,lowerlevel,G-05,C,Quran,S,Mum,Yes,Bad,Above-7,0<x<25,0<x<24,24<x<49,x>74,1
M,Iraq,venzuela,lowerlevel,G-10,A,Science,S,Father,No,Good,Under-7,50<x<75,0<x<24,49<x<73,25<x<50,0
M,KW,lebanon,MiddleSchool,G-12,A,Biology,F,Mum,Yes,Good,Under-7,50<x<75,0<x<24,49<x<73,1<x<25,2
F,venzuela,Iran,MiddleSchool,G-10,A,Math,F,Mum,Yes,Good,Under-7,25<x<50,49<x<74,x>73,50<x<74,0
F,Tunis,KuwaIT,lowerlevel,G-09,A,Science,S,Mum,No,Bad,Under-7,50<x<75,x>74,24<x<49,1<x<25,2
F,Palestine,Lybia,lowerlevel,G-05,A,History,S,Father,Yes,Bad,Under-7,0<x<25,24<x<49,0<x<24,x>74,1
M,Egypt,Iraq,MiddleSchool,G-10,A,French,F,Father,No,Bad,Above-7,x>75,24<x<49,49<x<73,25<x<50,2
M,Egypt,Jordan,lowerlevel,G-10,C,IT,S,Mum,No,Bad,Under-7,25<x<50,24<x<49,24<x<49,x>74,2
F,Jordan,venzuela,lowerlevel,G-07,C,English,S,Mum,No,Good,Above-7,25<x<50,0<x<24,24<x<49,25<x<50,1
F,Morocco,Iran,HighSchool,G-10,B,Chemistry,S,Mum,No,Good,Under-7,x>75,49<x<74,0<x<24,50<x<74,0
M,Morocco,lebanon,HighSchool,G-11,B,Geology,S,Mum,Yes,Bad,Above-7,0<x<25,x>74,x>73,1<x<25,0
F,Jordan,lebanon,MiddleSchool,G-09,B,Arabic,F,Father,No,Good,Above-7,25<x<50,x>74,0<x<24,25<x<50,0
M,KW,USA,lowerlevel,G-10,B,Biology,F,Father,Yes,Good,Under-7,x>75,0<x<24,x>73,25<x<50,2
F,SaudiArabia,venzuela,lowerlevel,G-06,A,English,F,Father,Yes,Bad,Above-7,0<x<25,24<x<49,0<x<24,x>74,2
F,USA,USA,lowerlevel,G-09,C,Spanish,F,Father,Yes,Good,Under-7,x>75,0<x<24,x>73,50<x<74,0
M,USA,Syria,MiddleSchool,G-10,B,History,F,Father,No,Good,Above-7,x>75,0<x<24,0<x<24,1<x<25,2
F,USA,Syria,MiddleSchool,G-10,B,French,F,Father,No,Bad,Above-7,25<x<50,24<x<49,49<x<73,50<x<74,2
M,Syria,USA,lowerlevel,G-08,B,Quran,S,Mum,Yes,Bad,Above-7,50<x<75,x>74,24<x<49,25<x<50,2
M,Lybia,venzuela,HighSchool,G-10,B,Arabic,S,Father,Yes,Good,Above-7,50<x<75,0<x<24,24<x<49,50<x<74,2
M,Lybia,lebanon,lowerlevel,G-12,A,Quran,S,Father,Yes,Good,Under-7,25<x<50,0<x<24,49<x<73,25<x<50,2
F,lebanon,Jordan,MiddleSchool,G-12,C,Chemistry,S,Father,Yes,Good,Under-7,0<x<25,49<x<74,0<x<24,x>74,2
F,Morocco,KuwaIT,lowerlevel,G-10,C,Chemistry,F,Mum,No,Bad,Under-7,50<x<75,0<x<24,0<x<24,x>74,1
M,Tunis,Egypt,MiddleSchool,G-02,C,Chemistry,F,Father,Yes,Bad,Above-7,x>75,49<x<74,x>73,1<x<25,2
F,Tunis,Jordan,HighSchool,G-08,C,Science,F,Father,Yes,Bad,Under-7,x>75,x>74,0<x<24,50<x<74,2
F,Palestine,Iraq,lowerlevel,G-09,B,Math,F,Father,Yes,Good,Under-7,0<x<25,0<x<24,x>73,50<x<74,2
F,Egypt,Egypt,lowerlevel,G-07,C,Science,S,Mum,Yes,Bad,Under-7,x>75,49<x<74,24<x<49,50<x<74,2
M,Lybia,Palestine,lowerlevel,G-05,A,French,S,Mum,No,Good,Under-7,x>75,0<x<24,0<x<24,1<x<25,1
M,Iraq,USA,HighSchool,G-09,A,French,F,Mum,No,Bad,Under-7,x>75,0<x<24,24<x<49,50<x<74,2
M,Tunis,lebanon,HighSchool,G-06,C,Chemistry,S,Mum,Yes,Bad,Under-7,x>75,24<x<49,x>73,1<x<25,0
M,Morocco,Morocco,MiddleSchool,G-06,A,IT,F,Father,Yes,Good,Under-7,0<x<25,0<x<24,0<x<24,x>74,1
F,KW,Syria,lowerlevel,G-02,B,French,F,Mum,Yes,Good,Under-7,x>75,24<x<49,49<x<73,25<x<50,0
F,USA,Iraq,lowerlevel,G-02,A,French,F,Father,No,Good,Above-7,x>75,24<x<49,x>73,25<x<50,2
F,KW,USA,MiddleSchool,G-02,A,Geology,S,Mum,Yes,Good,Above-7,50<x<75,x>74,0<x<24,25<x<50,0
F,SaudiArabia,Morocco,HighSchool,G-06,C,Science,S,Mum,No,Good,Above-7,0<x<25,x>74,24<x<49,x>74,2
M,lebanon,Iran,MiddleSchool,G-02,C,Chemistry,F,Mum,No,Bad,Under-7,25<x<50,49<x<74,x>73,50<x<74,2
F,Jordan,SaudiArabia,lowerlevel,G-05,B,Arabic,S,Father,No,Good,Under-7,x>75,0<x<24,24<x<49,x>74,1
M,Morocco,Tunis,lowerlevel,G-06,A,Arabic,S,Father,Yes,Good,Under-7,0<x<25,49<x<74,49<x<73,25<x<50,0
M,KW,Jordan,MiddleSchool,G-11,B,Quran,F,Mum,No,Bad,Above-7,0<x<25,0<x<24,x>73,25<x<50,1
F,Morocco,venzuela,HighSchool,G-09,A,Quran,S,Mum,No,Bad,Above-7,0<x<25,x>74,24<x<49,1<x<25,2
F,Morocco,Palestine,lowerlevel,G-09,B,Quran,S,Mum,Yes,Bad,Under-7,0<x<25,24<x<49,0<x<24,1<x<25,1
F,Syria,Tunis,MiddleSchool,G-09,C,IT,F,Mum,No,Good,Under-7,50<x<75,49<x<74,49<x<73,25<x<50,2
M,Morocco,Iraq,HighSchool,G-09,B,Arabic,S,Mum,Yes,Bad,Above-7,0<x<25,49<x<74,49<x<73,1<x<25,2
M,Iran,lebanon,HighSchool,G-06,C,Chemistry,S,Mum,No,Bad,Above-7,25<x<50,49<x<74,49<x<73,50<x<74,2
M,Iraq,Iran,lowerlevel,G-02,B,Chemistry,F,Mum,No,Good,Under-7,x>75,24<x<49,0<x<24,25<x<50,0
F,SaudiArabia,Egypt,MiddleSchool,G-08,A,English,S,Mum,Yes,Good,Under-7,x>75,49<x<74,49<x<73,50<x<74,0
M,Iraq,USA,HighSchool,G-04,C,History,F,Mum,No,Good,Above-7,50<x<75,49<x<74,49<x<73,50<x<74,2
F,venzuela,Tunis,lowerlevel,G-02,A,Chemistry,S,Mum,No,Good,Under-7,x>75,24<x<49,0<x<24,x<1,0
F,Egypt,Egypt,HighSchool,G-06,A,History,F,Mum,Yes,Good,Under-7,50<x<75,24<x<49,0<x<24,1<x<25,2
F,Egypt,Tunis,MiddleSchool,G-12,B,English,S,Father,No,Bad,Under-7,0<x<25,49<x<74,x>73,25<x<50,2
F,Egypt,KuwaIT,HighSchool,G-04,B,English,S,Mum,Yes,Bad,Above-7,0<x<25,0<x<24,x>73,25<x<50,2
F,venzuela,lebanon,HighSchool,G-04,A,Spanish,F,Mum,Yes,Bad,Under-7,0<x<25,49<x<74,0<x<24,50<x<74,2
F,KW,Iraq,lowerlevel,G-11,B,IT,S,Mum,Yes,Good,Under-7,25<x<50,x>74,24<x<49,x>74,2
F,USA,Egypt,lowerlevel,G-06,C,History,F,Mum,Yes,Bad,Above-7,25<x<50,0<x<24,0<x<24,x>74,1
M,venzuela,Egypt,MiddleSchool,G-06,B,IT,F,Father,Yes,Bad,Under-7,x>75,49<x<74,49<x<73,x>74,2
F,USA,lebanon,HighSchool,G-11,B,History,S,Mum,No,Bad,Under-7,50<x<75,x>74,0<x<24,50<x<74,0
F,Iraq,Syria,MiddleSchool,G-11,B,Arabic,S,Father,Yes,Bad,Under-7,x>75,24<x<49,49<x<73,x>74,0
M,lebanon,Palestine,HighSchool,G-02,C,Biology,S,Mum,No,Bad,Above-7,0<x<25,0<x<24,0<x<24,1<x<25,1
F,Syria,USA,MiddleSchool,G-11,B,Geology,S,Mum,No,Good,Above-7,x>75,x>74,0<x<24,25<x<50,0
F,Syria,USA,HighSchool,G-10,C,Biology,F,Mum,No,Bad,Above-7,0<x<25,x>74,0<x<24,1<x<25,1
M,Tunis,Tunis,HighSchool,G-02,B,IT,F,Mum,Yes,Bad,Under-7,x>75,x>74,0<x<24,25<x<50,0
M,Palestine,Egypt,lowerlevel,G-11,B,Chemistry,F,Mum,No,Bad,Under-7,0<x<25,49<x<74,0<x<24,50<x<74,2
F,Iran,venzuela,lowerlevel,G-05,B,History,S,Mum,No,Good,Above-7,25<x<50,0<x<24,49<x<73,1<x<25,1
M,Jordan,USA,MiddleSchool,G-11,A,Arabic,S,Father,Yes,Bad,Above-7,x>75,0<x<24,0<x<24,x>74,1
M,Iraq,Syria,lowerlevel,G-08,C,Quran,F,Father,Yes,Good,Above-7,25<x<50,0<x<24,24<x<49,50<x<74,1
M,Syria,Iraq,lowerlevel,G-05,B,Math,S,Father,Yes,Bad,Under-7,50<x<75,x>74,49<x<73,1<x<25,2
F,Egypt,Iran,HighSchool,G-05,A,Arabic,F,Mum,Yes,Bad,Under-7,x>75,x>74,0<x<24,50<x<74,0
M,Lybia,Jordan,lowerlevel,G-05,A,English,F,Father,No,Good,Above-7,25<x<50,0<x<24,0<x<24,25<x<50,1
M,Morocco,venzuela,lowerlevel,G-08,B,History,F,Father,Yes,Good,Under-7,0<x<25,24<x<49,0<x<24,x>74,2
M,venzuela,Egypt,MiddleSchool,G-11,C,History,S,Father,No,Bad,Above-7,0<x<25,49<x<74,24<x<49,1<x<25,1
F,Tunis,SaudiArabia,MiddleSchool,G-10,C,History,S,Mum,Yes,Good,Above-7,0<x<25,24<x<49,x>73,1<x<25,2
F,Lybia,venzuela,lowerlevel,G-08,C,IT,S,Father,No,Good,Above-7,0<x<25,0<x<24,x>73,x>74,1
M,Lybia,venzuela,MiddleSchool,G-04,C,Geology,F,Father,Yes,Bad,Above-7,0<x<25,x>74,0<x<24,1<x<25,1
M,Iraq,SaudiArabia,lowerlevel,G-04,A,Science,S,Father,Yes,Bad,Under-7,50<x<75,49<x<74,0<x<24,1<x<25,1
F,lebanon,Jordan,MiddleSchool,G-12,C,Math,F,Father,Yes,Bad,Above-7,x>75,24<x<49,24<x<49,25<x<50,2
M,Morocco,venzuela,MiddleSchool,G-04,B,Science,F,Mum,Yes,Good,Under-7,0<x<25,49<x<74,24<x<49,50<x<74,0
F,lebanon,Palestine,lowerlevel,G-12,A,Spanish,S,Father,No,Bad,Under-7,x>75,x>74,24<x<49,1<x<25,0
M,lebanon,Palestine,HighSchool,G-04,A,History,S,Mum,Yes,Bad,Under-7,25<x<50,0<x<24,24<x<49,50<x<74,0
M,Egypt,KuwaIT,lowerlevel,G-10,A,Spanish,F,Mum,Yes,Good,Above-7,0<x<25,0<x<24,x>73,x>74,1
M,USA,Palestine,lowerlevel,G-10,C,Biology,F,Mum,Yes,Good,Above-7,25<x<50,0<x<24,x>73,25<x<50,0
F,Iraq,lebanon,HighSchool,G-12,C,Spanish,S,Father,Yes,Good,Above-7,25<x<50,0<x<24,49<x<73,50<x<74,0
F,Jordan,Jordan,MiddleSchool,G-09,B,Spanish,F,Mum,Yes,Good,Under-7,25<x<50,24<x<49,0<x<24,x>74,2
F,Syria,Egypt,HighSchool,G-12,C,Science,S,Mum,No,Bad,Above-7,0<x<25,x>74,x>73,1<x<25,0
F,venzuela,USA,lowerlevel,G-06,B,Chemistry,F,Father,No,Bad,Above-7,50<x<75,49<x<74,49<x<73,50<x<74,0
M,USA,venzuela,HighSchool,G-05,C,IT,F,Father,Yes,Good,Above-7,x>75,49<x<74,x>73,25<x<50,0
M,Lybia,Tunis,HighSchool,G-02,B,English,S,Father,Yes,Good,Under-7,0<x<25,24<x<49,49<x<73,1<x<25,1
M,Egypt,USA,MiddleSchool,G-11,B,IT,F,Father,Yes,Good,Above-7,50<x<75,0<x<24,0<x<24,25<x<50,2
M,KW,USA,lowerlevel,G-04,C,Science,F,Father,Yes,Good,Under-7,0<x<25,24<x<49,x>73,25<x<50,0
M,USA,venzuela,lowerlevel,G-06,A,History,S,Father,Yes,Good,Under-7,0<x<25,24<x<49,49<x<73,50<x<74,0
M,Iraq,SaudiArabia,MiddleSchool,G-07,C,History,S,Father,No,Bad,Above-7,25<x<50,24<x<49,x>73,25<x<50,2
F,venzuela,Lybia,lowerlevel,G-11,B,Geology,S,Father,Yes,Good,Under-7,x>75,0<x<24,49<x<73,x>74,0
F,Palestine,Tunis,lowerlevel,G-12,A,Arabic,S,Mum,Yes,Bad,Above-7,0<x<25,49<x<74,0<x<24,50<x<74,1
F,Egypt,Palestine,lowerlevel,G-05,A,Spanish,S,Father,No,Bad,Under-7,0<x<25,49<x<74,0<x<24,25<x<50,2
M,Lybia,SaudiArabia,HighSchool,G-04,A,Geology,S,Mum,Yes,Bad,Under-7,x>75,24<x<49,49<x<73,1<x<25,0
F,Syria,Palestine,lowerlevel,G-12,B,Biology,S,Mum,Yes,Good,Under-7,50<x<75,x>74,24<x<49,x>74,0
M,Iraq,Iran,HighSchool,G-04,C,History,S,Mum,No,Good,Under-7,0<x<25,0<x<24,49<x<73,25<x<50,2
F,Syria,venzuela,HighSchool,G-08,C,Chemistry,S,Mum,Yes,Good,Above-7,50<x<75,49<x<74,49<x<73,25<x<50,0
M,KW,venzuela,HighSchool,G-10,A,Spanish,S,Father,Yes,Good,Above-7,25<x<50,x>74,24<x<49,x>74,0
M,Morocco,Iran,MiddleSchool,G-05,B,Chemistry,S,Mum,Yes,Bad,Above-7,50<x<75,x>74,24<x<49,x>74,2
M,Lybia,Morocco,MiddleSchool,G-09,A,History,S,Father,No,Good,Under-7,50<x<75,49<x<74,24<x<49,1<x<25,2
M,KW,KuwaIT,MiddleSchool,G-08,A,Chemistry,F,Father,No,Good,Under-7,0<x<25,49<x<74,24<x<49,1<x<25,2
M,Iran,USA,lowerlevel,G-12,B,English,F,Father,No,Bad,Above-7,25<x<50,x>74,0<x<24,x>74,2
M,Tunis,venzuela,MiddleSchool,G-02,C,Math,F,Mum,No,Bad,Under-7,0<x<25,49<x<74,24<x<49,25<x<50,2
F,venzuela,Iraq,MiddleSchool,G-09,B,Math,F,Mum,Yes,Bad,Above-7,25<x<50,0<x<24,0<x<24,x>74,1
F,Tunis,KuwaIT,lowerlevel,G-11,A,Math,S,Mum,No,Good,Under-7,25<x<50,x>74,49<x<73,x>74,2
M,Egypt,venzuela,MiddleSchool,G-08,C,History,F,Father,No,Bad,Under-7,25<x<50,x>74,49<x<73,1<x<25,2
M,Egypt,Morocco,HighSchool,G-12,B,Science,S,Father,No,Bad,Above-7,50<x<75,x>74,49<x<73,1<x<25,2
M,Egypt,Syria,HighSchool,G-07,C,Arabic,S,Father,Yes,Bad,Under-7,0<x<25,24<x<49,49<x<73,50<x<74,2
F,Lybia,Tunis,HighSchool,G-11,A,Science,F,Mum,No,Bad,Under-7,x>75,49<x<74,x>73,50<x<74,0
F,Morocco,Palestine,HighSchool,G-02,B,Biology,F,Mum,Yes,Good,Above-7,0<x<25,0<x<24,x>73,x>74,1
M,SaudiArabia,Iran,lowerlevel,G-11,B,English,S,Father,Yes,Bad,Above-7,25<x<50,x>74,0<x<24,x>74,2
F,Iraq,Jordan,lowerlevel,G-07,A,Math,F,Father,No,Good,Above-7,x>75,24<x<49,0<x<24,25<x<50,1
M,Morocco,Iran,MiddleSchool,G-12,C,Spanish,F,Father,No,Bad,Under-7,x>75,x>74,49<x<73,x>74,2
F,lebanon,Iran,lowerlevel,G-02,A,Chemistry,F,Mum,No,Bad,Above-7,25<x<50,49<x<74,24<x<49,50<x<74,2
M,KW,Iraq,HighSchool,G-06,B,Math,S,Mum,No,Good,Above-7,50<x<75,0<x<24,0<x<24,25<x<50,1
F,Iran,Tunis,lowerlevel,G-07,A,Chemistry,F,Mum,Yes,Bad,Above-7,x>75,0<x<24,49<x<73,x>74,0
F,KW,Tunis,MiddleSchool,G-07,B,History,S,Father,No,Good,Above-7,25<x<50,49<x<74,49<x<73,25<x<50,2
M,lebanon,Lybia,MiddleSchool,G-11,C,Quran,F,Mum,Yes,Bad,Above-7,50<x<75,x>74,49<x<73,x>74,0
M,Tunis,venzuela,lowerlevel,G-08,B,Science,F,Mum,Yes,Good,Under-7,25<x<50,x>74,0<x<24,1<x<25,2
M,Syria,KuwaIT,HighSchool,G-07,A,English,S,Mum,No,Good,Above-7,x>75,x>74,0<x<24,1<x<25,2
M,Iraq,Palestine,HighSchool,G-09,C,IT,S,Mum,No,Bad,Under-7,0<x<25,x>74,49<x<73,x>74,2
M,Tunis,Egypt,HighSchool,G-08,C,Biology,F,Father,No,Good,Above-7,x>75,0<x<24,49<x<73,1<x<25,2
F,Morocco,lebanon,lowerlevel,G-09,C,Quran,F,Father,No,Bad,Under-7,0<x<25,24<x<49,x>73,50<x<74,2
F,USA,SaudiArabia,MiddleSchool,G-04,C,French,S,Mum,No,Good,Above-7,x>75,x>74,0<x<24,1<x<25,0
M,Palestine,Palestine,HighSchool,G-09,C,Math,F,Mum,No,Bad,Above-7,x>75,49<x<74,49<x<73,50<x<74,2
F,SaudiArabia,lebanon,lowerlevel,G-07,C,Biology,S,Father,Yes,Good,Above-7,0<x<25,49<x<74,0<x<24,50<x<74,0
M,Morocco,Palestine,lowerlevel,G-08,C,Math,F,Father,Yes,Bad,Under-7,0<x<25,x>74,24<x<49,25<x<50,2
F,Iran,USA,lowerlevel,G-09,B,History,S,Mum,Yes,Good,Under-7,x>75,x>74,0<x<24,x>74,0
F,Palestine,Egypt,HighSchool,G-04,A,French,S,Father,Yes,Good,Above-7,50<x<75,24<x<49,0<x<24,x>74,2
M,lebanon,venzuela,HighSchool,G-05,B,Chemistry,F,Mum,No,Bad,Above-7,50<x<75,49<x<74,49<x<73,25<x<50,0
F,SaudiArabia,Syria,HighSchool,G-04,B,IT,F,Father,No,Bad,Under-7,0<x<25,49<x<74,0<x<24,1<x<25,2
F,USA,KuwaIT,MiddleSchool,G-04,B,Math,S,Mum,No,Good,Under-7,50<x<75,49<x<74,0<x<24,25<x<50,0
M,lebanon,lebanon,HighSchool,G-12,C,Biology,F,Mum,Yes,Good,Under-7,x>75,49<x<74,49<x<73,25<x<50,0
M,lebanon,Syria,MiddleSchool,G-08,C,Chemistry,S,Father,Yes,Good,Above-7,x>75,0<x<24,0<x<24,25<x<50,2
F,USA,Iraq,HighSchool,G-06,C,Spanish,F,Mum,No,Good,Under-7,x>75,x>74,49<x<73,x>74,0
F,Tunis,KuwaIT,lowerlevel,G-06,A,French,S,Mum,No,Good,Above-7,50<x<75,0<x<24,x>73,50<x<74,2
M,venzuela,venzuela,lowerlevel,G-04,A,Quran,S,Mum,No,Bad,Above-7,x>75,49<x<74,x>73,50<x<74,0
M,Egypt,Palestine,lowerlevel,G-11,A,Math,S,Father,Yes,Good,Above-7,25<x<50,49<x<74,24<x<49,25<x<50,2
F,Syria,lebanon,HighSchool,G-09,B,French,F,Father,Yes,Bad,Above-7,25<x<50,24<x<49,0<x<24,1<x<25,1
F,Jordan,Palestine,lowerlevel,G-04,B,Arabic,S,Father,No,Bad,Under-7,x>75,x>74,0<x<24,50<x<74,0
F,Jordan,Palestine,HighSchool,G-04,A,English,F,Mum,Yes,Good,Under-7,0<x<25,24<x<49,49<x<73,25<x<50,2
F,venzuela,Syria,HighSchool,G-10,C,English,F,Father,Yes,Bad,Under-7,x>75,x>74,0<x<24,25<x<50,0
F,Lybia,Syria,MiddleSchool,G-10,B,Biology,S,Mum,No,Good,Above-7,x>75,24<x<49,49<x<73,1<x<25,2
F,Palestine,lebanon,MiddleSchool,G-12,C,English,F,Mum,No,Bad,Under-7,x>75,x>74,x>73,25<x<50,0
M,Morocco,Iran,lowerlevel,G-12,C,Biology,F,Father,No,Good,Above-7,0<x<25,0<x<24,x<0,x>74,1
M,Palestine,Palestine,HighSchool,G-12,A,French,S,Mum,Yes,Bad,Under-7,x>75,49<x<74,0<x<24,1<x<25,0
F,Iran,Syria,lowerlevel,G-12,B,IT,S,Father,No,Good,Under-7,50<x<75,x>74,24<x<49,1<x<25,2
F,Iraq,Lybia,lowerlevel,G-07,C,Arabic,S,Father,Yes,Good,Above-7,50<x<75,0<x<24,49<x<73,25<x<50,2
F,Lybia,KuwaIT,lowerlevel,G-08,A,Chemistry,S,Father,No,Good,Above-7,50<x<75,x>74,24<x<49,25<x<50,0
F,USA,Iran,HighSchool,G-12,C,History,S,Mum,No,Good,Above-7,50<x<75,x>74,0<x<24,25<x<50,2
M,Egypt,Jordan,HighSchool,G-12,B,Science,F,Father,No,Bad,Under-7,x>75,0<x<24,49<x<73,1<x<25,2
M,venzuela,Jordan,MiddleSchool,G-07,C,Science,S,Father,No,Good,Above-7,50<x<75,0<x<24,0<x<24,25<x<50,1
M,Iraq,Egypt,HighSchool,G-10,C,Biology,S,Father,No,Good,Under-7,x<0,0<x<24,0<x<24,x>74,1
F,Iran,Palestine,MiddleSchool,G-06,B,French,F,Father,Yes,Good,Above-7,25<x<50,49<x<74,49<x<73,50<x<74,2
F,Lybia,venzuela,lowerlevel,G-12,B,IT,F,Mum,No,Good,Above-7,50<x<75,24<x<49,0<x<24,1<x<25,1
M,Tunis,lebanon,lowerlevel,G-04,C,Chemistry,S,Father,No,Bad,Above-7,x>75,0<x<24,24<x<49,50<x<74,0
M,SaudiArabia,Tunis,MiddleSchool,G-10,C,Science,F,Mum,No,Good,Under-7,50<x<75,24<x<49,0<x<24,25<x<50,2
M,Syria,Iraq,MiddleSchool,G-09,A,French,S,Mum,No,Bad,Above-7,x>75,49<x<74,x>73,25<x<50,2
F,Tunis,Palestine,lowerlevel,G-07,B,English,F,Father,Yes,Good,Above-7,x>75,49<x<74,0<x<24,1<x<25,2
F,Egypt,Iraq,HighSchool,G-09,C,IT,S,Mum,No,Good,Under-7,x>75,24<x<49,24<x<49,1<x<25,2
F,Palestine,Lybia,MiddleSchool,G-12,C,Spanish,S,Father,Yes,Bad,Above-7,50<x<75,49<x<74,24<x<49,x>74,2
M,lebanon,lebanon,HighSchool,G-12,C,French,F,Father,No,Good,Under-7,50<x<75,0<x<24,24<x<49,x>74,0
F,Syria,Tunis,lowerlevel,G-02,C,Spanish,F,Mum,No,Good,Above-7,x>75,x>74,x>73,25<x<50,0
M,Egypt,venzuela,lowerlevel,G-08,B,Spanish,S,Mum,No,Good,Above-7,x>75,x>74,0<x<24,1<x<25,0
F,Palestine,Jordan,MiddleSchool,G-02,C,English,S,Father,Yes,Bad,Under-7,25<x<50,0<x<24,0<x<24,1<x<25,2
F,Syria,USA,HighSchool,G-09,C,English,S,Mum,No,Bad,Under-7,0<x<25,49<x<74,24<x<49,25<x<50,2
F,Palestine,KuwaIT,HighSchool,G-07,C,Spanish,S,Mum,Yes,Good,Above-7,x>75,24<x<49,49<x<73,x>74,2
F,USA,lebanon,lowerlevel,G-05,A,Quran,S,Mum,No,Good,Under-7,0<x<25,0<x<24,0<x<24,1<x<25,2
M,KW,Morocco,lowerlevel,G-12,C,Chemistry,F,Father,No,Bad,Above-7,x>75,x>74,x>73,50<x<74,2
M,Iraq,Egypt,MiddleSchool,G-06,A,Math,S,Father,Yes,Bad,Above-7,x>75,24<x<49,24<x<49,25<x<50,2
F,SaudiArabia,USA,MiddleSchool,G-04,B,Arabic,S,Father,No,Good,Under-7,x>75,x>74,24<x<49,25<x<50,0
M,Jordan,venzuela,HighSchool,G-12,C,Quran,F,Father,No,Bad,Above-7,50<x<75,x>74,49<x<73,x>74,0
M,Palestine,SaudiArabia,MiddleSchool,G-07,C,Science,S,Father,No,Good,Above-7,50<x<75,x>74,0<x<24,50<x<74,2
F,KW,Palestine,HighSchool,G-12,A,Chemistry,S,Father,No,Good,Under-7,0<x<25,x>74,49<x<73,25<x<50,0
F,Tunis,Iraq,HighSchool,G-07,A,Science,S,Father,No,Bad,Under-7,25<x<50,49<x<74,24<x<49,1<x<25,2
F,Egypt,Lybia,HighSchool,G-02,C,French,S,Father,Yes,Good,Under-7,x>75,24<x<49,49<x<73,x>74,0
M,Egypt,SaudiArabia,MiddleSchool,G-11,B,IT,S,Father,No,Bad,Under-7,25<x<50,x>74,0<x<24,25<x<50,2
M,lebanon,KuwaIT,lowerlevel,G-10,B,English,F,Father,No,Bad,Above-7,25<x<50,49<x<74,0<x<24,50<x<74,1
M,Syria,Palestine,MiddleSchool,G-07,C,Spanish,F,Mum,No,Bad,Above-7,x>75,x>74,x>73,25<x<50,2
F,Morocco,Syria,lowerlevel,G-02,A,Spanish,S,Father,No,Good,Under-7,50<x<75,0<x<24,49<x<73,50<x<74,0
M,venzuela,venzuela,lowerlevel,G-10,A,History,F,Father,Yes,Bad,Under-7,0<x<25,49<x<74,49<x<73,50<x<74,0
F,SaudiArabia,Iraq,lowerlevel,G-05,B,IT,F,Mum,Yes,Bad,Above-7,0<x<25,x>74,0<x<24,1<x<25,2
M,Tunis,Tunis,HighSchool,G-09,B,History,F,Mum,Yes,Bad,Under-7,0<x<25,x>74,49<x<73,50<x<74,0
M,Syria,Tunis,HighSchool,G-08,B,Chemistry,F,Mum,Yes,Good,Under-7,25<x<50,49<x<74,49<x<73,25<x<50,0
M,Iran,USA,HighSchool,G-07,C,Chemistry,S,Father,Yes,Bad,Above-7,x>75,24<x<49,24<x<49,x>74,0
M,Lybia,KuwaIT,HighSchool,G-05,A,Chemistry,F,Mum,No,Bad,Above-7,x>75,24<x<49,0<x<24,25<x<50,1
M,Tunis,lebanon,lowerlevel,G-05,B,Chemistry,F,Mum,No,Good,Above-7,x>75,24<x<49,0<x<24,x>74,0
F,USA,SaudiArabia,lowerlevel,G-07,C,Geology,S,Mum,No,Bad,Above-7,0<x<25,24<x<49,49<x<73,50<x<74,2
M,venzuela,lebanon,HighSchool,G-11,B,IT,F,Mum,Yes,Bad,Under-7,25<x<50,x>74,24<x<49,50<x<74,0
M,Morocco,Lybia,HighSchool,G-10,C,Science,S,Mum,Yes,Bad,Under-7,50<x<75,0<x<24,0<x<24,50<x<74,1
F,Palestine,Iran,HighSchool,G-12,C,Spanish,F,Father,Yes,Good,Under-7,25<x<50,24<x<49,49<x<73,25<x<50,2
M,Jordan,venzuela,lowerlevel,G-05,A,Math,S,Father,No,Good,Under-7,x>75,49<x<74,24<x<49,x>74,0
M,Tunis,Iran,MiddleSchool,G-05,B,Spanish,S,Mum,No,Good,Above-7,0<x<25,x>74,24<x<49,x>74,2
F,Egypt,lebanon,lowerlevel,G-11,B,French,F,Father,Yes,Good,Under-7,50<x<75,24<x<49,49<x<73,50<x<74,0
M,Egypt,Syria,HighSchool,G-12,C,Science,S,Father,Yes,Good,Under-7,0<x<25,0<x<24,0<x<24,25<x<50,1
M,Jordan,Iraq,lowerlevel,G-08,C,History,F,Mum,Yes,Good,Above-7,x>75,49<x<74,49<x<73,x>74,2
M,SaudiArabia,Iran,lowerlevel,G-06,C,History,F,Father,No,Bad,Above-7,0<x<25,49<x<74,0<x<24,1<x<25,1
M,Egypt,Syria,HighSchool,G-02,A,Spanish,F,Mum,No,Bad,Above-7,0<x<25,x>74,24<x<49,25<x<50,2
M,Iran,Tunis,HighSchool,G-04,A,Science,S,Mum,No,Bad,Under-7,x>75,24<x<49,49<x<73,x>74,0
F,Jordan,Lybia,MiddleSchool,G-12,A,English,F,Father,No,Bad,Above-7,x<0,24<x<49,24<x<49,1<x<25,1
M,venzuela,Egypt,HighSchool,G-10,B,History,F,Father,Yes,Bad,Above-7,25<x<50,x>74,x>73,1<x<25,2
M,KW,USA,MiddleSchool,G-10,B,IT,F,Mum,No,Good,Above-7,x>75,0<x<24,49<x<73,25<x<50,2
M,Syria,KuwaIT,lowerlevel,G-04,A,Chemistry,S,Father,Yes,Good,Above-7,x>75,24<x<49,49<x<73,x>74,2
M,Iran,lebanon,lowerlevel,G-05,B,Biology,S,Mum,Yes,Bad,Under-7,x>75,24<x<49,0<x<24,1<x<25,0
M,SaudiArabia,Palestine,MiddleSchool,G-11,C,French,F,Father,No,Good,Above-7,0<x<25,24<x<49,24<x<49,x>74,1
M,Egypt,Tunis,MiddleSchool,G-04,B,Quran,F,Mum,Yes,Bad,Above-7,25<x<50,0<x<24,49<x<73,x>74,2
F,Lybia,Iran,MiddleSchool,G-04,B,History,F,Father,Yes,Good,Under-7,50<x<75,x>74,24<x<49,x>74,0
F,Syria,KuwaIT,MiddleSchool,G-07,B,French,S,Mum,Yes,Bad,Above-7,0<x<25,0<x<24,49<x<73,25<x<50,2
F,venzuela,Egypt,MiddleSchool,G-08,A,English,S,Mum,Yes,Bad,Under-7,0<x<25,24<x<49,49<x<73,25<x<50,2
M,Tunis,lebanon,MiddleSchool,G-11,B,French,F,Mum,No,Bad,Under-7,x>75,49<x<74,24<x<49,25<x<50,0
M,Jordan,Palestine,HighSchool,G-04,B,Geology,F,Father,Yes,Good,Above-7,0<x<25,49<x<74,24<x<49,25<x<50,2
F,Lybia,Egypt,MiddleSchool,G-08,B,History,S,Mum,No,Bad,Under-7,x>75,0<x<24,x>73,50<x<74,0
F,Palestine,lebanon,MiddleSchool,G-04,A,Math,F,Father,No,Bad,Above-7,50<x<75,x>74,49<x<73,1<x<25,0
F,Palestine,Jordan,lowerlevel,G-05,C,Science,F,Mum,No,Bad,Above-7,50<x<75,0<x<24,0<x<24,25<x<50,1
F,Iraq,Jordan,HighSchool,G-02,B,Quran,F,Father,Yes,Bad,Under-7,0<x<25,24<x<49,49<x<73,25<x<50,2
M,Egypt,Iran,MiddleSchool,G-06,A,IT,S,Mum,No,Bad,Above-7,0<x<25,x>74,24<x<49,x>74,2
M,venzuela,SaudiArabia,HighSchool,G-05,B,Chemistry,F,Mum,No,Bad,Under-7,25<x<50,49<x<74,49<x<73,1<x<25,0
M,lebanon,Egypt,lowerlevel,G-11,C,French,S,Mum,Yes,Good,Under-7,0<x<25,24<x<49,49<x<73,1<x<25,2
M,Morocco,venzuela,HighSchool,G-06,A,Spanish,F,Father,No,Bad,Above-7,0<x<25,49<x<74,24<x<49,1<x<25,1
M,venzuela,Morocco,MiddleSchool,G-07,A,Biology,F,Father,No,Good,Under-7,x>75,24<x<49,0<x<24,1<x<25,2
F,lebanon,lebanon,HighSchool,G-02,B,Geology,S,Father,No,Bad,Under-7,25<x<50,24<x<49,0<x<24,25<x<50,2
F,Tunis,Tunis,MiddleSchool,G-05,B,Spanish,F,Father,Yes,Bad,Under-7,25<x<50,24<x<49,49<x<73,x>74,2
F,Tunis,KuwaIT,MiddleSchool,G-02,B,Spanish,S,Father,Yes,Good,Above-7,x>75,0<x<24,24<x<49,50<x<74,2
M,Jordan,venzuela,HighSchool,G-07,A,Math,F,Father,No,Good,Above-7,x>75,24<x<49,0<x<24,1<x<25,1
M,Egypt,lebanon,HighSchool,G-11,A,Math,S,Mum,No,Good,Above-7,25<x<50,0<x<24,0<x<24,25<x<50,2
F,KW,Iraq,MiddleSchool,G-10,C,History,F,Father,Yes,Good,Under-7,0<x<25,x>74,24<x<49,50<x<74,2
M,Syria,Lybia,MiddleSchool,G-06,A,English,S,Mum,No,Good,Under-7,50<x<75,x>74,49<x<73,1<x<25,2
M,Tunis,KuwaIT,HighSchool,G-05,B,Math,F,Father,Yes,Bad,Under-7,x>75,x>74,24<x<49,x>74,2
F,lebanon,Morocco,HighSchool,G-04,A,History,F,Father,Yes,Good,Under-7,25<x<50,0<x<24,x>73,1<x<25,2
F,Syria,KuwaIT,HighSchool,G-09,B,Science,S,Father,Yes,Bad,Above-7,50<x<75,0<x<24,49<x<73,25<x<50,1
F,Syria,Iran,lowerlevel,G-11,B,Spanish,S,Mum,Yes,Bad,Above-7,0<x<25,x>74,x>73,x>74,2
F,Syria,Tunis,lowerlevel,G-07,B,Biology,S,Mum,Yes,Bad,Under-7,0<x<25,49<x<74,0<x<24,1<x<25,2
M,USA,Iraq,lowerlevel,G-05,A,Geology,S,Mum,No,Bad,Above-7,25<x<50,0<x<24,49<x<73,25<x<50,2
F,Iran,Syria,lowerlevel,G-05,B,Biology,S,Father,No,Bad,Under-7,0<x<25,0<x<24,49<x<73,25<x<50,1
M,SaudiArabia,USA,HighSchool,G-05,B,Arabic,S,Mum,Yes,Bad,Under-7,50<x<75,0<x<24,49<x<73,x>74,0
F,SaudiArabia,Morocco,lowerlevel,G-06,B,French,S,Mum,Yes,Good,Above-7,50<x<75,0<x<24,49<x<73,25<x<50,2
M,Morocco,Morocco,HighSchool,G-12,B,Quran,F,Mum,No,Good,Above-7,x>75,49<x<74,49<x<73,x>74,0
F,Iran,lebanon,MiddleSchool,G-09,B,History,S,Mum,No,Bad,Above-7,0<x<25,24<x<49,0<x<24,25<x<50,2
F,SaudiArabia,Iraq,lowerlevel,G-04,A,Science,S,Mum,No,Good,Above-7,25<x<50,0<x<24,49<x<73,25<x<50,2
F,KW,lebanon,HighSchool,G-07,C,Spanish,S,Father,Yes,Bad,Under-7,50<x<75,49<x<74,49<x<73,1<x<25,2
M,Syria,Egypt,HighSchool,G-09,C,French,S,Mum,No,Good,Under-7,0<x<25,24<x<49,0<x<24,1<x<25,1
M,Jordan,Jordan,MiddleSchool,G-04,C,Biology,F,Mum,Yes,Good,Under-7,25<x<50,0<x<24,0<x<24,50<x<74,2
F,SaudiArabia,Morocco,HighSchool,G-12,A,Arabic,S,Father,Yes,Good,Above-7,50<x<75,49<x<74,0<x<24,25<x<50,2
M,Iran,Iran,MiddleSchool,G-04,B,Chemistry,F,Mum,No,Good,Under-7,x>75,49<x<74,x>73,25<x<50,0
M,Tunis,Syria,MiddleSchool,G-06,B,History,F,Mum,No,Good,Under-7,50<x<75,0<x<24,49<x<73,50<x<74,0
F,lebanon,Morocco,lowerlevel,G-11,B,Quran,S,Father,Yes,Bad,Above-7,x>75,0<x<24,24<x<49,1<x<25,1
F,Iran,Iran,MiddleSchool,G-04,C,Chemistry,S,Mum,Yes,Good,Under-7,0<x<25,49<x<74,24<x<49,1<x<25,0
M,Egypt,KuwaIT,MiddleSchool,G-08,B,French,S,Mum,Yes,Bad,Under-7,x<0,x>74,0<x<24,1<x<25,2
F,Iraq,Lybia,lowerlevel,G-09,A,Chemistry,S,Father,No,Bad,Under-7,25<x<50,0<x<24,49<x<73,x>74,1
M,Tunis,Iraq,HighSchool,G-07,A,French,F,Father,Yes,Bad,Above-7,x>75,0<x<24,49<x<73,25<x<50,2
F,Palestine,Palestine,HighSchool,G-02,B,Arabic,F,Mum,Yes,Good,Above-7,50<x<75,x>74,49<x<73,50<x<74,0
M,KW,Lybia,HighSchool,G-09,C,Geology,F,Mum,No,Bad,Above-7,0<x<25,49<x<74,0<x<24,50<x<74,1
F,Syria,Iran,MiddleSchool,G-06,C,IT,F,Mum,No,Good,Under-7,0<x<25,x>74,0<x<24,25<x<50,2
F,Egypt,Palestine,HighSchool,G-02,A,English,F,Mum,No,Bad,Above-7,x>75,0<x<24,24<x<49,25<x<50,1
M,Morocco,Tunis,lowerlevel,G-04,B,Quran,S,Mum,Yes,Good,Above-7,0<x<25,24<x<49,0<x<24,1<x<25,1
F,SaudiArabia,Morocco,MiddleSchool,G-06,C,Biology,S,Father,No,Good,Under-7,50<x<75,x>74,49<x<73,x>74,0
M,KW,lebanon,MiddleSchool,G-07,A,Spanish,S,Father,Yes,Good,Under-7,0<x<25,0<x<24,49<x<73,x>74,2
F,Iraq,Jordan,HighSchool,G-06,A,Chemistry,F,Father,Yes,Bad,Above-7,0<x<25,49<x<74,0<x<24,50<x<74,2
F,USA,USA,MiddleSchool,G-04,B,Chemistry,F,Father,Yes,Bad,Above-7,25<x<50,24<x<49,0<x<24,50<x<74,0
F,Palestine,lebanon,lowerlevel,G-12,C,Math,F,Father,Yes,Good,Above-7,25<x<50,24<x<49,49<x<73,1<x<25,2
M,Tunis,Tunis,HighSchool,G-07,C,French,S,Mum,No,Bad,Under-7,50<x<75,x>74,0<x<24,x>74,0
F,Iran,SaudiArabia,MiddleSchool,G-05,A,French,S,Father,Yes,Good,Above-7,x>75,24<x<49,0<x<24,x>74,0
M,USA,KuwaIT,lowerlevel,G-04,A,Arabic,F,Father,No,Bad,Under-7,0<x<25,x>74,0<x<24,25<x<50,2
F,USA,Lybia,MiddleSchool,G-09,A,English,S,Father,Yes,Bad,Under-7,25<x<50,24<x<49,24<x<49,x>74,2
M,Tunis,USA,lowerlevel,G-09,A,Biology,S,Father,No,Good,Above-7,x>75,49<x<74,24<x<49,x>74,0
M,Egypt,Tunis,MiddleSchool,G-08,C,Math,F,Father,Yes,Good,Under-7,50<x<75,x>74,x>73,50<x<74,0
F,venzuela,Palestine,HighSchool,G-06,C,History,S,Father,No,Good,Above-7,25<x<50,24<x<49,0<x<24,x>74,2
M,venzuela,Iraq,HighSchool,G-04,A,Biology,S,Mum,Yes,Bad,Under-7,0<x<25,x>74,49<x<73,1<x<25,2
M,Palestine,USA,MiddleSchool,G-10,C,English,S,Mum,No,Good,Under-7,0<x<25,0<x<24,24<x<49,50<x<74,1
M,Palestine,Palestine,lowerlevel,G-04,B,Geology,S,Mum,Yes,Bad,Under-7,x>75,0<x<24,24<x<49,25<x<50,0
M,KW,Iraq,HighSchool,G-07,B,IT,S,Mum,No,Bad,Above-7,x>75,0<x<24,0<x<24,50<x<74,1
F,Iraq,Iran,MiddleSchool,G-10,A,Science,S,Father,Yes,Bad,Under-7,x>75,x>74,x>73,1<x<25,2
M,Tunis,SaudiArabia,HighSchool,G-02,B,Math,F,Mum,No,Good,Under-7,0<x<25,0<x<24,24<x<49,x>74,2
M,lebanon,Syria,lowerlevel,G-02,C,Science,S,Mum,Yes,Good,Under-7,50<x<75,x>74,0<x<24,25<x<50,0
F,Iraq,lebanon,MiddleSchool,G-07,B,Math,S,Father,Yes,Good,Above-7,50<x<75,49<x<74,x>73,25<x<50,2
F,Jordan,Morocco,MiddleSchool,G-11,A,Biology,F,Mum,Yes,Good,Under-7,x>75,x>74,x>73,x>74,0
F,SaudiArabia,venzuela,HighSchool,G-10,B,French,F,Mum,Yes,Bad,Above-7,x>75,0<x<24,x>73,1<x<25,0
M,Morocco,Iraq,lowerlevel,G-12,A,English,F,Father,No,Good,Above-7,x>75,0<x<24,0<x<24,25<x<50,1
M,Morocco,lebanon,MiddleSchool,G-06,C,English,S,Mum,Yes,Good,Above-7,50<x<75,x>74,x>73,25<x<50,0
M,USA,Tunis,MiddleSchool,G-05,C,Quran,S,Father,Yes,Good,Under-7,50<x<75,x>74,49<x<73,50<x<74,0
M,USA,Palestine,lowerlevel,G-08,B,Spanish,F,Mum,No,Bad,Above-7,0<x<25,49<x<74,0<x<24,25<x<50,2
M,Jordan,KuwaIT,HighSchool,G-05,A,Quran,F,Mum,Yes,Bad,Above-7,0<x<25,x>74,24<x<49,1<x<25,1
M,SaudiArabia,lebanon,HighSchool,G-11,B,Geology,S,Mum,No,Good,Under-7,x>75,49<x<74,24<x<49,x>74,0
M,USA,Egypt,MiddleSchool,G-09,B,Chemistry,S,Mum,No,Good,Above-7,x>75,x>74,x>73,1<x<25,2
F,Palestine,Jordan,lowerlevel,G-08,A,Geology,F,Father,No,Bad,Under-7,0<x<25,0<x<24,x>73,25<x<50,1
F,venzuela,Palestine,lowerlevel,G-12,A,Quran,S,Mum,Yes,Bad,Above-7,25<x<50,49<x<74,x>73,50<x<74,0
F,Palestine,Egypt,MiddleSchool,G-09,B,English,F,Mum,Yes,Bad,Above-7,x>75,0<x<24,49<x<73,50<x<74,2
M,lebanon,Lybia,lowerlevel,G-12,A,IT,S,Mum,No,Good,Above-7,0<x<25,24<x<49,49<x<73,25<x<50,1
M,Iraq,Jordan,lowerlevel,G-12,C,Quran,F,Father,No,Good,Under-7,0<x<25,0<x<24,24<x<49,50<x<74,2
M,SaudiArabia,SaudiArabia,MiddleSchool,G-06,C,History,S,Mum,No,Good,Above-7,25<x<50,49<x<74,0<x<24,50<x<74,2
F,Palestine,USA,lowerlevel,G-10,B,Science,F,Mum,No,Bad,Under-7,x>75,24<x<49,24<x<49,25<x<50,2
F,SaudiArabia,KuwaIT,HighSchool,G-10,C,Biology,S,Father,Yes,Good,Above-7,0<x<25,x>74,49<x<73,x>74,0
F,venzuela,Jordan,lowerlevel,G-12,C,French,S,Father,Yes,Good,Under-7,50<x<75,0<x<24,x<0,50<x<74,2
F,venzuela,Egypt,lowerlevel,G-06,C,Chemistry,F,Father,Yes,Good,Above-7,0<x<25,x>74,24<x<49,1<x<25,2
F,USA,Jordan,MiddleSchool,G-04,B,English,S,Mum,No,Bad,Above-7,0<x<25,x>74,0<x<24,1<x<25,2
F,SaudiArabia,Iran,HighSchool,G-06,A,Math,F,Mum,Yes,Good,Above-7,50<x<75,0<x<24,49<x<73,50<x<74,2
F,Syria,KuwaIT,lowerlevel,G-06,B,Quran,S,Father,Yes,Good,Under-7,0<x<25,49<x<74,0<x<24,25<x<50,2
M,Palestine,KuwaIT,lowerlevel,G-09,A,Math,F,Mum,No,Bad,Under-7,25<x<50,49<x<74,24<x<49,x>74,2
M,Palestine,Jordan,MiddleSchool,G-05,C,French,F,Mum,No,Bad,Above-7,50<x<75,x>74,24<x<49,1<x<25,2
M,USA,KuwaIT,HighSchool,G-08,C,Quran,S,Father,Yes,Good,Above-7,x>75,24<x<49,49<x<73,x>74,2
F,USA,Jordan,lowerlevel,G-04,B,IT,S,Mum,No,Bad,Above-7,x>75,0<x<24,0<x<24,x>74,1
F,KW,Tunis,lowerlevel,G-06,B,Arabic,S,Mum,Yes,Bad,Under-7,50<x<75,0<x<24,0<x<24,x<1,1
M,Iran,Lybia,lowerlevel,G-06,B,Chemistry,F,Father,Yes,Bad,Under-7,50<x<75,x>74,x>73,1<x<25,2
F,Morocco,Lybia,lowerlevel,G-06,A,Geology,S,Mum,No,Good,Above-7,0<x<25,0<x<24,49<x<73,50<x<74,1
M,Lybia,SaudiArabia,HighSchool,G-08,A,Chemistry,S,Father,No,Good,Above-7,0<x<25,0<x<24,24<x<49,x>74,1
F,Iran,lebanon,lowerlevel,G-09,C,Quran,F,Father,Yes,Good,Under-7,x>75,24<x<49,24<x<49,25<x<50,2
F,Lybia,Jordan,lowerlevel,G-08,B,Biology,S,Father,No,Good,Under-7,0<x<25,0<x<24,24<x<49,1<x<25,1
M,Iran,Tunis,HighSchool,G-07,B,IT,S,Mum,Yes,Good,Above-7,x>75,49<x<74,49<x<73,25<x<50,0
M,venzuela,Morocco,HighSchool,G-12,A,Chemistry,S,Father,Yes,Bad,Under-7,x>75,x>74,24<x<49,1<x<25,0
F,lebanon,Iraq,lowerlevel,G-07,B,History,S,Mum,Yes,Good,Above-7,25<x<50,0<x<24,0<x<24,25<x<50,1
F,Egypt,Iran,HighSchool,G-02,C,Science,F,Father,Yes,Good,Above-7,50<x<75,24<x<49,49<x<73,x>74,0
M,Egypt,venzuela,HighSchool,G-12,B,Quran,S,Father,No,Good,Under-7,50<x<75,49<x<74,0<x<24,50<x<74,0
M,Tunis,USA,MiddleSchool,G-04,C,Math,S,Father,Yes,Good,Under-7,50<x<75,49<x<74,49<x<73,x>74,0
F,Tunis,Jordan,lowerlevel,G-09,B,Quran,S,Mum,No,Good,Above-7,50<x<75,49<x<74,24<x<49,1<x<25,2
F,Syria,Iran,lowerlevel,G-12,A,Chemistry,F,Father,Yes,Good,Under-7,0<x<25,24<x<49,0<x<24,1<x<25,0
F,Tunis,lebanon,HighSchool,G-07,C,French,S,Mum,Yes,Good,Above-7,x<0,24<x<49,0<x<24,1<x<25,0
F,Tunis,lebanon,lowerlevel,G-04,B,English,F,Father,No,Bad,Under-7,x>75,x<0,x>73,50<x<74,0
F,KW,Palestine,lowerlevel,G-05,B,English,S,Father,Yes,Good,Above-7,0<x<25,x>74,24<x<49,50<x<74,2
M,KW,Jordan,lowerlevel,G-07,A,Chemistry,F,Mum,Yes,Bad,Above-7,25<x<50,0<x<24,49<x<73,25<x<50,2
F,lebanon,Iraq,HighSchool,G-02,B,Spanish,F,Father,Yes,Good,Above-7,x>75,24<x<49,0<x<24,1<x<25,2
F,Jordan,Egypt,lowerlevel,G-07,A,English,S,Mum,No,Bad,Under-7,25<x<50,x>74,49<x<73,50<x<74,0
F,Lybia,SaudiArabia,HighSchool,G-02,B,Math,S,Father,No,Bad,Above-7,x>75,0<x<24,x>73,1<x<25,1
F,Palestine,Syria,HighSchool,G-11,A,English,S,Mum,Yes,Bad,Under-7,50<x<75,49<x<74,0<x<24,50<x<74,0
M,Morocco,Egypt,MiddleSchool,G-10,A,Arabic,S,Father,Yes,Good,Under-7,0<x<25,0<x<24,0<x<24,50<x<74,1
M,Iraq,Morocco,HighSchool,G-11,A,Science,S,Father,Yes,Bad,Under-7,50<x<75,x>74,0<x<24,50<x<74,2
F,Syria,Jordan,lowerlevel,G-07,A,Quran,S,Mum,Yes,Bad,Under-7,0<x<25,0<x<24,24<x<49,x>74,1
M,Iran,KuwaIT,MiddleSchool,G-09,C,Math,F,Father,No,Good,Under-7,0<x<25,0<x<24,24<x<49,25<x<50,1
F,lebanon,Jordan,MiddleSchool,G-10,C,Spanish,F,Mum,Yes,Good,Above-7,x>75,0<x<24,49<x<73,25<x<50,2
F,Syria,KuwaIT,HighSchool,G-10,A,Geology,S,Father,No,Bad,Under-7,25<x<50,49<x<74,x>73,50<x<74,2
M,Iran,SaudiArabia,MiddleSchool,G-08,B,Spanish,S,Mum,Yes,Bad,Under-7,50<x<75,x<0,24<x<49,1<x<25,2
M,Tunis,Syria,MiddleSchool,G-10,B,Spanish,S,Father,No,Bad,Under-7,0<x<25,49<x<74,x>73,x>74,2
M,Tunis,Lybia,lowerlevel,G-10,A,Geology,F,Father,No,Bad,Under-7,x>75,24<x<49,49<x<73,1<x<25,2
F,Lybia,Morocco,lowerlevel,G-02,B,Geology,S,Father,No,Bad,Above-7,25<x<50,49<x<74,0<x<24,x<1,1
F,Jordan,Jordan,HighSchool,G-02,C,Math,S,Father,No,Bad,Above-7,0<x<25,49<x<74,49<x<73,1<x<25,1
M,Palestine,Jordan,lowerlevel,G-10,A,History,F,Mum,No,Bad,Above-7,x>75,x>74,49<x<73,1<x<25,2
M,Tunis,Lybia,MiddleSchool,G-04,A,Biology,F,Father,Yes,Bad,Under-7,0<x<25,0<x<24,49<x<73,1<x<25,2
F,Lybia,KuwaIT,lowerlevel,G-11,A,Biology,F,Father,Yes,Good,Under-7,50<x<75,24<x<49,0<x<24,x>74,2
M,USA,SaudiArabia,lowerlevel,G-10,B,History,S,Mum,Yes,Good,Under-7,50<x<75,x>74,24<x<49,1<x<25,0
M,Tunis,Jordan,HighSchool,G-11,C,Quran,S,Father,No,Bad,Above-7,x>75,x>74,24<x<49,x>74,0
M,Morocco,Lybia,HighSchool,G-02,C,English,F,Father,No,Good,Under-7,x>75,x>74,49<x<73,50<x<74,2
M,Palestine,Iraq,HighSchool,G-11,C,Geology,F,Mum,Yes,Bad,Above-7,x>75,24<x<49,24<x<49,25<x<50,2
M,KW,Jordan,MiddleSchool,G-08,A,Science,F,Mum,Yes,Good,Under-7,50<x<75,24<x<49,24<x<49,x>74,2
M,Egypt,Jordan,HighSchool,G-11,A,Biology,F,Father,Yes,Good,Under-7,0<x<25,0<x<24,24<x<49,50<x<74,1
M,USA,Palestine,lowerlevel,G-05,B,Geology,F,Mum,Yes,Bad,Above-7,50<x<75,49<x<74,x>73,50<x<74,0
M,Lybia,Jordan,lowerlevel,G-04,B,French,F,Father,No,Good,Above-7,50<x<75,x>74,49<x<73,25<x<50,2
F,Tunis,venzuela,lowerlevel,G-04,C,Chemistry,F,Mum,No,Bad,Above-7,x>75,49<x<74,x>73,25<x<50,0
F,venzuela,Egypt,lowerlevel,G-05,B,History,F,Father,Yes,Bad,Under-7,x>75,0<x<24,x>73,x>74,2
M,Tunis,venzuela,lowerlevel,G-05,C,Quran,F,Mum,No,Good,Under-7,25<x<50,0<x<24,0<x<24,x>74,2
F,Tunis,KuwaIT,lowerlevel,G-12,B,Geology,F,Mum,Yes,Bad,Above-7,0<x<25,x>74,49<x<73,1<x<25,2
M,Syria,Iran,lowerlevel,G-07,B,English,F,Mum,Yes,Bad,Under-7,50<x<75,0<x<24,24<x<49,1<x<25,2
F,Lybia,KuwaIT,HighSchool,G-12,B,Chemistry,F,Mum,No,Good,Above-7,50<x<75,24<x<49,24<x<49,25<x<50,1
M,Palestine,Tunis,lowerlevel,G-12,B,History,F,Father,No,Bad,Under-7,0<x<25,49<x<74,0<x<24,50<x<74,2
F,Iraq,KuwaIT,MiddleSchool,G-06,A,History,F,Mum,No,Good,Under-7,x>75,x>74,24<x<49,25<x<50,0
M,Morocco,Palestine,lowerlevel,G-06,A,English,S,Father,No,Good,Above-7,50<x<75,x>74,0<x<24,x>74,0
F,Lybia,Iraq,HighSchool,G-07,C,French,S,Mum,No,Good,Above-7,0<x<25,49<x<74,x>73,25<x<50,2
M,USA,Egypt,HighSchool,G-02,B,Arabic,S,Mum,Yes,Bad,Above-7,x>75,x>74,0<x<24,x>74,0
F,Lybia,Egypt,HighSchool,G-07,A,Math,F,Father,Yes,Good,Above-7,0<x<25,49<x<74,0<x<24,1<x<25,1
M,SaudiArabia,Syria,MiddleSchool,G-05,B,French,S,Mum,No,Bad,Above-7,50<x<75,49<x<74,x>73,25<x<50,2
F,Lybia,Tunis,MiddleSchool,G-11,C,Math,S,Mum,Yes,Bad,Above-7,50<x<75,0<x<24,24<x<49,50<x<74,0
F,lebanon,USA,lowerlevel,G-11,A,French,F,Mum,Yes,Good,Above-7,x>75,x>74,0<x<24,1<x<25,0
F,venzuela,Iran,MiddleSchool,G-09,A,French,S,Mum,No,Bad,Under-7,50<x<75,24<x<49,24<x<49,1<x<25,2
M,venzuela,Jordan,MiddleSchool,G-07,C,Science,S,Father,Yes,Bad,Under-7,x>75,49<x<74,24<x<49,50<x<74,2
F,Tunis,Tunis,lowerlevel,G-12,C,Geology,S,Father,Yes,Good,Under-7,25<x<50,x>74,0<x<24,x>74,0
M,Iraq,USA,MiddleSchool,G-11,A,History,F,Father,Yes,Bad,Above-7,x>75,24<x<49,x>73,x>74,2
M,USA,Tunis,HighSchool,G-08,C,Spanish,S,Mum,Yes,Bad,Above-7,x>75,0<x<24,0<x<24,x>74,0
F,Tunis,Iraq,MiddleSchool,G-11,A,History,F,Father,Yes,Bad,Under-7,25<x<50,49<x<74,24<x<49,25<x<50,2
M,SaudiArabia,Lybia,HighSchool,G-04,C,Spanish,S,Mum,No,Bad,Above-7,50<x<75,24<x<49,49<x<73,25<x<50,2
M,Jordan,KuwaIT,HighSchool,G-11,B,IT,S,Mum,Yes,Good,Above-7,50<x<75,0<x<24,49<x<73,x>74,2
F,Egypt,Jordan,MiddleSchool,G-07,A,French,F,Mum,Yes,Bad,Under-7,x<0,x>74,49<x<73,1<x<25,2
M,Tunis,Iraq,MiddleSchool,G-10,B,English,F,Mum,No,Bad,Under-7,x>75,49<x<74,0<x<24,50<x<74,2
F,Syria,Syria,MiddleSchool,G-02,B,Arabic,F,Mum,No,Bad,Above-7,x>75,x>74,x>73,50<x<74,0
M,Iraq,Iraq,HighSchool,G-10,B,Quran,S,Father,No,Bad,Above-7,0<x<25,24<x<49,24<x<49,x>74,2
M,Palestine,lebanon,HighSchool,G-10,B,IT,F,Mum,Yes,Bad,Under-7,x>75,0<x<24,24<x<49,x<1,0
F,Tunis,lebanon,MiddleSchool,G-05,B,Geology,S,Father,No,Bad,Under-7,x>75,24<x<49,24<x<49,25<x<50,0
F,Morocco,KuwaIT,lowerlevel,G-07,C,Arabic,S,Mum,No,Bad,Above-7,x>75,0<x<24,24<x<49,25<x<50,1
M,Egypt,Tunis,lowerlevel,G-12,C,Science,F,Mum,Yes,Bad,Above-7,50<x<75,x>74,49<x<73,x>74,0
M,SaudiArabia,venzuela,MiddleSchool,G-10,A,Geology,S,Father,No,Bad,Above-7,25<x<50,49<x<74,0<x<24,x>74,2
F,Iran,Egypt,MiddleSchool,G-12,B,Quran,F,Mum,Yes,Good,Under-7,25<x<50,24<x<49,49<x<73,x>74,2
F,KW,KuwaIT,MiddleSchool,G-06,B,Spanish,S,Mum,Yes,Good,Under-7,50<x<75,49<x<74,x>73,25<x<50,0
M,SaudiArabia,Palestine,MiddleSchool,G-07,A,Chemistry,F,Mum,No,Bad,Under-7,50<x<75,x>74,0<x<24,x>74,0
M,Tunis,KuwaIT,MiddleSchool,G-09,A,Math,S,Father,No,Good,Under-7,0<x<25,24<x<49,24<x<49,50<x<74,2
M,Tunis,Morocco,lowerlevel,G-05,A,Quran,F,Father,Yes,Bad,Under-7,0<x<25,0<x<24,24<x<49,50<x<74,2
F,Syria,venzuela,lowerlevel,G-12,B,Spanish,S,Father,No,Bad,Above-7,x>75,x>74,x>73,25<x<50,2
F,Palestine,Syria,MiddleSchool,G-11,C,Quran,S,Mum,No,Bad,Above-7,50<x<75,x>74,49<x<73,25<x<50,0
M,KW,Tunis,lowerlevel,G-12,C,Chemistry,S,Father,No,Bad,Above-7,x>75,49<x<74,49<x<73,25<x<50,2
F,Tunis,Egypt,lowerlevel,G-08,B,Geology,F,Mum,No,Good,Above-7,0<x<25,x>74,x>73,25<x<50,2
F,USA,USA,lowerlevel,G-04,A,Biology,S,Father,No,Bad,Above-7,0<x<25,x>74,49<x<73,50<x<74,0
F,Tunis,Syria,lowerlevel,G-10,C,Math,F,Father,No,Good,Under-7,50<x<75,0<x<24,49<x<73,1<x<25,2
F,SaudiArabia,Iran,MiddleSchool,G-07,C,Arabic,F,Father,No,Bad,Under-7,0<x<25,24<x<49,49<x<73,x>74,1
M,Tunis,Morocco,MiddleSchool,G-10,B,English,F,Mum,No,Good,Under-7,x>75,0<x<24,49<x<73,x>74,2
M,Tunis,USA,lowerlevel,G-12,B,Arabic,S,Mum,No,Good,Above-7,50<x<75,0<x<24,49<x<73,x>74,0
M,Egypt,Syria,lowerlevel,G-07,C,Biology,F,Father,No,Bad,Above-7,50<x<75,24<x<49,24<x<49,25<x<50,2
F,Syria,lebanon,lowerlevel,G-12,C,Spanish,F,Father,Yes,Good,Under-7,25<x<50,49<x<74,x>73,1<x<25,0
M,Iraq,lebanon,HighSchool,G-11,C,Arabic,S,Father,No,Good,Above-7,50<x<75,0<x<24,49<x<73,50<x<74,2
F,lebanon,Iraq,MiddleSchool,G-06,B,Math,F,Mum,No,Good,Under-7,x>75,x>74,24<x<49,x>74,0
F,venzuela,USA,MiddleSchool,G-09,C,Math,F,Father,Yes,Bad,Under-7,x>75,x>74,0<x<24,x>74,0
M,Lybia,Jordan,MiddleSchool,G-05,A,French,S,Mum,Yes,Bad,Under-7,0<x<25,49<x<74,0<x<24,x>74,2
F,KW,Morocco,MiddleSchool,G-10,B,Spanish,S,Father,No,Bad,Under-7,25<x<50,49<x<74,x>73,25<x<50,2
F,lebanon,Tunis,HighSchool,G-08,A,Spanish,S,Mum,No,Good,Above-7,x>75,0<x<24,49<x<73,x>74,0
F,Palestine,Egypt,MiddleSchool,G-06,B,Science,F,Father,Yes,Good,Under-7,25<x<50,x>74,24<x<49,50<x<74,2
M,Jordan,USA,MiddleSchool,G-05,B,Quran,S,Father,Yes,Good,Under-7,x>75,24<x<49,24<x<49,x>74,0
M,Egypt,Syria,HighSchool,G-12,A,Chemistry,F,Father,No,Good,Under-7,50<x<75,x>74,49<x<73,1<x<25,2
M,Syria,Palestine,MiddleSchool,G-05,C,Biology,F,Father,Yes,Bad,Above-7,25<x<50,24<x<49,24<x<49,x>74,2
F,Syria,lebanon,lowerlevel,G-04,A,French,F,Father,Yes,Bad,Above-7,0<x<25,49<x<74,49<x<73,1<x<25,0
M,Syria,USA,lowerlevel,G-09,C,Biology,S,Mum,Yes,Good,Above-7,25<x<50,x>74,x>73,50<x<74,0
M,Iraq,Palestine,MiddleSchool,G-02,B,IT,F,Father,Yes,Bad,Above-7,0<x<25,0<x<24,x>73,1<x<25,1
M,USA,venzuela,HighSchool,G-12,C,Geology,F,Father,No,Good,Above-7,x>75,24<x<49,0<x<24,1<x<25,0
F,Morocco,Palestine,MiddleSchool,G-12,A,Spanish,F,Mum,Yes,Good,Above-7,0<x<25,24<x<49,49<x<73,1<x<25,1
M,Tunis,venzuela,lowerlevel,G-05,B,Math,S,Father,Yes,Good,Under-7,x>75,x<0,x>73,x>74,0
F,Syria,KuwaIT,lowerlevel,G-05,C,Science,S,Mum,No,Bad,Under-7,x>75,x>74,0<x<24,50<x<74,0
M,lebanon,Iraq,lowerlevel,G-06,B,Chemistry,F,Mum,Yes,Bad,Under-7,0<x<25,x>74,24<x<49,1<x<25,2
F,Jordan,Tunis,MiddleSchool,G-09,A,Spanish,F,Father,Yes,Good,Above-7,0<x<25,x>74,24<x<49,25<x<50,2
F,Morocco,Lybia,MiddleSchool,G-06,A,Arabic,S,Father,Yes,Bad,Under-7,x>75,24<x<49,x>73,50<x<74,2
F,lebanon,Morocco,MiddleSchool,G-02,B,English,S,Mum,No,Bad,Under-7,x>75,x>74,49<x<73,1<x<25,0
F,Syria,Morocco,lowerlevel,G-10,A,IT,S,Mum,Yes,Good,Under-7,0<x<25,49<x<74,0<x<24,50<x<74,2
F,Palestine,Morocco,HighSchool,G-08,C,Geology,F,Father,No,Bad,Under-7,25<x<50,49<x<74,x>73,x>74,2
M,Iraq,Iran,lowerlevel,G-09,A,Quran,F,Mum,Yes,Good,Above-7,25<x<50,x>74,0<x<24,1<x<25,2
M,Egypt,Syria,lowerlevel,G-04,C,French,S,Father,Yes,Bad,Under-7,0<x<25,24<x<49,x>73,x>74,2
M,lebanon,Morocco,lowerlevel,G-06,C,English,F,Mum,No,Good,Under-7,x>75,49<x<74,49<x<73,25<x<50,0
F,SaudiArabia,venzuela,lowerlevel,G-05,C,IT,F,Mum,No,Bad,Above-7,x>75,x<0,0<x<24,1<x<25,2
M,Morocco,Syria,MiddleSchool,G-11,B,Biology,F,Father,No,Bad,Above-7,0<x<25,0<x<24,49<x<73,x>74,1
F,Iraq,Egypt,HighSchool,G-04,A,Arabic,S,Father,Yes,Good,Under-7,0<x<25,0<x<24,24<x<49,x>74,1
M,SaudiArabia,Tunis,MiddleSchool,G-04,C,Math,S,Mum,No,Good,Above-7,50<x<75,49<x<74,0<x<24,x>74,0
M,Lybia,Tunis,HighSchool,G-07,B,Arabic,F,Father,Yes,Good,Under-7,25<x<50,0<x<24,24<x<49,25<x<50,1
F,Iraq,lebanon,lowerlevel,G-11,C,Geology,S,Father,No,Bad,Above-7,50<x<75,49<x<74,49<x<73,1<x<25,2
M,USA,Morocco,MiddleSchool,G-10,B,Quran,S,Mum,No,Good,Above-7,x>75,24<x<49,24<x<49,50<x<74,2
M,lebanon,Jordan,HighSchool,G-08,A,French,S,Father,No,Bad,Under-7,x>75,49<x<74,24<x<49,1<x<25,2
F,Palestine,lebanon,HighSchool,G-02,A,Math,S,Father,Yes,Bad,Above-7,25<x<50,24<x<49,49<x<73,50<x<74,0
F,KW,Palestine,MiddleSchool,G-09,A,Arabic,F,Mum,Yes,Bad,Above-7,0<x<25,49<x<74,24<x<49,1<x<25,2
F,lebanon,Iran,HighSchool,G-02,B,Chemistry,F,Father,No,Good,Under-7,50<x<75,49<x<74,24<x<49,1<x<25,2
F,Egypt,lebanon,MiddleSchool,G-04,A,English,F,Mum,Yes,Good,Under-7,0<x<25,49<x<74,0<x<24,1<x<25,2
F,Iraq,Lybia,HighSchool,G-10,C,Science,F,Mum,No,Bad,Under-7,50<x<75,x>74,x>73,50<x<74,0
F,SaudiArabia,Iraq,HighSchool,G-12,B,Chemistry,S,Mum,Yes,Good,Under-7,0<x<25,0<x<24,24<x<49,25<x<50,0
F,venzuela,USA,HighSchool,G-02,C,History,F,Father,Yes,Good,Above-7,x>75,24<x<49,x>73,25<x<50,0
M,Syria,Palestine,MiddleSchool,G-07,C,Science,F,Father,No,Bad,Above-7,x>75,x>74,0<x<24,x>74,2
M,venzuela,SaudiArabia,MiddleSchool,G-12,A,Science,F,Father,No,Bad,Above-7,x>75,0<x<24,x>73,25<x<50,2
M,venzuela,Iraq,lowerlevel,G-09,B,Science,S,Father,No,Good,Under-7,x>75,49<x<74,x>73,1<x<25,2
M,Tunis,Iraq,MiddleSchool,G-11,C,Science,F,Mum,No,Good,Under-7,x>75,49<x<74,49<x<73,50<x<74,0
F,SaudiArabia,Jordan,lowerlevel,G-08,B,Geology,F,Father,Yes,Bad,Under-7,0<x<25,0<x<24,49<x<73,1<x<25,2
F,Lybia,KuwaIT,HighSchool,G-09,A,Biology,S,Mum,Yes,Good,Under-7,25<x<50,0<x<24,24<x<49,50<x<74,2
M,Iraq,Egypt,MiddleSchool,G-08,C,English,S,Mum,Yes,Good,Under-7,0<x<25,x>74,49<x<73,25<x<50,2
F,Iraq,Palestine,lowerlevel,G-09,A,French,F,Mum,No,Bad,Above-7,x>75,x>74,49<x<73,1<x<25,2
M,Egypt,SaudiArabia,MiddleSchool,G-09,C,Chemistry,F,Father,No,Bad,Above-7,0<x<25,24<x<49,24<x<49,50<x<74,1
M,Morocco,Morocco,HighSchool,G-05,A,History,S,Father,Yes,Good,Under-7,x>75,24<x<49,0<x<24,1<x<25,2
F,SaudiArabia,Lybia,HighSchool,G-08,B,Arabic,S,Mum,Yes,Bad,Under-7,50<x<75,x>74,0<x<24,1<x<25,0
M,Lybia,Iraq,MiddleSchool,G-09,C,Biology,S,Mum,Yes,Good,Under-7,50<x<75,24<x<49,x>73,1<x<25,2
F,Egypt,Palestine,MiddleSchool,G-05,A,Spanish,S,Mum,No,Bad,Under-7,0<x<25,49<x<74,24<x<49,25<x<50,2
M,KW,Iraq,HighSchool,G-08,A,Arabic,S,Father,No,Good,Above-7,50<x<75,49<x<74,24<x<49,1<x<25,2
M,Tunis,venzuela,MiddleSchool,G-04,B,Spanish,S,Father,Yes,Bad,Above-7,50<x<75,x>74,49<x<73,50<x<74,0
M,Syria,Palestine,MiddleSchool,G-06,A,English,S,Mum,No,Good,Above-7,x>75,0<x<24,49<x<73,50<x<74,0
F,venzuela,KuwaIT,lowerlevel,G-04,C,French,F,Mum,No,Good,Above-7,25<x<50,24<x<49,24<x<49,1<x<25,2
M,USA,USA,MiddleSchool,G-06,C,Quran,F,Mum,Yes,Bad,Under-7,0<x<25,24<x<49,0<x<24,25<x<50,2
M,Iraq,Iraq,HighSchool,G-08,A,IT,S,Father,Yes,Good,Above-7,x>75,24<x<49,0<x<24,25<x<50,2
M,lebanon,Jordan,lowerlevel,G-05,B,Arabic,S,Father,Yes,Good,Under-7,x>75,0<x<24,24<x<49,1<x<25,0
M,KW,venzuela,HighSchool,G-08,A,History,S,Mum,No,Bad,Under-7,x>75,49<x<74,49<x<73,50<x<74,0
F,KW,Morocco,lowerlevel,G-12,B,Geology,S,Mum,No,Good,Above-7,0<x<25,49<x<74,0<x<24,1<x<25,1
M,Iraq,Morocco,lowerlevel,G-04,A,Biology,F,Father,Yes,Good,Under-7,x>75,0<x<24,0<x<24,x>74,1
M,SaudiArabia,Lybia,lowerlevel,G-05,C,History,F,Father,No,Bad,Under-7,25<x<50,x>74,x>73,1<x<25,2
F,Morocco,Iran,MiddleSchool,G-08,A,Arabic,S,Father,Yes,Good,Under-7,x<0,0<x<24,x>73,25<x<50,2
F,Tunis,Morocco,MiddleSchool,G-12,B,French,F,Mum,Yes,Bad,Above-7,50<x<75,x>74,0<x<24,x>74,0
M,lebanon,Lybia,HighSchool,G-12,A,Chemistry,S,Mum,Yes,Bad,Under-7,x>75,0<x<24,0<x<24,1<x<25,2
M,lebanon,Egypt,lowerlevel,G-07,A,Biology,S,Mum,Yes,Good,Above-7,25<x<50,x>74,0<x<24,x>74,0
M,Iraq,lebanon,lowerlevel,G-02,B,Math,F,Father,No,Bad,Above-7,50<x<75,x>74,24<x<49,1<x<25,0
M,Lybia,venzuela,MiddleSchool,G-06,C,Chemistry,F,Father,Yes,Good,Above-7,0<x<25,0<x<24,49<x<73,x>74,1
F,Morocco,Morocco,HighSchool,G-02,A,Arabic,F,Mum,Yes,Bad,Above-7,50<x<75,24<x<49,24<x<49,x<1,1
M,KW,SaudiArabia,MiddleSchool,G-04,B,Science,F,Mum,Yes,Bad,Under-7,x>75,x<0,24<x<49,50<x<74,0
M,Tunis,Lybia,lowerlevel,G-11,B,Math,F,Father,No,Bad,Under-7,0<x<25,x>74,0<x<24,50<x<74,2
M,Iraq,Tunis,HighSchool,G-06,C,Chemistry,F,Father,No,Bad,Above-7,0<x<25,x>74,24<x<49,25<x<50,2
F,Iraq,Palestine,lowerlevel,G-12,A,Geology,S,Father,No,Good,Above-7,50<x<75,24<x<49,49<x<73,25<x<50,2
F,Jordan,Morocco,lowerlevel,G-04,A,History,F,Father,No,Bad,Under-7,50<x<75,0<x<24,49<x<73,25<x<50,2
F,SaudiArabia,Lybia,MiddleSchool,G-04,A,Spanish,S,Father,No,Bad,Under-7,0<x<25,24<x<49,49<x<73,x>74,2
F,Lybia,USA,HighSchool,G-04,A,Math,S,Mum,Yes,Good,Under-7,0<x<25,24<x<49,0<x<24,1<x<25,2
F,USA,Iran,MiddleSchool,G-02,B,IT,S,Mum,No,Bad,Under-7,0<x<25,49<x<74,49<x<73,25<x<50,2
M,Jordan,Lybia,MiddleSchool,G-11,C,History,F,Mum,No,Bad,Above-7,x>75,x>74,x>73,1<x<25,2
F,Iran,Jordan,MiddleSchool,G-06,C,Math,F,Mum,No,Bad,Under-7,25<x<50,0<x<24,0<x<24,50<x<74,2
M,SaudiArabia,Iraq,lowerlevel,G-04,B,Science,S,Mum,No,Bad,Under-7,25<x<50,0<x<24,x>73,1<x<25,2
M,Lybia,Egypt,lowerlevel,G-05,C,Quran,F,Father,Yes,Bad,Above-7,25<x<50,0<x<24,0<x<24,x>74,1
M,Morocco,USA,lowerlevel,G-12,B,English,F,Mum,Yes,Good,Above-7,x>75,x>74,x>73,25<x<50,0
M,Iraq,Syria,MiddleSchool,G-05,C,Spanish,F,Mum,No,Good,Above-7,0<x<25,24<x<49,24<x<49,50<x<74,1
M,Iran,Egypt,lowerlevel,G-05,A,Biology,F,Mum,No,Bad,Under-7,x<0,49<x<74,24<x<49,25<x<50,2
F,lebanon,Egypt,HighSchool,G-02,C,Geology,F,Mum,Yes,Good,Under-7,50<x<75,0<x<24,x>73,25<x<50,0
M,Morocco,Morocco,MiddleSchool,G-05,B,English,F,Father,No,Bad,Under-7,50<x<75,24<x<49,0<x<24,x>74,2
M,venzuela,venzuela,MiddleSchool,G-11,C,Science,F,Mum,Yes,Good,Above-7,25<x<50,24<x<49,49<x<73,25<x<50,0
M,Jordan,USA,MiddleSchool,G-10,C,Science,S,Father,No,Bad,Under-7,0<x<25,x>74,0<x<24,1<x<25,2
F,Jordan,Iran,MiddleSchool,G-02,A,Science,S,Father,Yes,Bad,Under-7,50<x<75,0<x<24,0<x<24,1<x<25,2
F,Jordan,Iran,HighSchool,G-08,B,Arabic,S,Father,Yes,Bad,Under-7,25<x<50,x>74,x>73,1<x<25,2
M,Palestine,Morocco,lowerlevel,G-09,C,IT,F,Mum,Yes,Good,Under-7,50<x<75,49<x<74,0<x<24,x>74,2
M,Jordan,Morocco,lowerlevel,G-06,A,Biology,F,Mum,Yes,Good,Under-7,x>75,0<x<24,49<x<73,50<x<74,0
M,Jordan,SaudiArabia,HighSchool,G-05,C,Math,S,Mum,No,Good,Under-7,25<x<50,49<x<74,0<x<24,25<x<50,2
M,SaudiArabia,USA,HighSchool,G-12,C,Biology,S,Mum,Yes,Bad,Under-7,0<x<25,0<x<24,24<x<49,x>74,0
F,venzuela,lebanon,HighSchool,G-09,A,Quran,F,Mum,Yes,Good,Under-7,25<x<50,24<x<49,49<x<73,50<x<74,0
F,Egypt,Tunis,lowerlevel,G-07,C,Chemistry,S,Mum,No,Good,Under-7,25<x<50,x>74,x>73,50<x<74,0
F,lebanon,Syria,MiddleSchool,G-08,A,Chemistry,F,Father,No,Good,Above-7,0<x<25,x>74,x>73,25<x<50,0
F,USA,SaudiArabia,MiddleSchool,G-08,B,Arabic,F,Mum,Yes,Bad,Above-7,0<x<25,24<x<49,49<x<73,25<x<50,1
M,Tunis,KuwaIT,MiddleSchool,G-04,A,English,S,Mum,No,Good,Under-7,0<x<25,49<x<74,24<x<49,25<x<50,2
F,Jordan,Morocco,HighSchool,G-10,B,English,S,Father,Yes,Good,Above-7,25<x<50,49<x<74,24<x<49,1<x<25,2
F,KW,Iran,lowerlevel,G-08,B,Quran,S,Father,No,Bad,Under-7,0<x<25,x>74,24<x<49,50<x<74,2
F,Jordan,Tunis,lowerlevel,G-10,B,History,F,Mum,No,Good,Above-7,x>75,49<x<74,49<x<73,25<x<50,0
M,Syria,SaudiArabia,HighSchool,G-04,B,Math,F,Father,Yes,Good,Above-7,0<x<25,49<x<74,49<x<73,1<x<25,2
M,KW,Jordan,lowerlevel,G-07,A,English,F,Father,No,Good,Under-7,50<x<75,0<x<24,24<x<49,50<x<74,2
M,USA,USA,MiddleSchool,G-04,B,Chemistry,S,Mum,No,Bad,Under-7,50<x<75,x>74,0<x<24,1<x<25,0
F,Morocco,KuwaIT,MiddleSchool,G-04,A,Chemistry,F,Father,No,Good,Under-7,0<x<25,0<x<24,49<x<73,25<x<50,2
M,Jordan,Iraq,lowerlevel,G-10,A,Science,F,Father,No,Good,Under-7,x>75,49<x<74,49<x<73,25<x<50,2
M,Iran,Tunis,lowerlevel,G-10,B,Biology,S,Mum,No,Good,Under-7,x>75,49<x<74,49<x<73,25<x<50,0
M,Egypt,Tunis,HighSchool,G-02,A,IT,F,Father,Yes,Bad,Under-7,0<x<25,0<x<24,0<x<24,1<x<25,1
M,Iraq,Egypt,lowerlevel,G-12,C,Biology,F,Mum,Yes,Bad,Above-7,0<x<25,49<x<74,0<x<24,25<x<50,1
F,Syria,Iraq,MiddleSchool,G-06,A,IT,S,Mum,Yes,Good,Above-7,50<x<75,24<x<49,x>73,1<x<25,2
M,Iran,lebanon,MiddleSchool,G-08,C,Quran,S,Mum,No,Bad,Above-7,x>75,24<x<49,0<x<24,1<x<25,2
M,Tunis,Tunis,HighSchool,G-06,C,Geology,S,Mum,No,Bad,Under-7,25<x<50,24<x<49,0<x<24,x>74,2
M,Palestine,venzuela,lowerlevel,G-04,C,Science,S,Father,No,Bad,Above-7,x>75,0<x<24,0<x<24,50<x<74,0
F,Iran,Tunis,HighSchool,G-11,A,Quran,F,Mum,Yes,Bad,Above-7,0<x<25,24<x<49,24<x<49,x>74,2
M,lebanon,Iran,MiddleSchool,G-07,A,Geology,F,Mum,No,Good,Under-7,x>75,24<x<49,49<x<73,25<x<50,2
F,Iran,Lybia,HighSchool,G-04,A,Math,S,Father,Yes,Bad,Above-7,25<x<50,49<x<74,49<x<73,1<x<25,2
M,Jordan,Palestine,lowerlevel,G-10,B,Arabic,S,Mum,No,Good,Above-7,x>75,49<x<74,x>73,50<x<74,2
M,Jordan,lebanon,MiddleSchool,G-12,A,French,S,Mum,No,Bad,Above-7,50<x<75,49<x<74,0<x<24,x>74,0
F,Jordan,Syria,lowerlevel,G-04,A,French,S,Father,Yes,Bad,Above-7,50<x<75,x>74,x>73,1<x<25,2
M,Egypt,Lybia,MiddleSchool,G-05,C,Geology,S,Father,No,Bad,Above-7,x>75,49<x<74,24<x<49,x>74,2
F,SaudiArabia,USA,HighSchool,G-02,C,Quran,F,Father,No,Bad,Above-7,50<x<75,0<x<24,49<x<73,50<x<74,0
F,SaudiArabia,venzuela,HighSchool,G-05,C,Chemistry,S,Mum,No,Bad,Under-7,25<x<50,x>74,49<x<73,25<x<50,0
F,Lybia,Iraq,MiddleSchool,G-06,B,English,S,Father,Yes,Bad,Under-7,0<x<25,0<x<24,24<x<49,x<1,2
F,Iraq,KuwaIT,MiddleSchool,G-10,A,Biology,F,Mum,No,Bad,Above-7,25<x<50,49<x<74,24<x<49,x>74,2
M,Syria,Morocco,lowerlevel,G-08,B,Arabic,S,Father,Yes,Bad,Above-7,50<x<75,49<x<74,49<x<73,x>74,0
F,Egypt,SaudiArabia,lowerlevel,G-11,B,Quran,S,Father,No,Bad,Under-7,25<x<50,49<x<74,24<x<49,x>74,2
M,Egypt,Morocco,MiddleSchool,G-07,C,Arabic,F,Father,No,Good,Under-7,0<x<25,24<x<49,x>73,1<x<25,2
F,lebanon,USA,MiddleSchool,G-10,C,Math,F,Father,Yes,Good,Above-7,50<x<75,x>74,24<x<49,25<x<50,0
M,Lybia,lebanon,MiddleSchool,G-06,A,Biology,F,Father,No,Good,Above-7,25<x<50,x>74,0<x<24,25<x<50,2
M,Jordan,KuwaIT,HighSchool,G-02,C,Science,F,Mum,No,Bad,Above-7,25<x<50,49<x<74,0<x<24,1<x<25,1
F,Tunis,KuwaIT,MiddleSchool,G-07,B,History,F,Father,Yes,Good,Under-7,50<x<75,24<x<49,49<x<73,50<x<74,2
F,Egypt,Lybia,MiddleSchool,G-07,A,Quran,F,Father,No,Bad,Under-7,0<x<25,0<x<24,49<x<73,1<x<25,1
M,Palestine,venzuela,lowerlevel,G-08,B,English,F,Father,Yes,Bad,Under-7,0<x<25,x>74,0<x<24,25<x<50,2
F,Egypt,SaudiArabia,HighSchool,G-06,C,Science,S,Father,Yes,Good,Under-7,50<x<75,x>74,24<x<49,50<x<74,2
F,Tunis,venzuela,HighSchool,G-06,B,Science,S,Mum,Yes,Bad,Under-7,0<x<25,0<x<24,0<x<24,25<x<50,2
M,USA,USA,MiddleSchool,G-04,A,Quran,S,Mum,Yes,Bad,Above-7,25<x<50,0<x<24,0<x<24,1<x<25,2
F,Morocco,Iraq,MiddleSchool,G-12,B,Biology,S,Mum,Yes,Bad,Above-7,50<x<75,24<x<49,49<x<73,x<1,2
F,Jordan,Iraq,HighSchool,G-10,A,Arabic,S,Mum,No,Bad,Under-7,x>75,24<x<49,0<x<24,25<x<50,0
F,Palestine,KuwaIT,MiddleSchool,G-10,B,Science,F,Father,No,Good,Under-7,50<x<75,24<x<49,0<x<24,25<x<50,2
M,Morocco,venzuela,lowerlevel,G-06,A,IT,S,Father,No,Good,Under-7,0<x<25,0<x<24,49<x<73,x>74,2
F,Iraq,USA,MiddleSchool,G-12,C,Geology,F,Father,Yes,Good,Under-7,50<x<75,24<x<49,49<x<73,50<x<74,0
M,USA,Iraq,lowerlevel,G-11,B,IT,S,Mum,No,Bad,Above-7,25<x<50,49<x<74,49<x<73,x>74,2
F,Iran,KuwaIT,HighSchool,G-07,B,Quran,F,Mum,Yes,Bad,Under-7,50<x<75,49<x<74,x>73,25<x<50,0
F,Tunis,Iraq,HighSchool,G-08,B,English,F,Mum,No,Bad,Under-7,0<x<25,49<x<74,0<x<24,50<x<74,1
M,Egypt,Morocco,HighSchool,G-05,A,Arabic,S,Father,Yes,Bad,Under-7,50<x<75,0<x<24,24<x<49,25<x<50,2
F,SaudiArabia,Egypt,HighSchool,G-12,B,History,S,Father,No,Bad,Above-7,0<x<25,24<x<49,0<x<24,x>74,1
F,Palestine,Tunis,MiddleSchool,G-09,B,Quran,S,Father,No,Good,Under-7,x>75,49<x<74,0<x<24,x>74,0
F,Egypt,Iraq,MiddleSchool,G-06,A,English,F,Father,No,Bad,Under-7,0<x<25,x>74,24<x<49,x>74,0
M,venzuela,Lybia,MiddleSchool,G-06,B,English,S,Father,Yes,Good,Above-7,25<x<50,24<x<49,49<x<73,x>74,2
M,SaudiArabia,venzuela,HighSchool,G-04,B,Science,F,Father,No,Bad,Above-7,25<x<50,x>74,49<x<73,1<x<25,2
M,Syria,Morocco,HighSchool,G-12,A,French,S,Mum,No,Good,Above-7,0<x<25,0<x<24,x>73,50<x<74,2
F,KW,Egypt,HighSchool,G-04,C,Chemistry,F,Mum,No,Bad,Above-7,x>75,x>74,0<x<24,x>74,0
F,Palestine,Tunis,lowerlevel,G-11,A,Quran,F,Father,Yes,Bad,Under-7,0<x<25,x>74,49<x<73,1<x<25,0
M,Lybia,USA,MiddleSchool,G-04,C,English,S,Father,Yes,Good,Under-7,0<x<25,24<x<49,24<x<49,1<x<25,2
F,Palestine,lebanon,HighSchool,G-06,C,Biology,S,Mum,No,Bad,Above-7,0<x<25,24<x<49,0<x<24,25<x<50,1
F,KW,Palestine,MiddleSchool,G-07,C,History,F,Mum,No,Bad,Under-7,x>75,24<x<49,24<x<49,x>74,2
M,Syria,SaudiArabia,MiddleSchool,G-09,B,Geology,F,Mum,No,Good,Under-7,x>75,0<x<24,0<x<24,50<x<74,2
F,Palestine,Iran,MiddleSchool,G-10,A,English,S,Father,Yes,Good,Under-7,x>75,0<x<24,49<x<73,x>74,2
M,lebanon,Iran,HighSchool,G-11,B,IT,F,Mum,Yes,Good,Above-7,50<x<75,x>74,0<x<24,25<x<50,0
F,Jordan,Iran,lowerlevel,G-09,A,History,S,Father,Yes,Bad,Under-7,0<x<25,49<x<74,x>73,1<x<25,2
F,Tunis,Jordan,MiddleSchool,G-10,B,Geology,F,Father,No,Good,Above-7,0<x<25,x>74,49<x<73,x>74,2
M,SaudiArabia,lebanon,lowerlevel,G-06,A,Math,S,Mum,Yes,Bad,Above-7,0<x<25,x>74,49<x<73,1<x<25,0
M,Lybia,Egypt,MiddleSchool,G-10,B,IT,F,Mum,No,Bad,Under-7,50<x<75,0<x<24,0<x<24,1<x<25,2
M,Lybia,Iran,MiddleSchool,G-12,C,Chemistry,S,Father,Yes,Bad,Under-7,x>75,24<x<49,0<x<24,25<x<50,2
M,Syria,SaudiArabia,HighSchool,G-09,A,Quran,S,Father,No,Good,Above-7,50<x<75,49<x<74,24<x<49,25<x<50,2
M,KW,lebanon,lowerlevel,G-07,A,Geology,F,Mum,Yes,Bad,Under-7,50<x<75,24<x<49,49<x<73,x>74,0
F,Jordan,Egypt,lowerlevel,G-06,B,History,F,Father,No,Good,Under-7,0<x<25,x>74,24<x<49,25<x<50,2
M,venzuela,KuwaIT,MiddleSchool,G-11,A,Chemistry,F,Mum,No,Bad,Above-7,x>75,49<x<74,49<x<73,x>74,0
M,Tunis,Egypt,HighSchool,G-04,C,Math,F,Mum,No,Good,Above-7,50<x<75,0<x<24,49<x<73,x>74,2
F,Iran,Morocco,HighSchool,G-12,A,Quran,S,Father,No,Good,Above-7,50<x<75,0<x<24,x>73,1<x<25,1
M,Syria,venzuela,HighSchool,G-10,A,French,F,Father,No,Bad,Above-7,x>75,49<x<74,24<x<49,x>74,0
F,Egypt,Jordan,HighSchool,G-08,A,Spanish,S,Father,Yes,Good,Under-7,50<x<75,24<x<49,0<x<24,50<x<74,2
F,Lybia,KuwaIT,MiddleSchool,G-11,C,History,S,Mum,Yes,Bad,Under-7,0<x<25,24<x<49,0<x<24,25<x<50,2
M,SaudiArabia,Syria,lowerlevel,G-06,A,Chemistry,S,Father,No,Good,Above-7,0<x<25,0<x<24,49<x<73,25<x<50,1
M,lebanon,Morocco,HighSchool,G-09,C,Spanish,F,Father,No,Good,Above-7,50<x<75,49<x<74,0<x<24,50<x<74,2
F,Iran,Jordan,HighSchool,G-02,A,Arabic,F,Father,Yes,Bad,Under-7,0<x<25,x>74,x>73,1<x<25,2
F,Palestine,Syria,MiddleSchool,G-11,C,French,F,Mum,Yes,Bad,Above-7,x>75,x>74,49<x<73,1<x<25,0
M,SaudiArabia,Jordan,MiddleSchool,G-08,C,English,F,Father,Yes,Good,Under-7,0<x<25,x>74,x>73,x>74,2
F,lebanon,Syria,HighSchool,G-09,A,Arabic,S,Father,Yes,Bad,Under-7,50<x<75,24<x<49,49<x<73,25<x<50,0
M,Iran,Iran,HighSchool,G-10,B,Geology,S,Father,Yes,Bad,Above-7,x>75,x>74,24<x<49,1<x<25,2
F,Iran,Tunis,MiddleSchool,G-11,A,French,S,Mum,Yes,Bad,Under-7,25<x<50,49<x<74,24<x<49,x>74,0
M,Jordan,Syria,HighSchool,G-11,A,English,F,Mum,No,Bad,Above-7,x>75,x>74,0<x<24,x>74,0
M,SaudiArabia,Egypt,HighSchool,G-05,A,Arabic,S,Father,Yes,Bad,Above-7,50<x<75,24<x<49,49<x<73,50<x<74,2
F,Tunis,venzuela,HighSchool,G-04,B,Chemistry,F,Father,Yes,Bad,Under-7,25<x<50,49<x<74,0<x<24,x>74,0
M,USA,Iran,MiddleSchool,G-12,B,English,S,Father,Yes,Good,Under-7,0<x<25,24<x<49,0<x<24,1<x<25,2
M,Lybia,Egypt,HighSchool,G-04,B,Chemistry,S,Mum,No,Bad,Above-7,x>75,x<0,24<x<49,25<x<50,1
F,Tunis,Jordan,MiddleSchool,G-08,A,History,F,Mum,Yes,Bad,Under-7,0<x<25,49<x<74,49<x<73,50<x<74,2
F,KW,Lybia,MiddleSchool,G-07,C,Quran,S,Father,Yes,Good,Under-7,x>75,x>74,24<x<49,x>74,2
F,Lybia,venzuela,HighSchool,G-05,C,Quran,F,Mum,No,Bad,Under-7,0<x<25,0<x<24,49<x<73,1<x<25,2
F,USA,Jordan,MiddleSchool,G-12,C,Math,S,Mum,Yes,Good,Under-7,0<x<25,x<0,24<x<49,25<x<50,2
M,Egypt,Iran,MiddleSchool,G-12,A,Quran,S,Mum,Yes,Bad,Under-7,0<x<25,24<x<49,0<x<24,1<x<25,1
M,KW,Iraq,MiddleSchool,G-09,A,Spanish,S,Father,Yes,Good,Under-7,0<x<25,0<x<24,49<x<73,25<x<50,1
M,Egypt,Iran,HighSchool,G-06,C,Spanish,S,Mum,Yes,Good,Above-7,0<x<25,x>74,24<x<49,50<x<74,2
M,Jordan,Morocco,HighSchool,G-10,A,IT,S,Father,Yes,Bad,Above-7,25<x<50,x>74,0<x<24,x>74,2
M,Syria,KuwaIT,MiddleSchool,G-09,B,History,F,Father,Yes,Bad,Above-7,50<x<75,x>74,x>73,1<x<25,2
F,KW,lebanon,lowerlevel,G-02,B,Biology,S,Mum,No,Good,Above-7,25<x<50,0<x<24,x>73,1<x<25,1
M,Tunis,Lybia,lowerlevel,G-04,A,IT,S,Mum,Yes,Good,Above-7,50<x<75,0<x<24,49<x<73,1<x<25,2
F,SaudiArabia,Jordan,lowerlevel,G-05,A,Biology,F,Father,No,Good,Under-7,0<x<25,x>74,x>73,50<x<74,2
M,Syria,Syria,MiddleSchool,G-02,C,Spanish,S,Father,No,Good,Under-7,0<x<25,24<x<49,x>73,1<x<25,2
M,Jordan,Palestine,MiddleSchool,G-06,C,Science,F,Father,No,Good,Above-7,x>75,x>74,24<x<49,1<x<25,2
M,Syria,Syria,MiddleSchool,G-04,C,IT,F,Father,Yes,Good,Above-7,50<x<75,x>74,24<x<49,25<x<50,2
F,Palestine,Palestine,HighSchool,G-07,B,History,S,Father,Yes,Bad,Above-7,50<x<75,0<x<24,0<x<24,50<x<74,2
M,Syria,USA,lowerlevel,G-09,C,Chemistry,S,Mum,Yes,Good,Under-7,50<x<75,0<x<24,24<x<49,25<x<50,0
F,Tunis,Egypt,lowerlevel,G-04,A,Biology,S,Mum,No,Bad,Under-7,x>75,0<x<24,0<x<24,50<x<74,2
M,lebanon,Tunis,lowerlevel,G-06,A,Spanish,F,Mum,Yes,Good,Under-7,50<x<75,24<x<49,24<x<49,50<x<74,0
M,Morocco,venzuela,MiddleSchool,G-06,A,Spanish,S,Mum,No,Bad,Under-7,0<x<25,x>74,x>73,25<x<50,0
F,Lybia,Lybia,MiddleSchool,G-07,A,English,S,Mum,No,Bad,Under-7,25<x<50,x>74,0<x<24,1<x<25,2
M,lebanon,Iraq,lowerlevel,G-04,C,History,F,Father,Yes,Good,Under-7,25<x<50,24<x<49,x<0,25<x<50,2
F,Lybia,SaudiArabia,HighSchool,G-10,B,Quran,S,Father,Yes,Bad,Under-7,x>75,49<x<74,24<x<49,50<x<74,0
F,Egypt,Iran,lowerlevel,G-10,B,Biology,F,Mum,No,Good,Under-7,0<x<25,0<x<24,49<x<73,1<x<25,1
M,USA,Tunis,lowerlevel,G-07,C,English,S,Father,No,Bad,Under-7,0<x<25,49<x<74,0<x<24,25<x<50,2
F,Morocco,venzuela,lowerlevel,G-02,B,Quran,F,Mum,No,Bad,Above-7,0<x<25,x>74,0<x<24,1<x<25,1
M,Iraq,Jordan,lowerlevel,G-07,A,Math,S,Father,Yes,Good,Above-7,25<x<50,49<x<74,24<x<49,1<x<25,2
F,lebanon,lebanon,HighSchool,G-06,B,Spanish,S,Father,No,Bad,Above-7,50<x<75,x>74,49<x<73,1<x<25,0
M,USA,Iran,lowerlevel,G-06,A,IT,F,Father,Yes,Bad,Under-7,25<x<50,24<x<49,24<x<49,1<x<25,2
F,SaudiArabia,Syria,lowerlevel,G-06,B,IT,F,Father,No,Bad,Under-7,x>75,49<x<74,24<x<49,1<x<25,2
F,Tunis,lebanon,lowerlevel,G-02,A,Chemistry,F,Father,No,Bad,Above-7,0<x<25,49<x<74,0<x<24,1<x<25,0
M,Jordan,USA,lowerlevel,G-11,C,Math,F,Mum,Yes,Good,Above-7,x>75,0<x<24,0<x<24,x>74,0
M,Syria,Tunis,MiddleSchool,G-05,C,Spanish,S,Mum,No,Bad,Under-7,25<x<50,x<0,0<x<24,25<x<50,2
M,Tunis,SaudiArabia,lowerlevel,G-04,C,History,S,Father,Yes,Good,Under-7,25<x<50,24<x<49,49<x<73,x>74,0
M,Morocco,Palestine,lowerlevel,G-12,A,French,S,Father,No,Bad,Under-7,x>75,0<x<24,49<x<73,25<x<50,2
F,Iran,Morocco,lowerlevel,G-06,A,History,S,Mum,Yes,Bad,Under-7,50<x<75,49<x<74,24<x<49,25<x<50,2
M,USA,USA,lowerlevel,G-05,C,History,F,Father,Yes,Good,Above-7,50<x<75,49<x<74,49<x<73,25<x<50,0
F,Morocco,Iran,MiddleSchool,G-04,C,Arabic,S,Father,No,Good,Under-7,50<x<75,0<x<24,24<x<49,25<x<50,0
M,Iraq,lebanon,lowerlevel,G-05,B,Biology,F,Mum,No,Good,Above-7,x>75,24<x<49,49<x<73,1<x<25,0
F,USA,Egypt,HighSchool,G-08,C,Spanish,F,Mum,Yes,Good,Above-7,x>75,x>74,49<x<73,50<x<74,2
F,Egypt,Jordan,lowerlevel,G-05,B,Spanish,S,Father,Yes,Bad,Under-7,25<x<50,0<x<24,49<x<73,25<x<50,2
M,Jordan,Jordan,lowerlevel,G-11,A,French,S,Father,Yes,Good,Under-7,x>75,x>74,24<x<49,x>74,0
F,Jordan,Egypt,lowerlevel,G-08,A,Biology,S,Mum,No,Bad,Above-7,0<x<25,49<x<74,24<x<49,50<x<74,1
M,USA,USA,lowerlevel,G-02,B,Chemistry,S,Father,Yes,Good,Under-7,0<x<25,49<x<74,x>73,x>74,0
M,Iran,Iraq,lowerlevel,G-12,C,Biology,F,Mum,Yes,Bad,Under-7,25<x<50,24<x<49,0<x<24,x>74,0
F,USA,Morocco,HighSchool,G-06,A,Quran,F,Father,No,Bad,Under-7,25<x<50,0<x<24,24<x<49,1<x<25,1
M,USA,KuwaIT,HighSchool,G-07,A,English,S,Mum,No,Bad,Under-7,50<x<75,0<x<24,24<x<49,50<x<74,2
M,Tunis,USA,HighSchool,G-06,A,IT,F,Father,No,Bad,Above-7,x>75,0<x<24,x>73,x>74,0
F,lebanon,Iran,lowerlevel,G-06,B,Spanish,F,Father,Yes,Bad,Above-7,0<x<25,x>74,49<x<73,x>74,2
M,Egypt,USA,HighSchool,G-08,A,Arabic,F,Father,No,Bad,Under-7,0<x<25,24<x<49,x>73,x>74,0
M,Syria,SaudiArabia,MiddleSchool,G-11,B,Biology,S,Father,Yes,Good,Under-7,0<x<25,24<x<49,0<x<24,50<x<74,2
F,KW,Morocco,MiddleSchool,G-07,C,Quran,S,Mum,No,Good,Above-7,0<x<25,0<x<24,x>73,25<x<50,1
M,Lybia,USA,MiddleSchool,G-02,B,History,F,Father,No,Bad,Above-7,50<x<75,x>74,49<x<73,1<x<25,2
F,USA,Egypt,lowerlevel,G-07,C,Science,F,Father,Yes,Good,Under-7,0<x<25,49<x<74,0<x<24,1<x<25,1
M,Palestine,Syria,lowerlevel,G-08,A,Spanish,S,Father,Yes,Bad,Above-7,25<x<50,x>74,24<x<49,1<x<25,1
F,Tunis,Morocco,MiddleSchool,G-04,B,Science,F,Mum,No,Good,Under-7,x>75,49<x<74,49<x<73,50<x<74,0
M,venzuela,Lybia,HighSchool,G-12,A,Spanish,S,Father,No,Good,Above-7,50<x<75,x>74,x>73,25<x<50,2
F,lebanon,Jordan,HighSchool,G-06,C,French,S,Father,Yes,Good,Under-7,25<x<50,24<x<49,0<x<24,x>74,2
M,Lybia,venzuela,lowerlevel,G-08,C,History,F,Mum,No,Bad,Under-7,0<x<25,24<x<49,24<x<49,25<x<50,2
F,KW,lebanon,HighSchool,G-04,B,IT,S,Father,No,Bad,Above-7,x>75,49<x<74,24<x<49,1<x<25,2
M,Egypt,lebanon,MiddleSchool,G-08,A,Arabic,S,Mum,No,Bad,Above-7,x>75,24<x<49,49<x<73,50<x<74,0
F,Tunis,lebanon,MiddleSchool,G-10,C,Biology,S,Father,Yes,Bad,Under-7,50<x<75,49<x<74,x>73,50<x<74,0
F,KW,Tunis,lowerlevel,G-08,A,Math,F,Mum,No,Good,Above-7,0<x<25,49<x<74,24<x<49,x>74,2
F,USA,Lybia,MiddleSchool,G-05,C,IT,F,Mum,No,Good,Under-7,x>75,x>74,x>73,50<x<74,0
F,Jordan,Egypt,lowerlevel,G-12,B,English,F,Father,No,Good,Under-7,0<x<25,0<x<24,x>73,x>74,0
F,Iran,Tunis,lowerlevel,G-06,C,Science,S,Father,Yes,Bad,Above-7,0<x<25,49<x<74,49<x<73,25<x<50,2
M,Lybia,Jordan,MiddleSchool,G-12,B,Spanish,S,Father,No,Good,Above-7,25<x<50,49<x<74,49<x<73,x>74,2
F,Palestine,Lybia,HighSchool,G-09,A,French,S,Mum,No,Bad,Under-7,0<x<25,0<x<24,24<x<49,50<x<74,1
F,venzuela,Tunis,HighSchool,G-02,A,English,F,Mum,No,Good,Under-7,50<x<75,24<x<49,x>73,25<x<50,0
M,venzuela,Morocco,MiddleSchool,G-04,A,History,S,Father,Yes,Bad,Above-7,50<x<75,0<x<24,49<x<73,x>74,2
F,Palestine,Morocco,HighSchool,G-05,B,French,S,Father,Yes,Good,Above-7,0<x<25,x>74,0<x<24,25<x<50,2
F,Lybia,KuwaIT,lowerlevel,G-02,A,Math,F,Mum,No,Good,Under-7,0<x<25,0<x<24,24<x<49,x>74,1
M,Tunis,Iran,lowerlevel,G-02,A,IT,S,Mum,Yes,Bad,Above-7,25<x<50,24<x<49,x>73,x>74,2
F,Iran,venzuela,HighSchool,G-09,C,Quran,S,Father,Yes,Good,Above-7,50<x<75,49<x<74,49<x<73,25<x<50,0
M,Iran,Morocco,MiddleSchool,G-06,B,French,F,Father,Yes,Good,Above-7,0<x<25,0<x<24,x>73,25<x<50,1
F,Lybia,USA,HighSchool,G-12,C,Quran,S,Mum,No,Bad,Above-7,50<x<75,24<x<49,0<x<24,25<x<50,0
F,Egypt,USA,lowerlevel,G-11,C,History,S,Mum,Yes,Good,Above-7,50<x<75,0<x<24,24<x<49,50<x<74,2
M,Lybia,SaudiArabia,lowerlevel,G-12,A,French,F,Mum,No,Good,Under-7,25<x<50,0<x<24,x>73,x>74,2
M,Iraq,venzuela,MiddleSchool,G-12,A,Arabic,S,Mum,Yes,Good,Above-7,25<x<50,0<x<24,0<x<24,x>74,1
M,Iraq,Palestine,MiddleSchool,G-05,B,French,S,Father,Yes,Bad,Under-7,x>75,0<x<24,0<x<24,25<x<50,2
M,Syria,Iraq,HighSchool,G-12,B,Arabic,F,Mum,No,Bad,Above-7,0<x<25,x>74,x>73,1<x<25,2
M,Egypt,USA,lowerlevel,G-07,C,History,F,Mum,Yes,Bad,Under-7,25<x<50,24<x<49,49<x<73,1<x<25,2
M,Jordan,Iraq,lowerlevel,G-10,A,Science,S,Father,Yes,Good,Above-7,0<x<25,x>74,49<x<73,25<x<50,2
F,SaudiArabia,SaudiArabia,HighSchool,G-07,C,Spanish,S,Mum,Yes,Bad,Above-7,x>75,49<x<74,24<x<49,x>74,0
M,Syria,Iraq,lowerlevel,G-12,C,French,F,Mum,Yes,Bad,Above-7,x<0,x>74,24<x<49,1<x<25,2
M,venzuela,KuwaIT,MiddleSchool,G-05,B,Math,S,Mum,Yes,Bad,Under-7,0<x<25,x>74,24<x<49,1<x<25,1
F,KW,Morocco,lowerlevel,G-04,B,French,F,Mum,Yes,Good,Above-7,0<x<25,24<x<49,49<x<73,x>74,1
M,venzuela,Tunis,lowerlevel,G-10,B,Biology,F,Mum,No,Good,Above-7,0<x<25,49<x<74,49<x<73,1<x<25,0
M,lebanon,Morocco,MiddleSchool,G-07,B,Geology,F,Father,No,Bad,Above-7,x>75,x>74,0<x<24,x>74,2
M,Lybia,Morocco,MiddleSchool,G-11,A,Spanish,F,Father,No,Good,Under-7,50<x<75,0<x<24,0<x<24,25<x<50,1
M,Lybia,KuwaIT,HighSchool,G-04,C,Science,F,Father,No,Bad,Under-7,50<x<75,24<x<49,x>73,50<x<74,2
M,venzuela,Syria,MiddleSchool,G-06,A,Science,S,Mum,Yes,Good,Under-7,25<x<50,24<x<49,0<x<24,25<x<50,2
M,Syria,Jordan,lowerlevel,G-04,A,Geology,F,Mum,Yes,Good,Above-7,50<x<75,0<x<24,24<x<49,x>74,2
M,SaudiArabia,Iraq,MiddleSchool,G-10,C,IT,F,Father,No,Good,Under-7,25<x<50,x>74,0<x<24,x>74,2
M,Iraq,lebanon,lowerlevel,G-02,C,Chemistry,S,Mum,No,Bad,Under-7,50<x<75,x>74,x>73,25<x<50,0
M,Egypt,Syria,lowerlevel,G-11,A,Geology,S,Mum,Yes,Bad,Above-7,x>75,49<x<74,24<x<49,50<x<74,2
F,Jordan,Tunis,lowerlevel,G-06,C,Arabic,F,Mum,Yes,Good,Under-7,50<x<75,x>74,24<x<49,1<x<25,0
F,Iran,USA,MiddleSchool,G-08,C,Biology,F,Mum,Yes,Bad,Above-7,x>75,0<x<24,49<x<73,25<x<50,0
M,Tunis,Egypt,HighSchool,G-07,A,Arabic,S,Father,No,Good,Above-7,0<x<25,x>74,24<x<49,50<x<74,2
M,USA,Egypt,HighSchool,G-04,A,French,S,Father,Yes,Good,Under-7,25<x<50,x>74,24<x<49,x>74,2
M,USA,Jordan,HighSchool,G-07,B,Arabic,S,Mum,Yes,Good,Under-7,50<x<75,49<x<74,x>73,50<x<74,2
F,Morocco,Jordan,MiddleSchool,G-06,C,History,F,Father,Yes,Bad,Above-7,50<x<75,x>74,x>73,25<x<50,2
F,Palestine,Iran,HighSchool,G-09,B,Math,S,Mum,Yes,Good,Above-7,x>75,24<x<49,24<x<49,25<x<50,2
M,venzuela,lebanon,HighSchool,G-10,A,Chemistry,S,Mum,No,Bad,Under-7,25<x<50,x>74,0<x<24,x>74,0
F,Lybia,lebanon,lowerlevel,G-05,C,Geology,F,Father,Yes,Bad,Above-7,x>75,0<x<24,0<x<24,x>74,0
M,venzuela,Morocco,lowerlevel,G-11,C,Chemistry,S,Mum,No,Bad,Under-7,0<x<25,24<x<49,24<x<49,25<x<50,2
F,KW,Lybia,MiddleSchool,G-07,B,Math,F,Father,Yes,Good,Under-7,x>75,x>74,24<x<49,x>74,2
M,Lybia,Morocco,lowerlevel,G-12,B,IT,S,Father,No,Bad,Above-7,25<x<50,49<x<74,49<x<73,50<x<74,2
F,Egypt,Jordan,lowerlevel,G-09,A,Quran,S,Father,Yes,Bad,Above-7,0<x<25,49<x<74,0<x<24,50<x<74,2
F,Iraq,Iran,HighSchool,G-05,C,Arabic,F,Mum,Yes,Good,Above-7,x>75,49<x<74,49<x<73,1<x<25,0
M,Egypt,Palestine,MiddleSchool,G-04,A,French,S,Father,Yes,Good,Above-7,0<x<25,x>74,x>73,1<x<25,2
F,Egypt,Iraq,lowerlevel,G-08,C,Spanish,F,Father,Yes,Bad,Under-7,0<x<25,49<x<74,x>73,1<x<25,2
F,Jordan,Iraq,MiddleSchool,G-11,A,Science,S,Mum,Yes,Bad,Above-7,25<x<50,49<x<74,0<x<24,x>74,2
F,USA,Lybia,HighSchool,G-09,A,Biology,S,Mum,Yes,Bad,Under-7,50<x<75,0<x<24,24<x<49,x>74,0
M,SaudiArabia,Egypt,MiddleSchool,G-05,B,Spanish,S,Mum,No,Bad,Above-7,50<x<75,24<x<49,0<x<24,25<x<50,1
M,lebanon,venzuela,HighSchool,G-02,A,Arabic,S,Father,No,Bad,Under-7,50<x<75,0<x<24,49<x<73,1<x<25,0
F,Iraq,lebanon,lowerlevel,G-04,A,French,S,Father,No,Bad,Under-7,x>75,49<x<74,49<x<73,1<x<25,0
M,Morocco,Iran,MiddleSchool,G-11,C,Chemistry,F,Mum,No,Bad,Under-7,50<x<75,24<x<49,49<x<73,25<x<50,2
F,Tunis,Tunis,HighSchool,G-07,B,Science,F,Mum,Yes,Bad,Above-7,0<x<25,x>74,0<x<24,1<x<25,2
F,Morocco,SaudiArabia,MiddleSchool,G-05,C,History,F,Mum,Yes,Bad,Above-7,0<x<25,24<x<49,0<x<24,50<x<74,1
M,Morocco,Jordan,MiddleSchool,G-06,C,Biology,F,Mum,Yes,Good,Under-7,0<x<25,x>74,24<x<49,x>74,2
M,venzuela,lebanon,lowerlevel,G-06,C,IT,F,Father,No,Bad,Under-7,25<x<50,x>74,24<x<49,50<x<74,0
F,USA,venzuela,lowerlevel,G-11,A,History,S,Father,No,Good,Under-7,x>75,24<x<49,x>73,50<x<74,0
M,Tunis,Palestine,HighSchool,G-11,C,Chemistry,F,Father,No,Bad,Above-7,50<x<75,x>74,49<x<73,x>74,2
M,Iran,Iran,HighSchool,G-08,A,Math,F,Mum,No,Bad,Above-7,x>75,24<x<49,0<x<24,1<x<25,1
M,Iraq,Syria,HighSchool,G-05,B,Spanish,S,Father,Yes,Good,Under-7,x>75,24<x<49,24<x<49,50<x<74,0
F,Egypt,Morocco,HighSchool,G-10,A,Arabic,F,Father,No,Bad,Under-7,0<x<25,0<x<24,49<x<73,1<x<25,1
M,Iraq,venzuela,MiddleSchool,G-06,C,French,F,Father,No,Bad,Above-7,0<x<25,49<x<74,x>73,25<x<50,2
F,Iran,venzuela,MiddleSchool,G-04,A,Quran,F,Father,No,Good,Under-7,0<x<25,0<x<24,49<x<73,1<x<25,2
M,Egypt,Syria,MiddleSchool,G-11,B,History,S,Father,Yes,Good,Above-7,0<x<25,0<x<24,x>73,x>74,2
F,Egypt,lebanon,lowerlevel,G-11,B,French,S,Mum,No,Bad,Above-7,x>75,x>74,49<x<73,1<x<25,2
M,SaudiArabia,Syria,MiddleSchool,G-07,A,History,F,Father,Yes,Good,Under-7,25<x<50,49<x<74,49<x<73,25<x<50,2
F,Jordan,Lybia,lowerlevel,G-08,A,Math,F,Father,Yes,Bad,Above-7,x>75,24<x<49,x>73,25<x<50,2
F,Tunis,Syria,HighSchool,G-12,B,Biology,S,Mum,Yes,Bad,Above-7,50<x<75,x>74,x>73,1<x<25,0
F,Lybia,USA,HighSchool,G-05,A,Arabic,F,Father,Yes,Good,Under-7,x<0,x>74,x>73,25<x<50,2
F,Morocco,Tunis,MiddleSchool,G-11,C,Chemistry,F,Mum,Yes,Good,Above-7,x>75,24<x<49,49<x<73,x>74,0
M,Iraq,Iraq,lowerlevel,G-07,C,History,S,Father,Yes,Bad,Above-7,25<x<50,x>74,0<x<24,x>74,2
F,venzuela,lebanon,HighSchool,G-06,A,Biology,F,Mum,Yes,Good,Under-7,0<x<25,x>74,x>73,25<x<50,0
F,Tunis,venzuela,MiddleSchool,G-10,A,Quran,S,Father,Yes,Bad,Under-7,25<x<50,x>74,49<x<73,50<x<74,0
F,KW,Syria,lowerlevel,G-04,C,French,S,Mum,No,Good,Above-7,50<x<75,24<x<49,24<x<49,x>74,2
M,USA,Syria,HighSchool,G-06,A,Math,F,Mum,No,Bad,Under-7,0<x<25,49<x<74,0<x<24,1<x<25,2
M,Morocco,KuwaIT,HighSchool,G-02,A,Science,S,Mum,Yes,Bad,Above-7,0<x<25,0<x<24,24<x<49,x>74,1
M,Palestine,Jordan,MiddleSchool,G-02,C,Math,S,Mum,Yes,Good,Under-7,25<x<50,24<x<49,x>73,x>74,0
M,lebanon,Egypt,MiddleSchool,G-07,A,Quran,F,Father,No,Good,Under-7,x>75,0<x<24,x>73,50<x<74,2
F,USA,Iraq,lowerlevel,G-07,C,Biology,F,Mum,Yes,Bad,Above-7,0<x<25,24<x<49,0<x<24,50<x<74,1
M,Morocco,Iraq,HighSchool,G-05,B,Arabic,S,Father,Yes,Good,Under-7,0<x<25,24<x<49,49<x<73,x>74,2
F,Egypt,USA,MiddleSchool,G-08,B,History,F,Mum,Yes,Bad,Above-7,0<x<25,49<x<74,0<x<24,1<x<25,1
M,SaudiArabia,Jordan,lowerlevel,G-02,C,Geology,S,Mum,No,Bad,Above-7,x>75,24<x<49,24<x<49,50<x<74,2
F,SaudiArabia,lebanon,lowerlevel,G-06,C,Biology,F,Father,Yes,Good,Under-7,0<x<25,49<x<74,0<x<24,25<x<50,0
F,KW,Syria,lowerlevel,G-08,B,English,F,Mum,No,Bad,Under-7,0<x<25,0<x<24,49<x<73,x>74,1
M,USA,lebanon,HighSchool,G-10,B,Arabic,F,Mum,No,Good,Above-7,0<x<25,49<x<74,x>73,50<x<74,0
F,Iraq,Palestine,MiddleSchool,G-05,B,Chemistry,S,Mum,No,Good,Above-7,25<x<50,x>74,0<x<24,1<x<25,0
M,Iraq,Lybia,lowerlevel,G-12,B,Math,S,Mum,No,Bad,Under-7,0<x<25,x>74,24<x<49,1<x<25,2
F,venzuela,Jordan,lowerlevel,G-11,B,Biology,S,Father,Yes,Bad,Under-7,0<x<25,0<x<24,0<x<24,1<x<25,1
F,Lybia,Iran,lowerlevel,G-05,B,Spanish,F,Mum,No,Bad,Above-7,0<x<25,0<x<24,49<x<73,1<x<25,1
M,Iraq,Iran,lowerlevel,G-07,B,Quran,S,Mum,Yes,Bad,Under-7,0<x<25,49<x<74,24<x<49,x>74,2
M,Iran,Tunis,MiddleSchool,G-06,B,English,F,Mum,No,Good,Under-7,25<x<50,x>74,0<x<24,x>74,0
F,Lybia,Egypt,MiddleSchool,G-02,A,Geology,F,Father,No,Good,Under-7,0<x<25,24<x<49,0<x<24,1<x<25,2
M,Tunis,Syria,HighSchool,G-09,C,Spanish,S,Father,Yes,Good,Above-7,0<x<25,0<x<24,24<x<49,50<x<74,2
M,Tunis,Iraq,HighSchool,G-09,C,Chemistry,F,Mum,Yes,Bad,Under-7,0<x<25,49<x<74,49<x<73,x>74,0
M,USA,KuwaIT,MiddleSchool,G-10,A,Math,F,Mum,Yes,Good,Under-7,50<x<75,24<x<49,x>73,50<x<74,2
M,Jordan,Syria,MiddleSchool,G-02,B,Biology,F,Father,No,Good,Above-7,50<x<75,x>74,x>73,25<x<50,2
M,SaudiArabia,Palestine,lowerlevel,G-05,C,Geology,S,Father,Yes,Good,Under-7,50<x<75,49<x<74,0<x<24,x>74,0
M,Jordan,Iraq,MiddleSchool,G-04,B,IT,S,Father,Yes,Good,Under-7,x>75,49<x<74,24<x<49,x>74,2
F,Syria,Palestine,lowerlevel,G-05,B,IT,S,Father,Yes,Good,Above-7,0<x<25,24<x<49,49<x<73,50<x<74,2
M,Lybia,SaudiArabia,HighSchool,G-02,C,Geology,F,Father,No,Good,Under-7,50<x<75,x>74,0<x<24,50<x<74,0
M,Morocco,Iran,HighSchool,G-04,C,History,S,Father,Yes,Good,Above-7,x>75,49<x<74,x>73,1<x<25,2
F,Iraq,Iran,HighSchool,G-09,C,Arabic,S,Mum,Yes,Good,Above-7,x>75,0<x<24,49<x<73,50<x<74,0
M,venzuela,Jordan,HighSchool,G-09,B,Geology,S,Father,No,Good,Above-7,0<x<25,x>74,x>73,x>74,2
M,lebanon,venzuela,lowerlevel,G-12,B,Science,S,Mum,Yes,Bad,Above-7,0<x<25,0<x<24,49<x<73,50<x<74,0
M,Morocco,venzuela,HighSchool,G-04,A,French,S,Father,Yes,Bad,Above-7,25<x<50,24<x<49,49<x<73,50<x<74,0
F,Tunis,Jordan,MiddleSchool,G-07,C,Biology,F,Father,No,Bad,Under-7,x>75,24<x<49,24<x<49,25<x<50,2
M,lebanon,Jordan,MiddleSchool,G-12,B,Chemistry,S,Mum,No,Bad,Above-7,50<x<75,x>74,49<x<73,x>74,2
F,venzuela,Lybia,HighSchool,G-08,A,Math,F,Father,Yes,Bad,Above-7,x>75,0<x<24,0<x<24,25<x<50,1
F,Lybia,SaudiArabia,lowerlevel,G-12,C,History,F,Father,No,Bad,Above-7,0<x<25,24<x<49,24<x<49,50<x<74,1
F,Iraq,Tunis,MiddleSchool,G-08,B,Chemistry,S,Father,Yes,Good,Above-7,0<x<25,0<x<24,x>73,50<x<74,1
F,Iraq,Iraq,HighSchool,G-11,C,French,S,Father,No,Good,Under-7,50<x<75,49<x<74,0<x<24,25<x<50,2
F,Lybia,Lybia,HighSchool,G-07,C,Geology,S,Mum,No,Bad,Under-7,0<x<25,x>74,49<x<73,50<x<74,2
M,Syria,SaudiArabia,lowerlevel,G-06,C,Chemistry,F,Father,No,Good,Under-7,x>75,0<x<24,24<x<49,50<x<74,0
M,KW,Jordan,lowerlevel,G-02,C,Spanish,F,Father,No,Good,Under-7,25<x<50,24<x<49,x>73,25<x<50,2
F,SaudiArabia,KuwaIT,HighSchool,G-06,C,Math,S,Mum,Yes,Bad,Under-7,x>75,0<x<24,x>73,1<x<25,2
F,Jordan,Palestine,MiddleSchool,G-04,B,Geology,S,Mum,No,Bad,Above-7,0<x<25,49<x<74,49<x<73,x>74,2
M,Syria,Iran,HighSchool,G-06,B,Quran,S,Mum,Yes,Good,Above-7,50<x<75,24<x<49,x>73,x>74,2
F,Tunis,USA,MiddleSchool,G-04,B,Spanish,S,Mum,No,Good,Under-7,0<x<25,x>74,49<x<73,25<x<50,2
M,KW,Iran,MiddleSchool,G-06,C,History,S,Mum,No,Bad,Above-7,x>75,0<x<24,24<x<49,x>74,2
M,Lybia,Iran,HighSchool,G-06,C,Math,S,Mum,No,Bad,Above-7,x>75,0<x<24,49<x<73,50<x<74,2
F,Tunis,Jordan,HighSchool,G-04,C,Biology,F,Mum,No,Bad,Above-7,x>75,x>74,x>73,25<x<50,0
M,KW,lebanon,lowerlevel,G-07,B,History,S,Father,Yes,Good,Above-7,0<x<25,0<x<24,49<x<73,1<x<25,1
M,KW,Lybia,MiddleSchool,G-06,C,French,S,Mum,No,Bad,Under-7,50<x<75,24<x<49,49<x<73,25<x<50,2
M,KW,Jordan,lowerlevel,G-05,B,Arabic,F,Mum,Yes,Good,Under-7,0<x<25,0<x<24,x<0,x>74,1
M,Jordan,lebanon,MiddleSchool,G-05,A,IT,S,Father,No,Good,Under-7,25<x<50,0<x<24,x>73,25<x<50,2
M,Iran,Jordan,lowerlevel,G-05,A,Science,F,Mum,Yes,Bad,Above-7,25<x<50,24<x<49,24<x<49,50<x<74,2
M,Lybia,lebanon,lowerlevel,G-07,B,Quran,F,Mum,No,Bad,Above-7,0<x<25,49<x<74,x>73,25<x<50,1
M,Palestine,Iran,MiddleSchool,G-07,B,History,S,Father,No,Good,Under-7,0<x<25,0<x<24,0<x<24,50<x<74,1
F,Iran,lebanon,lowerlevel,G-04,C,Arabic,S,Mum,No,Bad,Above-7,0<x<25,x>74,x>73,50<x<74,1
M,lebanon,Egypt,lowerlevel,G-02,A,Arabic,S,Father,Yes,Bad,Above-7,x>75,x>74,49<x<73,25<x<50,0
M,Jordan,SaudiArabia,MiddleSchool,G-10,B,Spanish,F,Mum,Yes,Good,Under-7,x>75,0<x<24,49<x<73,25<x<50,0
M,venzuela,lebanon,lowerlevel,G-12,A,Math,F,Father,Yes,Good,Under-7,50<x<75,0<x<24,0<x<24,1<x<25,2
F,Lybia,Egypt,MiddleSchool,G-05,B,Quran,S,Father,Yes,Good,Under-7,0<x<25,24<x<49,x>73,x>74,2
F,Syria,Jordan,HighSchool,G-09,A,Math,S,Father,Yes,Bad,Under-7,50<x<75,0<x<24,49<x<73,x>74,2
M,Morocco,Palestine,MiddleSchool,G-07,B,Geology,S,Mum,Yes,Good,Above-7,0<x<25,49<x<74,49<x<73,25<x<50,2
M,USA,Tunis,lowerlevel,G-06,C,Spanish,F,Father,Yes,Good,Under-7,x>75,24<x<49,24<x<49,50<x<74,2
F,Morocco,Iran,lowerlevel,G-07,C,English,S,Father,No,Good,Above-7,x>75,49<x<74,49<x<73,25<x<50,2
F,Syria,Iraq,HighSchool,G-02,A,Quran,F,Mum,No,Bad,Under-7,x>75,49<x<74,0<x<24,50<x<74,0
M,USA,KuwaIT,lowerlevel,G-09,B,Spanish,F,Mum,No,Good,Under-7,25<x<50,0<x<24,49<x<73,25<x<50,2
M,Iraq,KuwaIT,lowerlevel,G-08,B,Science,F,Father,No,Bad,Under-7,50<x<75,24<x<49,24<x<49,25<x<50,2
F,Iraq,USA,HighSchool,G-12,A,Geology,F,Mum,No,Good,Under-7,25<x<50,49<x<74,x>73,x<1,2
F,Jordan,Palestine,HighSchool,G-05,B,Spanish,F,Father,No,Good,Above-7,x>75,49<x<74,49<x<73,50<x<74,0
M,Lybia,USA,lowerlevel,G-04,B,French,F,Mum,Yes,Good,Under-7,0<x<25,x>74,0<x<24,50<x<74,0
M,venzuela,Tunis,MiddleSchool,G-05,B,Chemistry,S,Mum,Yes,Good,Under-7,25<x<50,x>74,x>73,1<x<25,0
F,Jordan,Iraq,lowerlevel,G-05,A,History,S,Father,Yes,Bad,Above-7,50<x<75,x>74,x>73,x>74,2
F,USA,Iran,HighSchool,G-07,C,Geology,F,Father,No,Bad,Under-7,50<x<75,0<x<24,x>73,1<x<25,2
M,Syria,lebanon,lowerlevel,G-06,A,Geology,F,Mum,Yes,Good,Above-7,x>75,49<x<74,49<x<73,25<x<50,0
F,Jordan,SaudiArabia,MiddleSchool,G-10,A,Chemistry,F,Father,Yes,Good,Above-7,50<x<75,x>74,49<x<73,50<x<74,0
F,venzuela,venzuela,HighSchool,G-10,C,IT,F,Father,Yes,Bad,Above-7,25<x<50,24<x<49,0<x<24,50<x<74,2
M,Palestine,USA,HighSchool,G-11,C,Math,F,Father,Yes,Bad,Above-7,x>75,0<x<24,49<x<73,x>74,0
F,Jordan,Syria,lowerlevel,G-04,C,Science,S,Father,Yes,Bad,Under-7,x>75,49<x<74,24<x<49,50<x<74,0
M,Syria,Tunis,lowerlevel,G-12,C,French,S,Mum,No,Good,Above-7,x>75,0<x<24,24<x<49,1<x<25,0
M,Tunis,Iraq,MiddleSchool,G-11,A,Spanish,F,Mum,Yes,Bad,Under-7,x>75,49<x<74,x<0,25<x<50,2
F,USA,USA,lowerlevel,G-08,A,English,F,Father,Yes,Good,Above-7,50<x<75,0<x<24,49<x<73,25<x<50,0
M,Morocco,SaudiArabia,HighSchool,G-12,A,Math,F,Mum,No,Bad,Under-7,x>75,24<x<49,49<x<73,50<x<74,0
M,Tunis,Lybia,MiddleSchool,G-06,C,Biology,S,Father,Yes,Bad,Above-7,50<x<75,49<x<74,0<x<24,1<x<25,2
F,Jordan,venzuela,HighSchool,G-12,B,Science,S,Mum,No,Bad,Above-7,50<x<75,0<x<24,24<x<49,50<x<74,0
F,Morocco,Syria,HighSchool,G-11,A,Quran,S,Father,No,Bad,Under-7,0<x<25,x>74,0<x<24,50<x<74,2
M,USA,USA,MiddleSchool,G-05,C,Geology,F,Father,Yes,Good,Above-7,0<x<25,0<x<24,49<x<73,x>74,0
M,venzuela,USA,MiddleSchool,G-08,B,French,F,Mum,No,Bad,Above-7,50<x<75,0<x<24,24<x<49,25<x<50,0
F,Iran,Egypt,MiddleSchool,G-07,C,Arabic,F,Mum,Yes,Good,Above-7,50<x<75,0<x<24,0<x<24,x>74,0
F,venzuela,Egypt,MiddleSchool,G-11,C,Arabic,S,Father,Yes,Bad,Under-7,x>75,49<x<74,0<x<24,x>74,2
M,KW,venzuela,lowerlevel,G-02,A,English,S,Father,Yes,Good,Under-7,x>75,0<x<24,0<x<24,1<x<25,1
M,Iran,lebanon,HighSchool,G-05,A,Science,S,Father,No,Bad,Above-7,25<x<50,x>74,0<x<24,1<x<25,1
F,Lybia,Lybia,HighSchool,G-10,C,English,F,Mum,No,Bad,Under-7,50<x<75,x>74,24<x<49,x>74,0
M,KW,USA,lowerlevel,G-09,C,Quran,S,Mum,No,Bad,Under-7,x>75,24<x<49,x>73,1<x<25,0
F,Jordan,Morocco,lowerlevel,G-06,C,Science,S,Father,No,Bad,Under-7,x>75,x<0,x>73,1<x<25,2
F,Lybia,Iran,HighSchool,G-04,C,Science,S,Father,Yes,Bad,Above-7,0<x<25,0<x<24,24<x<49,50<x<74,1
F,Palestine,Tunis,MiddleSchool,G-07,C,Geology,F,Father,No,Good,Under-7,0<x<25,0<x<24,49<x<73,1<x<25,2
M,Jordan,Iraq,MiddleSchool,G-12,C,History,F,Mum,No,Bad,Under-7,x>75,x>74,x>73,50<x<74,2
F,SaudiArabia,lebanon,HighSchool,G-09,B,Quran,F,Father,No,Good,Above-7,x>75,24<x<49,x>73,x<1,2
M,Syria,Tunis,MiddleSchool,G-10,B,Science,F,Mum,Yes,Good,Under-7,x>75,0<x<24,49<x<73,25<x<50,2
M,Lybia,Palestine,MiddleSchool,G-07,B,French,S,Father,No,Bad,Under-7,25<x<50,x>74,0<x<24,25<x<50,2
F,Egypt,Iraq,HighSchool,G-11,B,Quran,F,Father,Yes,Bad,Under-7,50<x<75,0<x<24,49<x<73,x>74,2
M,KW,Iran,lowerlevel,G-06,A,Quran,S,Father,No,Bad,Under-7,0<x<25,49<x<74,0<x<24,25<x<50,1
M,Iran,lebanon,HighSchool,G-10,A,Math,S,Father,Yes,Bad,Under-7,x>75,x>74,x>73,25<x<50,0
M,lebanon,Syria,lowerlevel,G-12,B,English,F,Mum,No,Bad,Under-7,x>75,x>74,0<x<24,1<x<25,0
M,lebanon,venzuela,HighSchool,G-07,C,Quran,F,Father,No,Good,Under-7,0<x<25,24<x<49,24<x<49,25<x<50,2
F,Egypt,venzuela,lowerlevel,G-05,C,Geology,F,Father,Yes,Good,Under-7,0<x<25,0<x<24,24<x<49,x>74,2
M,Syria,Jordan,HighSchool,G-11,A,IT,F,Father,No,Bad,Above-7,50<x<75,x>74,0<x<24,1<x<25,2
M,Iraq,Palestine,MiddleSchool,G-04,B,Chemistry,S,Father,Yes,Bad,Under-7,0<x<25,24<x<49,24<x<49,x>74,1
M,USA,USA,lowerlevel,G-05,C,English,F,Mum,Yes,Good,Under-7,50<x<75,x>74,24<x<49,50<x<74,0
M,Jordan,USA,lowerlevel,G-02,C,Biology,S,Father,No,Bad,Under-7,0<x<25,24<x<49,24<x<49,25<x<50,1
F,venzuela,Morocco,MiddleSchool,G-05,A,Quran,S,Father,No,Bad,Under-7,x>75,x>74,49<x<73,x>74,0
F,Iran,lebanon,MiddleSchool,G-08,C,French,S,Father,No,Bad,Under-7,25<x<50,24<x<49,0<x<24,x<1,1
F,Syria,Syria,lowerlevel,G-04,A,Chemistry,F,Mum,Yes,Good,Above-7,0<x<25,49<x<74,0<x<24,x>74,2
M,Tunis,SaudiArabia,HighSchool,G-12,B,IT,F,Mum,Yes,Good,Above-7,25<x<50,x>74,49<x<73,1<x<25,2
F,SaudiArabia,Lybia,lowerlevel,G-02,A,History,F,Father,No,Good,Above-7,0<x<25,24<x<49,x>73,1<x<25,1
M,KW,Lybia,MiddleSchool,G-12,A,Biology,S,Father,Yes,Good,Under-7,0<x<25,0<x<24,0<x<24,25<x<50,1
F,lebanon,lebanon,lowerlevel,G-04,A,Science,F,Father,No,Good,Under-7,0<x<25,0<x<24,0<x<24,x<1,2
F,Tunis,venzuela,lowerlevel,G-10,C,Arabic,F,Father,No,Bad,Under-7,0<x<25,49<x<74,24<x<49,25<x<50,2
M,Tunis,Palestine,lowerlevel,G-02,C,Chemistry,S,Mum,No,Good,Under-7,0<x<25,0<x<24,0<x<24,50<x<74,0
F,venzuela,Palestine,MiddleSchool,G-11,A,Science,S,Mum,No,Bad,Above-7,25<x<50,49<x<74,0<x<24,25<x<50,2
M,Tunis,Iran,MiddleSchool,G-12,B,IT,F,Mum,No,Good,Under-7,0<x<25,49<x<74,49<x<73,25<x<50,2
F,Jordan,KuwaIT,HighSchool,G-04,C,Geology,S,Father,Yes,Bad,Under-7,0<x<25,x>74,x>73,50<x<74,2
F,venzuela,Jordan,lowerlevel,G-06,A,Biology,S,Mum,Yes,Good,Under-7,0<x<25,24<x<49,24<x<49,1<x<25,2
M,Syria,Morocco,HighSchool,G-08,C,History,F,Father,Yes,Good,Under-7,25<x<50,x>74,0<x<24,25<x<50,2
M,Iraq,USA,HighSchool,G-05,C,Quran,S,Mum,Yes,Bad,Above-7,x>75,24<x<49,24<x<49,1<x<25,0
M,Morocco,SaudiArabia,lowerlevel,G-05,C,Math,F,Mum,Yes,Bad,Under-7,50<x<75,24<x<49,x>73,x>74,0
F,Iran,USA,lowerlevel,G-09,A,Spanish,F,Mum,No,Good,Under-7,x>75,24<x<49,x>73,1<x<25,0
M,SaudiArabia,Palestine,MiddleSchool,G-05,A,Spanish,F,Father,No,Good,Above-7,x>75,x>74,24<x<49,1<x<25,2
F,Tunis,Morocco,MiddleSchool,G-10,C,History,F,Mum,No,Bad,Above-7,50<x<75,24<x<49,49<x<73,50<x<74,2
F,Jordan,Palestine,HighSchool,G-05,A,History,S,Father,No,Good,Above-7,25<x<50,24<x<49,0<x<24,x>74,2
F,Morocco,Syria,HighSchool,G-04,A,French,F,Mum,No,Bad,Under-7,25<x<50,0<x<24,x>73,1<x<25,2
M,Egypt,Tunis,MiddleSchool,G-09,C,Math,S,Father,No,Good,Above-7,0<x<25,0<x<24,24<x<49,50<x<74,1
M,Iraq,Egypt,lowerlevel,G-05,C,Science,F,Father,No,Bad,Under-7,0<x<25,0<x<24,0<x<24,1<x<25,1
M,Morocco,USA,MiddleSchool,G-07,A,Biology,F,Mum,No,Bad,Under-7,x>75,49<x<74,24<x<49,25<x<50,2
F,Morocco,Lybia,HighSchool,G-02,A,IT,F,Mum,Yes,Bad,Above-7,x>75,x>74,24<x<49,50<x<74,0
F,Morocco,lebanon,lowerlevel,G-09,B,Chemistry,F,Mum,Yes,Good,Above-7,x>75,0<x<24,x>73,1<x<25,0
M,lebanon,Iran,lowerlevel,G-10,A,English,F,Mum,Yes,Good,Above-7,x>75,x>74,24<x<49,25<x<50,2
M,Palestine,venzuela,lowerlevel,G-10,B,History,F,Father,No,Bad,Under-7,25<x<50,24<x<49,0<x<24,25<x<50,2
F,USA,KuwaIT,MiddleSchool,G-09,A,Math,S,Mum,No,Bad,Above-7,50<x<75,0<x<24,24<x<49,25<x<50,2
M,Tunis,lebanon,MiddleSchool,G-12,B,Biology,S,Mum,Yes,Good,Under-7,0<x<25,x<0,0<x<24,x>74,0
F,Syria,Iran,MiddleSchool,G-10,C,Arabic,F,Mum,Yes,Good,Above-7,x>75,0<x<24,24<x<49,x>74,0
F,Syria,USA,lowerlevel,G-05,C,Spanish,F,Father,No,Good,Above-7,50<x<75,0<x<24,0<x<24,50<x<74,2
M,Egypt,Jordan,HighSchool,G-06,C,French,F,Father,No,Good,Above-7,25<x<50,24<x<49,x>73,25<x<50,2
F,KW,Tunis,lowerlevel,G-04,C,History,S,Father,No,Good,Above-7,0<x<25,x>74,0<x<24,1<x<25,2
M,Lybia,KuwaIT,MiddleSchool,G-04,A,IT,S,Mum,No,Good,Above-7,0<x<25,24<x<49,0<x<24,x>74,1
F,Syria,lebanon,MiddleSchool,G-04,B,Math,F,Mum,No,Bad,Under-7,0<x<25,24<x<49,24<x<49,x>74,2
