workcla,education,relationship,race,sex,native_country,age,fnlwgt,education_num,hours_per_week,class
 Private, Doctorate, Unmarried, Amer_Indian_Eskimo, Female, Yugoslavia,17<x<35,21174<x<274186,x>12,50<x<74,1
 Self_emp_inc, Assoc_acdm, Husband, Black, Female, India,17<x<35,21174<x<274186,8<x<12,25<x<50,1
 Federal_gov, 7th_8th, Own_child, Other, Female, Guatemala,35<x<53,21174<x<274186,x>12,25<x<50,1
 State_gov, 1st_4th, Not_in_family, Black, Female, India,x>71,21174<x<274186,x<1,25<x<50,1
 Self_emp_not_inc, Masters, Husband, Black, Female, United_States,17<x<35,21174<x<274186,4<x<8,1<x<25,1
 Private, HS_grad, Own_child, Other, Female, Canada,35<x<53,274186<x<527198,4<x<8,1<x<25,1
 Private, Preschool, Husband, White, Male, Cuba,35<x<53,21174<x<274186,8<x<12,1<x<25,1
 Local_gov, 7th_8th, Not_in_family, Asian_Pac_Islander, Female, Guatemala,35<x<53,274186<x<527198,x>12,50<x<74,1
 Self_emp_not_inc, Assoc_acdm, Not_in_family, Amer_Indian_Eskimo, Male, Dominican_Republic,17<x<35,21174<x<274186,8<x<12,25<x<50,1
 Private, Bachelors, Unmarried, Asian_Pac_Islander, Male, Italy,17<x<35,21174<x<274186,4<x<8,25<x<50,1
 Self_emp_inc, 9th, Own_child, Other, Female, Dominican_Republic,53<x<71,274186<x<527198,x>12,1<x<25,1
 Self_emp_inc, Assoc_acdm, Husband, Asian_Pac_Islander, Male, Germany,53<x<71,274186<x<527198,8<x<12,1<x<25,1
 State_gov, HS_grad, Not_in_family, Black, Male, Honduras,53<x<71,21174<x<274186,x>12,x<1,1
 State_gov, Some_college, Own_child, Amer_Indian_Eskimo, Male, Philippines,17<x<35,274186<x<527198,x>12,25<x<50,1
 State_gov, Some_college, Wife, Black, Male, Taiwan,17<x<35,21174<x<274186,x>12,50<x<74,1
 Self_emp_inc, 9th, Unmarried, Asian_Pac_Islander, Female, Puerto_Rico,53<x<71,21174<x<274186,8<x<12,25<x<50,1
 Self_emp_inc, 12th, Husband, White, Female, Laos,35<x<53,21174<x<274186,8<x<12,1<x<25,1
 Self_emp_not_inc, HS_grad, Unmarried, Black, Female, England,35<x<53,21174<x<274186,1<x<4,50<x<74,1
 Local_gov, 7th_8th, Husband, Other, Male, Philippines,17<x<35,274186<x<527198,8<x<12,50<x<74,1
 Federal_gov, HS_grad, Own_child, Black, Female, Italy,35<x<53,21174<x<274186,4<x<8,25<x<50,1
 Private, Bachelors, Unmarried, White, Male, Japan,53<x<71,21174<x<274186,x<1,50<x<74,1
 Federal_gov, 12th, Other_relative, Amer_Indian_Eskimo, Male, Jamaica,35<x<53,274186<x<527198,8<x<12,50<x<74,1
 State_gov, Assoc_acdm, Unmarried, Amer_Indian_Eskimo, Male, Japan,x>71,21174<x<274186,8<x<12,25<x<50,1
 Federal_gov, Assoc_voc, Unmarried, White, Female, Dominican_Republic,17<x<35,21174<x<274186,1<x<4,1<x<25,1
 State_gov, Doctorate, Husband, Other, Male, Mexico,35<x<53,21174<x<274186,4<x<8,25<x<50,1
 Local_gov, Doctorate, Unmarried, Other, Female, Columbia,35<x<53,21174<x<274186,8<x<12,50<x<74,1
 State_gov, Assoc_acdm, Own_child, Black, Male, Columbia,17<x<35,21174<x<274186,x>12,1<x<25,1
 Private, Bachelors, Own_child, Amer_Indian_Eskimo, Female, Canada,17<x<35,21174<x<274186,1<x<4,1<x<25,1
 Self_emp_inc, 7th_8th, Unmarried, White, Male, Yugoslavia,17<x<35,21174<x<274186,x>12,25<x<50,1
 Self_emp_inc, HS_grad, Own_child, Amer_Indian_Eskimo, Male, China,x>71,21174<x<274186,x>12,25<x<50,1
 Self_emp_not_inc, 1st_4th, Own_child, Black, Female, Laos,17<x<35,21174<x<274186,8<x<12,25<x<50,1
 Self_emp_not_inc, 10th, Husband, Amer_Indian_Eskimo, Male, India,x>71,21174<x<274186,x>12,1<x<25,1
 State_gov, Prof_school, Not_in_family, Amer_Indian_Eskimo, Male, France,53<x<71,21174<x<274186,8<x<12,25<x<50,1
 Self_emp_inc, Some_college, Husband, Black, Female, Guatemala,17<x<35,21174<x<274186,8<x<12,1<x<25,1
 Private, 11th, Unmarried, Amer_Indian_Eskimo, Male, Puerto_Rico,17<x<35,274186<x<527198,x<1,50<x<74,1
 Local_gov, 7th_8th, Other_relative, Black, Female, China,17<x<35,274186<x<527198,1<x<4,1<x<25,1
 State_gov, 5th_6th, Unmarried, Black, Male, China,35<x<53,21174<x<274186,8<x<12,25<x<50,1
 Private, Doctorate, Other_relative, Other, Male, Laos,17<x<35,274186<x<527198,x>12,1<x<25,1
 Private, 5th_6th, Not_in_family, Asian_Pac_Islander, Female, Cuba,17<x<35,21174<x<274186,x<1,x<1,1
 Federal_gov, Assoc_voc, Wife, White, Female, England,53<x<71,274186<x<527198,1<x<4,1<x<25,1
 Self_emp_inc, Assoc_acdm, Husband, Black, Female, Canada,35<x<53,21174<x<274186,4<x<8,x>74,1
 Self_emp_inc, Prof_school, Other_relative, Amer_Indian_Eskimo, Male, United_States,53<x<71,21174<x<274186,1<x<4,25<x<50,1
 Federal_gov, Some_college, Own_child, Amer_Indian_Eskimo, Male, Germany,17<x<35,21174<x<274186,8<x<12,1<x<25,1
 State_gov, Some_college, Own_child, Other, Male, Laos,35<x<53,21174<x<274186,x>12,1<x<25,1
 Self_emp_not_inc, 9th, Unmarried, Black, Female, Cuba,x>71,274186<x<527198,x>12,1<x<25,1
 State_gov, Masters, Wife, White, Male, Italy,x>71,21174<x<274186,x>12,25<x<50,1
 Federal_gov, HS_grad, Unmarried, White, Female, Puerto_Rico,35<x<53,21174<x<274186,x>12,x>74,1
 State_gov, Preschool, Other_relative, Asian_Pac_Islander, Female, Laos,17<x<35,21174<x<274186,x>12,1<x<25,1
 Self_emp_not_inc, Bachelors, Own_child, Black, Female, Jamaica,35<x<53,21174<x<274186,8<x<12,50<x<74,1
 Federal_gov, Bachelors, Wife, Other, Female, South,35<x<53,21174<x<274186,8<x<12,25<x<50,0
 Self_emp_inc, 12th, Husband, Amer_Indian_Eskimo, Male, Taiwan,17<x<35,21174<x<274186,x>12,25<x<50,1
 Federal_gov, 12th, Wife, Amer_Indian_Eskimo, Male, Jamaica,x>71,21174<x<274186,8<x<12,1<x<25,1
 Local_gov, 9th, Unmarried, Amer_Indian_Eskimo, Female, Puerto_Rico,x>71,21174<x<274186,x>12,1<x<25,1
 Private, 7th_8th, Wife, Black, Male, El_Salvador,17<x<35,21174<x<274186,4<x<8,1<x<25,1
 Self_emp_not_inc, Doctorate, Own_child, Black, Male, Thailand,53<x<71,21174<x<274186,4<x<8,25<x<50,1
 Local_gov, Bachelors, Husband, Other, Male, El_Salvador,53<x<71,274186<x<527198,8<x<12,1<x<25,1
 Self_emp_inc, Doctorate, Husband, Other, Male, Taiwan,53<x<71,21174<x<274186,1<x<4,25<x<50,1
 Self_emp_inc, 1st_4th, Unmarried, Black, Female, Canada,53<x<71,274186<x<527198,8<x<12,50<x<74,1
 Private, Preschool, Unmarried, Asian_Pac_Islander, Female, Poland,35<x<53,21174<x<274186,4<x<8,x>74,1
 Private, 5th_6th, Other_relative, White, Male, India,35<x<53,x<21174,x>12,25<x<50,1
 Self_emp_inc, Prof_school, Not_in_family, Other, Female, England,53<x<71,21174<x<274186,1<x<4,25<x<50,1
 State_gov, Preschool, Not_in_family, Black, Male, Cuba,53<x<71,21174<x<274186,x<1,1<x<25,1
 Private, Doctorate, Wife, Black, Female, Japan,17<x<35,21174<x<274186,1<x<4,x>74,1
 Self_emp_inc, 5th_6th, Husband, Black, Female, Haiti,17<x<35,21174<x<274186,x>12,25<x<50,1
 State_gov, Preschool, Own_child, Black, Female, South,35<x<53,274186<x<527198,4<x<8,1<x<25,1
 Self_emp_not_inc, 9th, Wife, Amer_Indian_Eskimo, Male, Yugoslavia,53<x<71,21174<x<274186,4<x<8,1<x<25,1
 Self_emp_inc, Bachelors, Not_in_family, White, Male, Portugal,35<x<53,21174<x<274186,x<1,1<x<25,1
 Self_emp_inc, Assoc_voc, Wife, Asian_Pac_Islander, Female, France,17<x<35,21174<x<274186,4<x<8,x>74,1
 Self_emp_not_inc, 12th, Husband, White, Female, Portugal,35<x<53,274186<x<527198,4<x<8,50<x<74,1
 State_gov, 1st_4th, Not_in_family, Amer_Indian_Eskimo, Male, Laos,35<x<53,21174<x<274186,x>12,50<x<74,1
 Local_gov, 5th_6th, Not_in_family, White, Male, Canada,x>71,274186<x<527198,x<1,50<x<74,1
 State_gov, 12th, Own_child, White, Male, Laos,17<x<35,274186<x<527198,x>12,x>74,1
 Private, Prof_school, Other_relative, Amer_Indian_Eskimo, Male, South,x>71,21174<x<274186,8<x<12,1<x<25,1
 Local_gov, Assoc_acdm, Not_in_family, Amer_Indian_Eskimo, Male, Canada,17<x<35,21174<x<274186,1<x<4,25<x<50,1
 Self_emp_inc, 1st_4th, Own_child, White, Male, Haiti,17<x<35,21174<x<274186,4<x<8,25<x<50,1
 Local_gov, Some_college, Own_child, White, Female, Yugoslavia,35<x<53,21174<x<274186,x>12,1<x<25,1
 Local_gov, Bachelors, Own_child, Asian_Pac_Islander, Male, China,x>71,21174<x<274186,1<x<4,25<x<50,1
 Self_emp_not_inc, 12th, Own_child, White, Female, Puerto_Rico,17<x<35,21174<x<274186,1<x<4,1<x<25,1
 Private, Assoc_voc, Own_child, Black, Female, Italy,x>71,21174<x<274186,x>12,50<x<74,1
 Local_gov, HS_grad, Other_relative, Asian_Pac_Islander, Male, Italy,35<x<53,274186<x<527198,8<x<12,25<x<50,1
 Self_emp_not_inc, Bachelors, Husband, Asian_Pac_Islander, Female, Thailand,53<x<71,21174<x<274186,8<x<12,1<x<25,1
 Self_emp_inc, Bachelors, Unmarried, Amer_Indian_Eskimo, Female, Portugal,53<x<71,21174<x<274186,8<x<12,25<x<50,1
 Self_emp_not_inc, Preschool, Own_child, Black, Female, Honduras,35<x<53,21174<x<274186,4<x<8,x>74,1
 Private, 1st_4th, Not_in_family, White, Male, United_States,53<x<71,21174<x<274186,x<1,1<x<25,1
 Self_emp_inc, Some_college, Husband, Amer_Indian_Eskimo, Female, United_States,53<x<71,21174<x<274186,1<x<4,1<x<25,1
 Local_gov, 10th, Wife, Other, Male, South,35<x<53,21174<x<274186,8<x<12,x>74,1
 Local_gov, 7th_8th, Own_child, Other, Male, Laos,17<x<35,21174<x<274186,1<x<4,1<x<25,1
 Private, 5th_6th, Unmarried, Other, Female, Portugal,17<x<35,21174<x<274186,8<x<12,1<x<25,1
 Private, 11th, Wife, Asian_Pac_Islander, Female, Canada,53<x<71,21174<x<274186,8<x<12,50<x<74,1
 Local_gov, 1st_4th, Husband, Asian_Pac_Islander, Female, Honduras,17<x<35,21174<x<274186,x>12,25<x<50,1
 State_gov, Prof_school, Not_in_family, Black, Male, Portugal,35<x<53,274186<x<527198,8<x<12,25<x<50,1
 Private, 10th, Other_relative, Amer_Indian_Eskimo, Male, Guatemala,17<x<35,21174<x<274186,8<x<12,x<1,1
 State_gov, Preschool, Own_child, Amer_Indian_Eskimo, Male, Columbia,x>71,21174<x<274186,x>12,1<x<25,1
 Private, Assoc_acdm, Not_in_family, Amer_Indian_Eskimo, Female, United_States,17<x<35,21174<x<274186,4<x<8,25<x<50,1
 State_gov, HS_grad, Own_child, Other, Male, Italy,17<x<35,21174<x<274186,x<1,50<x<74,1
 Private, Assoc_acdm, Own_child, White, Female, Puerto_Rico,53<x<71,21174<x<274186,x>12,25<x<50,1
 Private, Some_college, Own_child, Black, Female, Italy,x<17,21174<x<274186,x<1,50<x<74,1
 State_gov, 10th, Wife, Black, Male, India,17<x<35,21174<x<274186,x>12,25<x<50,1
 Private, 12th, Wife, Black, Female, Italy,35<x<53,21174<x<274186,x<1,50<x<74,1
 Self_emp_not_inc, Prof_school, Other_relative, Amer_Indian_Eskimo, Male, Ecuador,35<x<53,21174<x<274186,4<x<8,50<x<74,1
 State_gov, Bachelors, Other_relative, Other, Female, Iran,x<17,274186<x<527198,8<x<12,1<x<25,1
 Federal_gov, Prof_school, Wife, Other, Female, Canada,53<x<71,21174<x<274186,x>12,1<x<25,1
 Self_emp_inc, Bachelors, Not_in_family, Black, Female, Dominican_Republic,x>71,527198<x<780210,x>12,1<x<25,1
 State_gov, Some_college, Own_child, Other, Male, India,53<x<71,21174<x<274186,x>12,25<x<50,1
 Self_emp_inc, Prof_school, Unmarried, Other, Female, Ecuador,53<x<71,21174<x<274186,1<x<4,50<x<74,1
 Local_gov, 1st_4th, Not_in_family, Black, Male, Guatemala,53<x<71,21174<x<274186,x>12,1<x<25,1
 Federal_gov, Assoc_acdm, Wife, Black, Male, Cambodia,17<x<35,274186<x<527198,x>12,1<x<25,1
 State_gov, 10th, Wife, Black, Male, Mexico,35<x<53,21174<x<274186,1<x<4,1<x<25,1
 Federal_gov, 9th, Other_relative, Black, Male, Haiti,x>71,274186<x<527198,4<x<8,25<x<50,1
 Federal_gov, HS_grad, Other_relative, White, Female, South,17<x<35,21174<x<274186,1<x<4,50<x<74,1
 Federal_gov, Some_college, Wife, Asian_Pac_Islander, Female, Portugal,17<x<35,21174<x<274186,x>12,50<x<74,1
 State_gov, Assoc_acdm, Other_relative, Black, Female, Italy,35<x<53,21174<x<274186,1<x<4,1<x<25,1
 Local_gov, 5th_6th, Husband, Other, Male, France,53<x<71,21174<x<274186,1<x<4,25<x<50,1
 Local_gov, HS_grad, Own_child, White, Male, Laos,x>71,21174<x<274186,1<x<4,x>74,1
 State_gov, 5th_6th, Husband, Amer_Indian_Eskimo, Female, Jamaica,35<x<53,274186<x<527198,4<x<8,50<x<74,1
 Federal_gov, 7th_8th, Unmarried, Asian_Pac_Islander, Male, Laos,53<x<71,21174<x<274186,4<x<8,25<x<50,1
 Federal_gov, Some_college, Husband, Black, Female, Jamaica,x>71,21174<x<274186,4<x<8,1<x<25,1
 Private, 1st_4th, Other_relative, Amer_Indian_Eskimo, Male, Thailand,17<x<35,21174<x<274186,4<x<8,1<x<25,1
 State_gov, Assoc_acdm, Husband, Asian_Pac_Islander, Female, United_States,17<x<35,21174<x<274186,x>12,1<x<25,1
 State_gov, Bachelors, Not_in_family, Asian_Pac_Islander, Female, Guatemala,x>71,21174<x<274186,8<x<12,25<x<50,1
 Local_gov, 1st_4th, Not_in_family, Other, Male, England,35<x<53,21174<x<274186,8<x<12,25<x<50,1
 State_gov, 12th, Other_relative, Amer_Indian_Eskimo, Male, Japan,53<x<71,21174<x<274186,4<x<8,25<x<50,1
 State_gov, 10th, Other_relative, Black, Male, Laos,x>71,274186<x<527198,4<x<8,25<x<50,1
 State_gov, Bachelors, Not_in_family, Asian_Pac_Islander, Female, Japan,53<x<71,21174<x<274186,1<x<4,25<x<50,1
 Federal_gov, Prof_school, Husband, White, Female, Poland,35<x<53,21174<x<274186,4<x<8,x>74,0
 Local_gov, Doctorate, Wife, Asian_Pac_Islander, Male, Laos,53<x<71,21174<x<274186,4<x<8,25<x<50,1
 Federal_gov, Bachelors, Husband, Black, Male, Laos,35<x<53,21174<x<274186,1<x<4,25<x<50,1
 Self_emp_not_inc, 1st_4th, Wife, Asian_Pac_Islander, Female, Guatemala,17<x<35,21174<x<274186,4<x<8,1<x<25,1
 Federal_gov, 10th, Wife, Amer_Indian_Eskimo, Male, England,35<x<53,274186<x<527198,x>12,1<x<25,1
 Private, 1st_4th, Own_child, White, Female, Cuba,x>71,21174<x<274186,8<x<12,1<x<25,1
 State_gov, Assoc_acdm, Not_in_family, Other, Male, Germany,35<x<53,21174<x<274186,4<x<8,50<x<74,1
 Self_emp_not_inc, Assoc_voc, Husband, Amer_Indian_Eskimo, Female, Iran,35<x<53,21174<x<274186,1<x<4,1<x<25,1
 Private, 9th, Husband, White, Male, India,53<x<71,21174<x<274186,x>12,25<x<50,1
 Private, 9th, Unmarried, White, Male, El_Salvador,35<x<53,274186<x<527198,4<x<8,50<x<74,1
 Local_gov, Assoc_voc, Husband, White, Male, Yugoslavia,35<x<53,21174<x<274186,x>12,25<x<50,0
 Self_emp_not_inc, Some_college, Other_relative, White, Male, Jamaica,35<x<53,274186<x<527198,1<x<4,25<x<50,1
 Private, Bachelors, Wife, White, Male, Dominican_Republic,17<x<35,21174<x<274186,1<x<4,1<x<25,1
 State_gov, 11th, Husband, Asian_Pac_Islander, Female, El_Salvador,17<x<35,21174<x<274186,4<x<8,25<x<50,1
 Local_gov, Doctorate, Own_child, Asian_Pac_Islander, Female, United_States,35<x<53,274186<x<527198,8<x<12,x>74,1
 Federal_gov, Assoc_voc, Unmarried, Other, Male, Iran,17<x<35,21174<x<274186,1<x<4,25<x<50,1
 Local_gov, 7th_8th, Other_relative, Asian_Pac_Islander, Male, Dominican_Republic,x>71,274186<x<527198,4<x<8,25<x<50,1
 Local_gov, Doctorate, Wife, Asian_Pac_Islander, Female, China,35<x<53,21174<x<274186,1<x<4,50<x<74,1
 Self_emp_inc, 5th_6th, Wife, Other, Male, Thailand,17<x<35,21174<x<274186,8<x<12,25<x<50,1
 State_gov, Prof_school, Unmarried, White, Male, Ecuador,53<x<71,21174<x<274186,x>12,x>74,1
 Self_emp_not_inc, Assoc_acdm, Wife, Black, Female, Jamaica,35<x<53,21174<x<274186,4<x<8,x>74,1
 Private, Some_college, Own_child, Black, Male, Canada,53<x<71,21174<x<274186,4<x<8,x>74,1
 Self_emp_inc, 1st_4th, Not_in_family, White, Male, Haiti,53<x<71,21174<x<274186,1<x<4,25<x<50,1
 State_gov, Prof_school, Own_child, Black, Male, Guatemala,x>71,21174<x<274186,8<x<12,25<x<50,1
 Self_emp_not_inc, Some_college, Other_relative, Other, Female, Thailand,35<x<53,21174<x<274186,8<x<12,1<x<25,1
 Self_emp_inc, 11th, Wife, Asian_Pac_Islander, Male, Jamaica,x>71,21174<x<274186,8<x<12,x>74,1
 Self_emp_inc, 7th_8th, Unmarried, Asian_Pac_Islander, Male, Cambodia,53<x<71,21174<x<274186,4<x<8,1<x<25,1
 State_gov, HS_grad, Not_in_family, Black, Female, Germany,35<x<53,21174<x<274186,1<x<4,1<x<25,1
 Private, Doctorate, Unmarried, Asian_Pac_Islander, Female, Yugoslavia,17<x<35,21174<x<274186,4<x<8,1<x<25,1
 State_gov, Preschool, Other_relative, Other, Female, England,x>71,21174<x<274186,x<1,50<x<74,1
 Self_emp_inc, 10th, Wife, White, Female, Ecuador,x<17,21174<x<274186,4<x<8,x>74,1
 Federal_gov, 1st_4th, Wife, Black, Female, Guatemala,35<x<53,21174<x<274186,4<x<8,1<x<25,1
 Federal_gov, Assoc_acdm, Other_relative, Asian_Pac_Islander, Male, South,53<x<71,21174<x<274186,x>12,1<x<25,1
 State_gov, 10th, Wife, Black, Female, Canada,53<x<71,21174<x<274186,4<x<8,1<x<25,1
 State_gov, 5th_6th, Unmarried, Other, Female, France,53<x<71,21174<x<274186,8<x<12,50<x<74,1
 Federal_gov, 7th_8th, Not_in_family, Asian_Pac_Islander, Female, Iran,17<x<35,21174<x<274186,x>12,1<x<25,1
 Self_emp_not_inc, Bachelors, Wife, Other, Male, Iran,53<x<71,274186<x<527198,1<x<4,25<x<50,1
 Private, 9th, Wife, White, Male, Philippines,17<x<35,21174<x<274186,4<x<8,50<x<74,1
 State_gov, Assoc_acdm, Other_relative, Other, Male, Jamaica,53<x<71,21174<x<274186,x>12,50<x<74,1
 Federal_gov, Prof_school, Husband, Other, Female, Mexico,35<x<53,21174<x<274186,1<x<4,1<x<25,1
 Private, HS_grad, Unmarried, White, Male, Guatemala,35<x<53,21174<x<274186,x>12,25<x<50,1
 Private, 11th, Unmarried, Other, Male, Iran,x>71,21174<x<274186,4<x<8,1<x<25,1
 Federal_gov, Assoc_voc, Husband, Other, Male, Haiti,17<x<35,21174<x<274186,x>12,1<x<25,1
 Self_emp_not_inc, 9th, Not_in_family, Amer_Indian_Eskimo, Male, Guatemala,35<x<53,21174<x<274186,x<1,1<x<25,1
 Self_emp_not_inc, 5th_6th, Other_relative, Amer_Indian_Eskimo, Male, Yugoslavia,53<x<71,21174<x<274186,4<x<8,1<x<25,1
 Private, Assoc_voc, Not_in_family, Other, Male, Haiti,35<x<53,21174<x<274186,4<x<8,50<x<74,1
 Local_gov, Some_college, Other_relative, White, Male, El_Salvador,53<x<71,274186<x<527198,4<x<8,25<x<50,1
 State_gov, 12th, Other_relative, Other, Female, South,17<x<35,21174<x<274186,8<x<12,25<x<50,1
 Self_emp_not_inc, 7th_8th, Other_relative, Asian_Pac_Islander, Female, Haiti,x>71,21174<x<274186,8<x<12,50<x<74,1
 Local_gov, HS_grad, Other_relative, Other, Female, Ecuador,53<x<71,274186<x<527198,8<x<12,1<x<25,1
 Federal_gov, 5th_6th, Unmarried, White, Female, El_Salvador,35<x<53,21174<x<274186,x<1,1<x<25,1
 Private, HS_grad, Not_in_family, Black, Male, Canada,35<x<53,21174<x<274186,8<x<12,25<x<50,1
 Self_emp_inc, HS_grad, Wife, White, Male, France,53<x<71,274186<x<527198,8<x<12,25<x<50,1
 Local_gov, 11th, Other_relative, Other, Female, South,17<x<35,21174<x<274186,8<x<12,50<x<74,1
 Private, 11th, Husband, White, Male, United_States,35<x<53,21174<x<274186,4<x<8,25<x<50,1
 Private, 11th, Wife, White, Male, Iran,17<x<35,21174<x<274186,x>12,1<x<25,1
 Local_gov, 1st_4th, Unmarried, White, Female, Laos,35<x<53,21174<x<274186,8<x<12,25<x<50,1
 Self_emp_not_inc, Some_college, Own_child, Other, Female, Thailand,53<x<71,21174<x<274186,x>12,1<x<25,1
 Local_gov, Assoc_acdm, Not_in_family, Other, Male, Mexico,17<x<35,21174<x<274186,x>12,25<x<50,1
 Self_emp_not_inc, Masters, Unmarried, Black, Male, Portugal,17<x<35,274186<x<527198,4<x<8,1<x<25,1
 Private, Bachelors, Husband, Black, Female, Philippines,35<x<53,21174<x<274186,4<x<8,25<x<50,1
 Federal_gov, Doctorate, Wife, Asian_Pac_Islander, Female, Haiti,17<x<35,21174<x<274186,x<1,25<x<50,1
 State_gov, Some_college, Other_relative, Asian_Pac_Islander, Male, Dominican_Republic,53<x<71,21174<x<274186,1<x<4,1<x<25,1
 Federal_gov, Masters, Other_relative, Other, Male, Taiwan,17<x<35,21174<x<274186,x>12,25<x<50,1
 Self_emp_not_inc, Bachelors, Wife, Amer_Indian_Eskimo, Female, Poland,17<x<35,21174<x<274186,1<x<4,1<x<25,1
 Private, 1st_4th, Husband, Amer_Indian_Eskimo, Male, Taiwan,17<x<35,274186<x<527198,4<x<8,50<x<74,1
 Self_emp_inc, 10th, Not_in_family, Black, Female, South,53<x<71,21174<x<274186,4<x<8,25<x<50,1
 Local_gov, Doctorate, Other_relative, White, Female, Cuba,35<x<53,274186<x<527198,8<x<12,50<x<74,1
 State_gov, Masters, Own_child, White, Male, Taiwan,17<x<35,21174<x<274186,8<x<12,1<x<25,1
 Federal_gov, 5th_6th, Wife, Asian_Pac_Islander, Male, Laos,53<x<71,21174<x<274186,1<x<4,25<x<50,1
 Local_gov, 10th, Not_in_family, Asian_Pac_Islander, Female, Dominican_Republic,17<x<35,21174<x<274186,8<x<12,1<x<25,1
 Federal_gov, 11th, Other_relative, Other, Male, Mexico,35<x<53,21174<x<274186,8<x<12,25<x<50,1
 Private, 11th, Own_child, Other, Male, United_States,17<x<35,21174<x<274186,4<x<8,1<x<25,1
 Federal_gov, Some_college, Husband, Other, Female, Yugoslavia,53<x<71,21174<x<274186,x>12,25<x<50,1
 Self_emp_not_inc, Masters, Not_in_family, Black, Female, Taiwan,17<x<35,21174<x<274186,8<x<12,1<x<25,1
 State_gov, Assoc_voc, Not_in_family, Black, Female, Canada,53<x<71,21174<x<274186,4<x<8,25<x<50,1
 Self_emp_inc, HS_grad, Not_in_family, Other, Female, Honduras,35<x<53,21174<x<274186,x>12,1<x<25,1
 State_gov, Masters, Not_in_family, Other, Male, Honduras,17<x<35,21174<x<274186,8<x<12,25<x<50,1
 State_gov, 12th, Husband, Amer_Indian_Eskimo, Male, Italy,53<x<71,21174<x<274186,x<1,1<x<25,1
 Self_emp_inc, Masters, Unmarried, Other, Male, Columbia,x>71,21174<x<274186,x<1,1<x<25,1
 Federal_gov, 5th_6th, Other_relative, Amer_Indian_Eskimo, Male, Ecuador,x>71,21174<x<274186,x>12,1<x<25,1
 Federal_gov, 1st_4th, Own_child, White, Female, Portugal,53<x<71,21174<x<274186,4<x<8,25<x<50,1
 Federal_gov, Masters, Husband, Other, Female, Haiti,x<17,21174<x<274186,x>12,1<x<25,1
 Private, HS_grad, Wife, Black, Male, Philippines,35<x<53,21174<x<274186,4<x<8,1<x<25,1
 Self_emp_not_inc, Bachelors, Other_relative, White, Male, Italy,17<x<35,274186<x<527198,8<x<12,25<x<50,1
 Local_gov, Assoc_voc, Own_child, White, Male, Taiwan,53<x<71,21174<x<274186,1<x<4,1<x<25,1
 State_gov, 1st_4th, Husband, Amer_Indian_Eskimo, Female, Japan,53<x<71,21174<x<274186,4<x<8,25<x<50,1
 Private, Bachelors, Own_child, White, Male, Guatemala,53<x<71,21174<x<274186,8<x<12,25<x<50,1
 Private, 5th_6th, Husband, Amer_Indian_Eskimo, Male, Italy,17<x<35,21174<x<274186,x>12,1<x<25,1
 Private, Preschool, Other_relative, Asian_Pac_Islander, Female, Cuba,53<x<71,21174<x<274186,x>12,50<x<74,1
 Self_emp_inc, Masters, Wife, White, Male, Honduras,35<x<53,21174<x<274186,8<x<12,25<x<50,1
 Self_emp_not_inc, 10th, Own_child, Asian_Pac_Islander, Female, El_Salvador,35<x<53,21174<x<274186,8<x<12,25<x<50,1
 Federal_gov, 1st_4th, Not_in_family, White, Male, Poland,x>71,21174<x<274186,8<x<12,x>74,1
 Self_emp_not_inc, Masters, Own_child, Amer_Indian_Eskimo, Male, India,x>71,274186<x<527198,x>12,25<x<50,1
 Self_emp_inc, 9th, Own_child, Asian_Pac_Islander, Male, Columbia,35<x<53,21174<x<274186,1<x<4,25<x<50,1
 State_gov, 10th, Husband, Other, Female, Jamaica,17<x<35,21174<x<274186,1<x<4,50<x<74,1
 Federal_gov, Some_college, Own_child, Asian_Pac_Islander, Male, Italy,53<x<71,274186<x<527198,8<x<12,25<x<50,1
 State_gov, HS_grad, Unmarried, White, Female, Portugal,17<x<35,21174<x<274186,x>12,25<x<50,1
 State_gov, 1st_4th, Wife, Black, Male, France,53<x<71,21174<x<274186,8<x<12,50<x<74,1
 Self_emp_not_inc, Bachelors, Not_in_family, Other, Male, Germany,35<x<53,274186<x<527198,4<x<8,1<x<25,1
 Self_emp_inc, Doctorate, Unmarried, Other, Female, Jamaica,x>71,274186<x<527198,8<x<12,25<x<50,1
 Local_gov, Some_college, Husband, White, Male, Italy,17<x<35,21174<x<274186,8<x<12,25<x<50,1
 Federal_gov, HS_grad, Other_relative, White, Female, Ecuador,35<x<53,21174<x<274186,4<x<8,25<x<50,1
 Self_emp_inc, 1st_4th, Unmarried, Black, Male, Ecuador,53<x<71,274186<x<527198,x>12,1<x<25,1
 Local_gov, 11th, Unmarried, White, Male, Japan,35<x<53,21174<x<274186,1<x<4,1<x<25,1
 Local_gov, Preschool, Unmarried, White, Male, Japan,17<x<35,21174<x<274186,1<x<4,50<x<74,1
 State_gov, 10th, Wife, Other, Female, India,17<x<35,21174<x<274186,8<x<12,1<x<25,1
 State_gov, 7th_8th, Unmarried, Asian_Pac_Islander, Male, England,35<x<53,274186<x<527198,4<x<8,25<x<50,1
 Self_emp_not_inc, 11th, Other_relative, Black, Female, Iran,35<x<53,21174<x<274186,1<x<4,1<x<25,1
 Private, Assoc_acdm, Wife, Other, Female, Canada,35<x<53,21174<x<274186,4<x<8,25<x<50,1
 Self_emp_not_inc, Bachelors, Husband, White, Male, Dominican_Republic,x>71,274186<x<527198,8<x<12,1<x<25,1
 Self_emp_inc, 10th, Not_in_family, Black, Male, Dominican_Republic,17<x<35,274186<x<527198,8<x<12,x>74,1
 State_gov, Some_college, Unmarried, White, Female, England,35<x<53,21174<x<274186,1<x<4,1<x<25,1
 Federal_gov, 7th_8th, Husband, Amer_Indian_Eskimo, Male, Jamaica,17<x<35,21174<x<274186,1<x<4,1<x<25,1
 Federal_gov, 10th, Husband, Asian_Pac_Islander, Male, France,17<x<35,21174<x<274186,8<x<12,1<x<25,1
 Self_emp_inc, Some_college, Unmarried, Other, Male, Puerto_Rico,x>71,21174<x<274186,4<x<8,1<x<25,1
 Self_emp_inc, 5th_6th, Not_in_family, Amer_Indian_Eskimo, Female, Poland,35<x<53,21174<x<274186,x<1,25<x<50,1
 Federal_gov, 1st_4th, Other_relative, Other, Male, Taiwan,17<x<35,21174<x<274186,x>12,1<x<25,1
 Private, Assoc_voc, Husband, Amer_Indian_Eskimo, Female, England,35<x<53,21174<x<274186,8<x<12,25<x<50,1
 Local_gov, 12th, Not_in_family, Other, Male, Taiwan,17<x<35,21174<x<274186,1<x<4,50<x<74,1
 Self_emp_inc, 9th, Wife, Asian_Pac_Islander, Male, Cambodia,17<x<35,21174<x<274186,x>12,50<x<74,1
 Self_emp_not_inc, 5th_6th, Unmarried, Other, Male, Thailand,17<x<35,21174<x<274186,1<x<4,25<x<50,1
 State_gov, Prof_school, Not_in_family, Black, Male, Portugal,35<x<53,274186<x<527198,4<x<8,25<x<50,1
 State_gov, 5th_6th, Husband, Other, Male, United_States,17<x<35,21174<x<274186,1<x<4,1<x<25,1
 Self_emp_not_inc, Some_college, Own_child, Amer_Indian_Eskimo, Male, United_States,x>71,274186<x<527198,4<x<8,1<x<25,1
 Local_gov, Prof_school, Other_relative, Other, Female, Germany,53<x<71,21174<x<274186,x>12,50<x<74,1
 State_gov, 12th, Other_relative, Black, Female, El_Salvador,53<x<71,21174<x<274186,8<x<12,25<x<50,1
 Local_gov, 9th, Husband, Amer_Indian_Eskimo, Female, Germany,35<x<53,21174<x<274186,4<x<8,25<x<50,1
 Private, 11th, Not_in_family, Black, Male, Iran,17<x<35,21174<x<274186,4<x<8,1<x<25,1
 Self_emp_not_inc, 9th, Other_relative, Amer_Indian_Eskimo, Female, Guatemala,17<x<35,274186<x<527198,8<x<12,25<x<50,1
 Local_gov, 7th_8th, Wife, White, Female, Taiwan,53<x<71,21174<x<274186,4<x<8,1<x<25,1
 Private, Preschool, Not_in_family, Black, Female, China,x>71,21174<x<274186,4<x<8,25<x<50,1
 Self_emp_inc, Preschool, Own_child, Other, Male, Cuba,17<x<35,21174<x<274186,4<x<8,25<x<50,1
 Self_emp_inc, Some_college, Other_relative, Other, Female, Philippines,53<x<71,21174<x<274186,8<x<12,25<x<50,1
 Self_emp_not_inc, Assoc_voc, Own_child, Black, Female, Canada,35<x<53,21174<x<274186,4<x<8,50<x<74,1
 Private, Assoc_acdm, Wife, Asian_Pac_Islander, Female, Haiti,35<x<53,21174<x<274186,8<x<12,1<x<25,1
 State_gov, Assoc_acdm, Other_relative, Other, Female, Mexico,53<x<71,21174<x<274186,1<x<4,1<x<25,1
 Private, Assoc_voc, Own_child, White, Female, South,35<x<53,21174<x<274186,8<x<12,50<x<74,1
 Federal_gov, Doctorate, Wife, Amer_Indian_Eskimo, Female, Honduras,35<x<53,21174<x<274186,8<x<12,x>74,1
 Local_gov, Assoc_voc, Not_in_family, Black, Female, Mexico,35<x<53,21174<x<274186,x<1,25<x<50,1
 Federal_gov, HS_grad, Unmarried, Amer_Indian_Eskimo, Male, Ecuador,35<x<53,21174<x<274186,8<x<12,1<x<25,1
 State_gov, Masters, Husband, Black, Male, Portugal,35<x<53,21174<x<274186,8<x<12,25<x<50,1
 Self_emp_inc, 10th, Other_relative, Other, Female, Germany,53<x<71,21174<x<274186,4<x<8,25<x<50,1
 Self_emp_not_inc, Assoc_acdm, Other_relative, Asian_Pac_Islander, Female, Mexico,35<x<53,21174<x<274186,x>12,x>74,1
 Self_emp_inc, Bachelors, Not_in_family, Amer_Indian_Eskimo, Female, France,53<x<71,274186<x<527198,8<x<12,25<x<50,1
 Self_emp_not_inc, 9th, Own_child, Asian_Pac_Islander, Female, Philippines,17<x<35,21174<x<274186,x>12,25<x<50,1
 Private, 11th, Not_in_family, Amer_Indian_Eskimo, Female, Cuba,53<x<71,21174<x<274186,8<x<12,x>74,1
 State_gov, 9th, Husband, Asian_Pac_Islander, Male, Ecuador,53<x<71,21174<x<274186,4<x<8,50<x<74,1
 Self_emp_inc, 12th, Own_child, Other, Male, El_Salvador,35<x<53,274186<x<527198,4<x<8,25<x<50,1
 Private, Prof_school, Husband, Other, Female, United_States,x>71,21174<x<274186,8<x<12,25<x<50,1
 Federal_gov, Masters, Other_relative, Black, Male, Guatemala,17<x<35,274186<x<527198,8<x<12,1<x<25,1
 Local_gov, Some_college, Husband, White, Male, Portugal,53<x<71,274186<x<527198,x<1,25<x<50,1
 Self_emp_inc, 12th, Unmarried, Asian_Pac_Islander, Male, Yugoslavia,53<x<71,21174<x<274186,x>12,1<x<25,1
 Self_emp_not_inc, 10th, Unmarried, White, Female, Honduras,35<x<53,21174<x<274186,8<x<12,1<x<25,1
 Self_emp_inc, Some_college, Own_child, Amer_Indian_Eskimo, Male, Honduras,17<x<35,274186<x<527198,x<1,25<x<50,1
 Self_emp_not_inc, Some_college, Husband, Black, Male, France,17<x<35,21174<x<274186,x>12,1<x<25,1
 State_gov, Assoc_voc, Other_relative, Other, Male, Canada,53<x<71,21174<x<274186,8<x<12,1<x<25,1
 State_gov, Doctorate, Not_in_family, Other, Male, United_States,17<x<35,21174<x<274186,x>12,25<x<50,1
 Private, Preschool, Unmarried, Black, Male, Mexico,53<x<71,21174<x<274186,1<x<4,50<x<74,1
 Local_gov, Some_college, Husband, Other, Male, Guatemala,17<x<35,21174<x<274186,8<x<12,1<x<25,1
 Local_gov, Assoc_acdm, Other_relative, Amer_Indian_Eskimo, Female, Cambodia,17<x<35,274186<x<527198,x>12,25<x<50,1
 Self_emp_not_inc, 11th, Other_relative, Asian_Pac_Islander, Male, Cuba,17<x<35,21174<x<274186,1<x<4,25<x<50,1
 Self_emp_not_inc, Assoc_acdm, Own_child, Amer_Indian_Eskimo, Female, Jamaica,17<x<35,21174<x<274186,4<x<8,1<x<25,1
 Private, 9th, Other_relative, Asian_Pac_Islander, Female, Honduras,53<x<71,21174<x<274186,4<x<8,1<x<25,1
 Private, 5th_6th, Not_in_family, White, Male, South,17<x<35,21174<x<274186,8<x<12,50<x<74,1
 Federal_gov, Some_college, Not_in_family, White, Male, Jamaica,35<x<53,21174<x<274186,8<x<12,50<x<74,1
 Self_emp_not_inc, Assoc_voc, Own_child, White, Female, Japan,x>71,21174<x<274186,x>12,1<x<25,1
 State_gov, 11th, Not_in_family, Asian_Pac_Islander, Female, Canada,x>71,21174<x<274186,4<x<8,25<x<50,1
 Federal_gov, Masters, Own_child, Black, Male, Iran,17<x<35,21174<x<274186,1<x<4,25<x<50,1
 State_gov, 10th, Wife, Amer_Indian_Eskimo, Male, El_Salvador,17<x<35,21174<x<274186,8<x<12,50<x<74,1
 Private, Assoc_acdm, Other_relative, Amer_Indian_Eskimo, Female, Dominican_Republic,53<x<71,274186<x<527198,4<x<8,25<x<50,1
 Private, HS_grad, Not_in_family, Amer_Indian_Eskimo, Male, Guatemala,35<x<53,21174<x<274186,8<x<12,25<x<50,1
 Local_gov, Masters, Other_relative, Asian_Pac_Islander, Male, England,35<x<53,274186<x<527198,x>12,25<x<50,1
 State_gov, Bachelors, Husband, Asian_Pac_Islander, Female, South,53<x<71,21174<x<274186,4<x<8,1<x<25,1
 Self_emp_inc, 7th_8th, Other_relative, Other, Female, Cuba,17<x<35,21174<x<274186,x>12,1<x<25,1
 Federal_gov, HS_grad, Own_child, Asian_Pac_Islander, Male, Mexico,53<x<71,21174<x<274186,x>12,50<x<74,1
 Private, Assoc_acdm, Unmarried, Black, Male, Haiti,35<x<53,21174<x<274186,x>12,1<x<25,1
 State_gov, 5th_6th, Not_in_family, Amer_Indian_Eskimo, Female, England,35<x<53,21174<x<274186,4<x<8,25<x<50,1
 State_gov, Some_college, Not_in_family, Asian_Pac_Islander, Female, Japan,17<x<35,274186<x<527198,x>12,50<x<74,1
 Self_emp_inc, 12th, Unmarried, Other, Female, Germany,53<x<71,21174<x<274186,4<x<8,1<x<25,1
 Self_emp_not_inc, Some_college, Wife, Other, Female, Guatemala,35<x<53,21174<x<274186,x>12,25<x<50,1
 State_gov, 10th, Other_relative, Asian_Pac_Islander, Female, Japan,53<x<71,274186<x<527198,x>12,x<1,1
 Federal_gov, Assoc_voc, Wife, Black, Male, China,35<x<53,21174<x<274186,4<x<8,1<x<25,1
 Self_emp_inc, Bachelors, Wife, Asian_Pac_Islander, Female, Cambodia,53<x<71,21174<x<274186,4<x<8,25<x<50,1
 Self_emp_inc, Prof_school, Other_relative, Amer_Indian_Eskimo, Male, Haiti,17<x<35,21174<x<274186,x>12,x<1,1
 Local_gov, Doctorate, Husband, Amer_Indian_Eskimo, Female, Canada,35<x<53,21174<x<274186,4<x<8,1<x<25,1
 Self_emp_inc, Some_college, Other_relative, Black, Female, Honduras,35<x<53,274186<x<527198,x>12,50<x<74,1
 State_gov, Masters, Husband, Amer_Indian_Eskimo, Male, Cuba,17<x<35,274186<x<527198,8<x<12,1<x<25,1
 State_gov, Doctorate, Husband, Amer_Indian_Eskimo, Male, Thailand,17<x<35,21174<x<274186,x>12,1<x<25,0
 Local_gov, Prof_school, Own_child, Black, Female, Taiwan,35<x<53,21174<x<274186,x>12,x>74,1
 Self_emp_not_inc, HS_grad, Other_relative, Black, Female, Canada,17<x<35,21174<x<274186,x>12,1<x<25,1
 Self_emp_inc, 12th, Husband, Amer_Indian_Eskimo, Female, Canada,35<x<53,21174<x<274186,x>12,25<x<50,1
 Self_emp_not_inc, HS_grad, Not_in_family, Amer_Indian_Eskimo, Male, Cuba,53<x<71,21174<x<274186,4<x<8,25<x<50,1
 State_gov, Assoc_acdm, Husband, White, Male, El_Salvador,17<x<35,274186<x<527198,x<1,25<x<50,1
 Self_emp_not_inc, 12th, Other_relative, Other, Female, El_Salvador,17<x<35,21174<x<274186,1<x<4,1<x<25,1
 Self_emp_inc, Bachelors, Other_relative, Black, Female, India,x>71,21174<x<274186,1<x<4,1<x<25,1
 State_gov, 1st_4th, Not_in_family, Asian_Pac_Islander, Female, Mexico,53<x<71,21174<x<274186,x>12,1<x<25,1
 Self_emp_not_inc, 10th, Unmarried, Black, Male, Mexico,35<x<53,21174<x<274186,8<x<12,25<x<50,1
 Self_emp_not_inc, 9th, Own_child, Black, Female, Philippines,x>71,21174<x<274186,4<x<8,25<x<50,1
 Private, 11th, Own_child, Asian_Pac_Islander, Female, France,x>71,21174<x<274186,4<x<8,50<x<74,1
 Local_gov, Masters, Unmarried, White, Female, El_Salvador,17<x<35,21174<x<274186,1<x<4,x<1,1
 Self_emp_not_inc, Masters, Other_relative, White, Male, Iran,17<x<35,21174<x<274186,1<x<4,25<x<50,1
 Federal_gov, 5th_6th, Unmarried, Other, Female, Japan,x>71,21174<x<274186,4<x<8,1<x<25,1
 Federal_gov, Assoc_voc, Not_in_family, Black, Male, Italy,17<x<35,21174<x<274186,8<x<12,1<x<25,1
 Self_emp_not_inc, Bachelors, Unmarried, White, Male, Philippines,17<x<35,21174<x<274186,1<x<4,25<x<50,1
 Federal_gov, 5th_6th, Husband, White, Male, Poland,17<x<35,21174<x<274186,x>12,1<x<25,1
 Self_emp_not_inc, Assoc_voc, Unmarried, Other, Male, England,17<x<35,21174<x<274186,8<x<12,1<x<25,1
 Federal_gov, Prof_school, Own_child, Asian_Pac_Islander, Female, Haiti,35<x<53,21174<x<274186,1<x<4,50<x<74,1
 Federal_gov, Prof_school, Unmarried, Asian_Pac_Islander, Female, Laos,35<x<53,274186<x<527198,x<1,50<x<74,1
 Self_emp_inc, 7th_8th, Unmarried, Amer_Indian_Eskimo, Female, El_Salvador,17<x<35,21174<x<274186,x>12,50<x<74,1
 Local_gov, 10th, Not_in_family, White, Female, Iran,53<x<71,21174<x<274186,8<x<12,25<x<50,1
 Federal_gov, Assoc_acdm, Own_child, Asian_Pac_Islander, Male, Cambodia,x>71,21174<x<274186,1<x<4,1<x<25,1
 State_gov, Assoc_acdm, Unmarried, Black, Female, Dominican_Republic,35<x<53,21174<x<274186,1<x<4,x>74,1
 Self_emp_not_inc, Masters, Wife, Black, Female, El_Salvador,35<x<53,21174<x<274186,x>12,1<x<25,1
 Self_emp_inc, 10th, Not_in_family, Black, Female, Yugoslavia,53<x<71,21174<x<274186,4<x<8,50<x<74,1
 Local_gov, 11th, Not_in_family, Black, Male, England,17<x<35,21174<x<274186,1<x<4,25<x<50,1
 Private, 12th, Wife, Asian_Pac_Islander, Male, China,17<x<35,21174<x<274186,8<x<12,25<x<50,1
 Local_gov, 10th, Not_in_family, Asian_Pac_Islander, Male, Yugoslavia,53<x<71,274186<x<527198,8<x<12,25<x<50,1
 Federal_gov, Masters, Wife, Black, Male, England,35<x<53,21174<x<274186,8<x<12,1<x<25,1
 Federal_gov, Preschool, Own_child, Asian_Pac_Islander, Male, Taiwan,17<x<35,21174<x<274186,4<x<8,1<x<25,1
 Self_emp_not_inc, Doctorate, Wife, Amer_Indian_Eskimo, Female, Laos,35<x<53,21174<x<274186,4<x<8,50<x<74,1
 Local_gov, 7th_8th, Own_child, Other, Female, Canada,35<x<53,21174<x<274186,x>12,x<1,1
 Self_emp_not_inc, 7th_8th, Wife, Black, Female, Cuba,35<x<53,21174<x<274186,1<x<4,1<x<25,1
 State_gov, Assoc_voc, Unmarried, Black, Male, Yugoslavia,17<x<35,21174<x<274186,x>12,50<x<74,1
 Private, Bachelors, Other_relative, Other, Male, United_States,53<x<71,21174<x<274186,8<x<12,1<x<25,1
 Private, 1st_4th, Other_relative, White, Male, Taiwan,17<x<35,21174<x<274186,1<x<4,50<x<74,1
 Private, Doctorate, Wife, Other, Female, Haiti,17<x<35,274186<x<527198,4<x<8,25<x<50,1
 Federal_gov, Masters, Own_child, White, Female, England,17<x<35,21174<x<274186,8<x<12,1<x<25,1
 State_gov, Bachelors, Unmarried, Black, Male, Cambodia,35<x<53,274186<x<527198,8<x<12,1<x<25,1
 Private, 10th, Wife, Other, Female, United_States,53<x<71,21174<x<274186,4<x<8,1<x<25,1
 Self_emp_inc, Preschool, Unmarried, Black, Female, Yugoslavia,x>71,21174<x<274186,8<x<12,50<x<74,1
 Self_emp_not_inc, Bachelors, Wife, Asian_Pac_Islander, Female, China,53<x<71,274186<x<527198,8<x<12,1<x<25,1
 Local_gov, 12th, Unmarried, Amer_Indian_Eskimo, Male, England,x>71,21174<x<274186,4<x<8,1<x<25,1
 Private, Preschool, Wife, Amer_Indian_Eskimo, Male, United_States,17<x<35,274186<x<527198,8<x<12,50<x<74,1
 Self_emp_not_inc, 7th_8th, Own_child, Asian_Pac_Islander, Male, Guatemala,17<x<35,274186<x<527198,8<x<12,50<x<74,1
 State_gov, Assoc_acdm, Not_in_family, Amer_Indian_Eskimo, Female, Columbia,x>71,21174<x<274186,x>12,25<x<50,1
 State_gov, 1st_4th, Husband, Asian_Pac_Islander, Female, Japan,17<x<35,21174<x<274186,4<x<8,50<x<74,1
 Federal_gov, Prof_school, Husband, Other, Female, Cuba,53<x<71,21174<x<274186,x>12,50<x<74,1
 Local_gov, Bachelors, Other_relative, Other, Female, Italy,53<x<71,21174<x<274186,1<x<4,50<x<74,1
 Private, Assoc_voc, Wife, Asian_Pac_Islander, Male, Mexico,35<x<53,21174<x<274186,x>12,1<x<25,1
 Local_gov, Masters, Husband, Amer_Indian_Eskimo, Female, Italy,35<x<53,21174<x<274186,1<x<4,50<x<74,1
 State_gov, Some_college, Not_in_family, Amer_Indian_Eskimo, Female, Taiwan,35<x<53,274186<x<527198,8<x<12,50<x<74,1
 Local_gov, Prof_school, Other_relative, Black, Male, Ecuador,53<x<71,21174<x<274186,8<x<12,1<x<25,1
 Self_emp_not_inc, Bachelors, Wife, Black, Male, Italy,17<x<35,21174<x<274186,x>12,x<1,1
 Self_emp_inc, Prof_school, Unmarried, Asian_Pac_Islander, Male, Haiti,53<x<71,21174<x<274186,4<x<8,1<x<25,1
 Self_emp_not_inc, HS_grad, Wife, White, Male, Italy,35<x<53,21174<x<274186,8<x<12,1<x<25,1
 Local_gov, HS_grad, Not_in_family, Amer_Indian_Eskimo, Female, Honduras,53<x<71,21174<x<274186,1<x<4,25<x<50,1
 Self_emp_not_inc, 1st_4th, Own_child, Black, Male, Laos,53<x<71,527198<x<780210,1<x<4,1<x<25,1
 Private, 9th, Wife, Amer_Indian_Eskimo, Male, Canada,35<x<53,21174<x<274186,x>12,50<x<74,1
 State_gov, Masters, Own_child, Asian_Pac_Islander, Male, England,53<x<71,21174<x<274186,4<x<8,1<x<25,1
 Self_emp_inc, Some_college, Other_relative, White, Female, India,17<x<35,21174<x<274186,8<x<12,1<x<25,1
 Self_emp_not_inc, 10th, Not_in_family, Asian_Pac_Islander, Female, Mexico,53<x<71,274186<x<527198,4<x<8,1<x<25,1
 Self_emp_inc, Masters, Husband, Other, Male, Honduras,35<x<53,274186<x<527198,1<x<4,1<x<25,1
 Self_emp_inc, 5th_6th, Wife, Black, Female, Honduras,17<x<35,21174<x<274186,1<x<4,x>74,1
 Local_gov, 9th, Wife, Other, Male, Dominican_Republic,17<x<35,21174<x<274186,1<x<4,25<x<50,1
 Local_gov, Assoc_voc, Own_child, Amer_Indian_Eskimo, Female, Germany,53<x<71,274186<x<527198,1<x<4,x>74,1
 Self_emp_not_inc, 5th_6th, Not_in_family, Other, Female, England,x>71,21174<x<274186,x>12,25<x<50,1
 Self_emp_not_inc, 1st_4th, Wife, Black, Male, Cuba,35<x<53,274186<x<527198,8<x<12,x>74,1
 Local_gov, Assoc_acdm, Not_in_family, Asian_Pac_Islander, Female, Cambodia,17<x<35,274186<x<527198,8<x<12,50<x<74,1
 Self_emp_not_inc, Assoc_acdm, Own_child, White, Female, Portugal,x>71,274186<x<527198,1<x<4,1<x<25,1
 Self_emp_not_inc, Assoc_voc, Husband, White, Female, Taiwan,17<x<35,21174<x<274186,4<x<8,50<x<74,1
 Federal_gov, 1st_4th, Other_relative, Other, Female, Portugal,x>71,21174<x<274186,4<x<8,50<x<74,1
 Self_emp_inc, Doctorate, Own_child, Other, Male, Canada,17<x<35,21174<x<274186,1<x<4,25<x<50,1
 Self_emp_not_inc, Some_college, Own_child, Other, Male, Poland,35<x<53,21174<x<274186,x>12,25<x<50,1
 Self_emp_inc, 1st_4th, Not_in_family, Amer_Indian_Eskimo, Male, Dominican_Republic,53<x<71,21174<x<274186,4<x<8,x>74,1
 Self_emp_not_inc, 5th_6th, Other_relative, Asian_Pac_Islander, Male, Italy,53<x<71,21174<x<274186,8<x<12,25<x<50,1
 Self_emp_not_inc, 9th, Wife, Black, Male, Guatemala,17<x<35,21174<x<274186,x>12,25<x<50,1
 Private, 11th, Other_relative, Asian_Pac_Islander, Female, Columbia,53<x<71,274186<x<527198,8<x<12,50<x<74,1
 Self_emp_not_inc, 10th, Unmarried, Asian_Pac_Islander, Male, Canada,17<x<35,21174<x<274186,8<x<12,1<x<25,1
 Federal_gov, 11th, Not_in_family, Black, Male, Portugal,53<x<71,21174<x<274186,4<x<8,50<x<74,1
 Self_emp_inc, Assoc_voc, Own_child, Asian_Pac_Islander, Male, Laos,17<x<35,21174<x<274186,x>12,25<x<50,1
 Private, Assoc_acdm, Not_in_family, Other, Male, Puerto_Rico,35<x<53,527198<x<780210,1<x<4,1<x<25,1
 Self_emp_inc, HS_grad, Unmarried, White, Male, Poland,17<x<35,274186<x<527198,4<x<8,50<x<74,1
 Federal_gov, Assoc_acdm, Wife, Other, Female, Guatemala,x>71,274186<x<527198,x>12,50<x<74,1
 State_gov, Preschool, Husband, Asian_Pac_Islander, Female, France,x>71,21174<x<274186,4<x<8,25<x<50,1
 Self_emp_inc, Bachelors, Not_in_family, White, Female, Mexico,35<x<53,21174<x<274186,4<x<8,25<x<50,1
 Self_emp_not_inc, 7th_8th, Other_relative, White, Female, Yugoslavia,17<x<35,21174<x<274186,4<x<8,25<x<50,1
 Self_emp_not_inc, Assoc_acdm, Husband, White, Female, South,53<x<71,274186<x<527198,8<x<12,1<x<25,1
 State_gov, 7th_8th, Wife, White, Male, England,35<x<53,21174<x<274186,1<x<4,50<x<74,1
 Local_gov, Prof_school, Own_child, Black, Female, Yugoslavia,35<x<53,21174<x<274186,4<x<8,25<x<50,1
 Local_gov, Assoc_acdm, Other_relative, Black, Male, Haiti,17<x<35,274186<x<527198,4<x<8,50<x<74,1
 Private, 11th, Wife, White, Female, Jamaica,53<x<71,274186<x<527198,8<x<12,25<x<50,1
 Federal_gov, 7th_8th, Wife, Black, Male, Ecuador,35<x<53,21174<x<274186,8<x<12,25<x<50,1
 Local_gov, Doctorate, Wife, Asian_Pac_Islander, Male, United_States,35<x<53,527198<x<780210,x>12,1<x<25,1
 Self_emp_not_inc, Bachelors, Wife, Other, Female, Thailand,35<x<53,21174<x<274186,x>12,25<x<50,0
 State_gov, Assoc_acdm, Not_in_family, Amer_Indian_Eskimo, Female, India,35<x<53,274186<x<527198,4<x<8,1<x<25,1
 Private, HS_grad, Own_child, Other, Male, Iran,35<x<53,21174<x<274186,8<x<12,1<x<25,1
 Self_emp_inc, Doctorate, Husband, Amer_Indian_Eskimo, Female, Dominican_Republic,17<x<35,274186<x<527198,4<x<8,1<x<25,1
 Self_emp_inc, 5th_6th, Own_child, Other, Female, India,35<x<53,21174<x<274186,4<x<8,25<x<50,1
 Federal_gov, Assoc_voc, Wife, Asian_Pac_Islander, Male, Yugoslavia,53<x<71,21174<x<274186,4<x<8,1<x<25,1
 State_gov, Assoc_voc, Husband, Black, Male, Mexico,53<x<71,21174<x<274186,8<x<12,1<x<25,1
 Local_gov, Assoc_voc, Own_child, Amer_Indian_Eskimo, Male, Thailand,53<x<71,21174<x<274186,4<x<8,50<x<74,1
 Federal_gov, Prof_school, Husband, Black, Male, El_Salvador,53<x<71,21174<x<274186,4<x<8,50<x<74,1
 Local_gov, 10th, Husband, White, Male, Cambodia,x>71,21174<x<274186,x>12,25<x<50,1
 Local_gov, HS_grad, Wife, Amer_Indian_Eskimo, Female, Guatemala,x>71,21174<x<274186,8<x<12,x>74,1
 Private, Some_college, Husband, White, Female, Puerto_Rico,53<x<71,21174<x<274186,1<x<4,50<x<74,0
 State_gov, Doctorate, Unmarried, Amer_Indian_Eskimo, Male, India,53<x<71,21174<x<274186,1<x<4,1<x<25,1
 Local_gov, 5th_6th, Own_child, Other, Female, South,53<x<71,21174<x<274186,x>12,1<x<25,1
 Federal_gov, Preschool, Own_child, Asian_Pac_Islander, Male, Cambodia,17<x<35,527198<x<780210,8<x<12,50<x<74,1
 Self_emp_inc, Bachelors, Unmarried, Asian_Pac_Islander, Male, Honduras,x>71,21174<x<274186,x>12,25<x<50,1
 Self_emp_inc, HS_grad, Husband, Black, Male, Canada,35<x<53,21174<x<274186,8<x<12,x<1,1
 Local_gov, Some_college, Wife, Black, Female, Japan,17<x<35,274186<x<527198,x>12,1<x<25,1
 State_gov, 11th, Own_child, Amer_Indian_Eskimo, Female, Canada,17<x<35,21174<x<274186,8<x<12,25<x<50,1
 Federal_gov, Prof_school, Wife, Other, Male, Thailand,17<x<35,527198<x<780210,1<x<4,1<x<25,1
 State_gov, Assoc_acdm, Husband, Other, Male, Ecuador,35<x<53,21174<x<274186,1<x<4,50<x<74,1
 State_gov, 11th, Not_in_family, White, Male, Honduras,35<x<53,21174<x<274186,4<x<8,25<x<50,1
 Self_emp_not_inc, Doctorate, Wife, Black, Male, China,35<x<53,274186<x<527198,x>12,x>74,1
 Self_emp_inc, 9th, Unmarried, White, Male, Laos,35<x<53,21174<x<274186,8<x<12,50<x<74,1
 Federal_gov, 11th, Other_relative, Other, Female, Laos,17<x<35,21174<x<274186,x<1,25<x<50,1
 Self_emp_not_inc, 10th, Husband, Amer_Indian_Eskimo, Male, Iran,53<x<71,21174<x<274186,x>12,25<x<50,1
 Self_emp_not_inc, Some_college, Wife, Black, Male, Thailand,53<x<71,21174<x<274186,1<x<4,25<x<50,1
 State_gov, 5th_6th, Not_in_family, Asian_Pac_Islander, Male, Yugoslavia,35<x<53,21174<x<274186,x>12,1<x<25,1
 Self_emp_not_inc, Some_college, Husband, Asian_Pac_Islander, Male, Canada,53<x<71,274186<x<527198,1<x<4,25<x<50,1
 Self_emp_inc, 9th, Husband, Amer_Indian_Eskimo, Male, England,53<x<71,21174<x<274186,1<x<4,25<x<50,1
 State_gov, 11th, Wife, White, Male, Dominican_Republic,53<x<71,21174<x<274186,x>12,1<x<25,1
 Self_emp_inc, Preschool, Not_in_family, Black, Male, Jamaica,35<x<53,21174<x<274186,1<x<4,25<x<50,1
 Private, Prof_school, Not_in_family, Asian_Pac_Islander, Male, England,53<x<71,21174<x<274186,x>12,1<x<25,1
 Private, 12th, Unmarried, Asian_Pac_Islander, Female, Mexico,53<x<71,21174<x<274186,4<x<8,50<x<74,1
 Self_emp_inc, Prof_school, Own_child, Asian_Pac_Islander, Female, Guatemala,35<x<53,21174<x<274186,8<x<12,25<x<50,1
 Federal_gov, 1st_4th, Wife, Other, Female, Columbia,35<x<53,21174<x<274186,4<x<8,1<x<25,1
 Private, Masters, Other_relative, White, Male, England,53<x<71,274186<x<527198,8<x<12,1<x<25,1
 Self_emp_inc, Masters, Wife, Other, Female, China,35<x<53,21174<x<274186,8<x<12,25<x<50,1
 State_gov, 12th, Wife, Asian_Pac_Islander, Male, Puerto_Rico,17<x<35,21174<x<274186,x>12,1<x<25,1
 Local_gov, Doctorate, Not_in_family, Amer_Indian_Eskimo, Male, Portugal,53<x<71,21174<x<274186,1<x<4,50<x<74,1
 Local_gov, Prof_school, Husband, Other, Female, Columbia,17<x<35,21174<x<274186,8<x<12,1<x<25,1
 Local_gov, 5th_6th, Wife, Amer_Indian_Eskimo, Male, Iran,35<x<53,274186<x<527198,x>12,50<x<74,1
 Local_gov, 10th, Own_child, Asian_Pac_Islander, Female, Taiwan,x>71,21174<x<274186,8<x<12,1<x<25,1
 Self_emp_inc, Masters, Unmarried, Asian_Pac_Islander, Male, Cuba,x>71,21174<x<274186,1<x<4,25<x<50,1
 Local_gov, HS_grad, Not_in_family, Black, Male, Iran,35<x<53,274186<x<527198,4<x<8,25<x<50,1
 Self_emp_not_inc, Some_college, Unmarried, White, Male, Puerto_Rico,35<x<53,274186<x<527198,x<1,50<x<74,1
 State_gov, HS_grad, Not_in_family, Amer_Indian_Eskimo, Male, Philippines,35<x<53,21174<x<274186,8<x<12,25<x<50,1
 State_gov, 9th, Not_in_family, White, Female, El_Salvador,53<x<71,21174<x<274186,8<x<12,1<x<25,1
 Federal_gov, 9th, Other_relative, Black, Female, Cuba,53<x<71,21174<x<274186,x>12,25<x<50,1
 Self_emp_not_inc, 5th_6th, Unmarried, Other, Female, India,17<x<35,274186<x<527198,x>12,25<x<50,1
 Self_emp_inc, 9th, Own_child, White, Male, China,17<x<35,21174<x<274186,x>12,25<x<50,1
 State_gov, Assoc_voc, Not_in_family, Asian_Pac_Islander, Male, Guatemala,17<x<35,21174<x<274186,1<x<4,1<x<25,1
 State_gov, 9th, Own_child, Amer_Indian_Eskimo, Male, Philippines,53<x<71,21174<x<274186,1<x<4,25<x<50,1
 Federal_gov, 11th, Husband, Other, Female, Ecuador,35<x<53,21174<x<274186,1<x<4,1<x<25,1
 Self_emp_inc, 12th, Husband, Amer_Indian_Eskimo, Female, India,53<x<71,21174<x<274186,x>12,50<x<74,1
 Federal_gov, 1st_4th, Not_in_family, Other, Male, Philippines,35<x<53,21174<x<274186,4<x<8,25<x<50,1
 Federal_gov, Preschool, Not_in_family, White, Male, Philippines,53<x<71,21174<x<274186,x>12,25<x<50,1
 Local_gov, 10th, Own_child, Other, Female, Cuba,17<x<35,21174<x<274186,1<x<4,50<x<74,1
 Private, Masters, Other_relative, Asian_Pac_Islander, Male, Guatemala,35<x<53,21174<x<274186,1<x<4,25<x<50,1
 State_gov, Assoc_acdm, Own_child, Amer_Indian_Eskimo, Male, Poland,53<x<71,21174<x<274186,4<x<8,1<x<25,1
 Self_emp_inc, Assoc_acdm, Other_relative, Amer_Indian_Eskimo, Male, France,x>71,21174<x<274186,x<1,25<x<50,1
 Local_gov, HS_grad, Not_in_family, Black, Male, Thailand,x>71,21174<x<274186,1<x<4,25<x<50,1
 Private, 9th, Own_child, Amer_Indian_Eskimo, Male, Ecuador,53<x<71,21174<x<274186,4<x<8,1<x<25,1
 Local_gov, 1st_4th, Wife, White, Male, Taiwan,17<x<35,274186<x<527198,1<x<4,1<x<25,1
 State_gov, Bachelors, Unmarried, Other, Male, Columbia,17<x<35,21174<x<274186,x<1,x<1,1
 Local_gov, Some_college, Not_in_family, Black, Male, Portugal,17<x<35,21174<x<274186,x>12,1<x<25,1
 State_gov, Bachelors, Other_relative, Black, Female, Honduras,17<x<35,21174<x<274186,8<x<12,50<x<74,1
 Self_emp_inc, 5th_6th, Other_relative, Asian_Pac_Islander, Female, Philippines,17<x<35,21174<x<274186,x>12,25<x<50,1
 Local_gov, HS_grad, Other_relative, Black, Male, Haiti,53<x<71,21174<x<274186,8<x<12,25<x<50,1
 Federal_gov, 5th_6th, Unmarried, Black, Female, Portugal,x>71,21174<x<274186,x>12,1<x<25,1
 State_gov, 5th_6th, Other_relative, Black, Male, England,53<x<71,21174<x<274186,8<x<12,50<x<74,1
 Self_emp_not_inc, Masters, Wife, Black, Female, Italy,x>71,21174<x<274186,x>12,1<x<25,1
 Local_gov, Assoc_voc, Unmarried, Black, Male, United_States,35<x<53,21174<x<274186,4<x<8,25<x<50,1
 Federal_gov, HS_grad, Wife, Amer_Indian_Eskimo, Male, Canada,35<x<53,21174<x<274186,x>12,1<x<25,1
 Federal_gov, 1st_4th, Not_in_family, Amer_Indian_Eskimo, Male, Jamaica,53<x<71,21174<x<274186,8<x<12,25<x<50,1
 Self_emp_not_inc, 12th, Own_child, Amer_Indian_Eskimo, Male, Cambodia,53<x<71,21174<x<274186,8<x<12,1<x<25,1
 State_gov, 11th, Not_in_family, Asian_Pac_Islander, Male, Philippines,35<x<53,21174<x<274186,4<x<8,25<x<50,1
 Private, Doctorate, Unmarried, Black, Female, Laos,x>71,21174<x<274186,x>12,1<x<25,1
 State_gov, 1st_4th, Not_in_family, Other, Female, Japan,17<x<35,21174<x<274186,1<x<4,50<x<74,1
 State_gov, HS_grad, Own_child, Other, Male, Cuba,x>71,21174<x<274186,4<x<8,50<x<74,1
 Self_emp_inc, 7th_8th, Unmarried, Asian_Pac_Islander, Female, France,17<x<35,21174<x<274186,8<x<12,1<x<25,1
 Private, Masters, Husband, White, Male, Puerto_Rico,x>71,274186<x<527198,1<x<4,25<x<50,0
 Federal_gov, Preschool, Own_child, Amer_Indian_Eskimo, Male, Japan,53<x<71,21174<x<274186,1<x<4,1<x<25,1
 Private, 1st_4th, Own_child, Asian_Pac_Islander, Male, China,x>71,21174<x<274186,1<x<4,1<x<25,1
 Private, Assoc_acdm, Not_in_family, Black, Male, England,x>71,274186<x<527198,x>12,1<x<25,1
 Self_emp_not_inc, 9th, Not_in_family, Black, Male, Canada,17<x<35,21174<x<274186,4<x<8,1<x<25,1
 Private, Preschool, Own_child, White, Female, Japan,53<x<71,21174<x<274186,1<x<4,1<x<25,1
 State_gov, 9th, Unmarried, Other, Female, Cambodia,17<x<35,21174<x<274186,8<x<12,x<1,1
 Self_emp_not_inc, 11th, Other_relative, Black, Male, Canada,53<x<71,274186<x<527198,x<1,x>74,1
 Private, 1st_4th, Own_child, Amer_Indian_Eskimo, Female, Germany,17<x<35,274186<x<527198,8<x<12,1<x<25,1
 Federal_gov, HS_grad, Not_in_family, Asian_Pac_Islander, Female, France,35<x<53,21174<x<274186,8<x<12,25<x<50,1
 Self_emp_not_inc, 12th, Not_in_family, Other, Female, Haiti,53<x<71,21174<x<274186,4<x<8,50<x<74,1
 State_gov, Preschool, Wife, Asian_Pac_Islander, Male, Poland,17<x<35,21174<x<274186,1<x<4,25<x<50,1
 Self_emp_not_inc, Doctorate, Not_in_family, White, Male, Laos,35<x<53,21174<x<274186,4<x<8,25<x<50,1
 Self_emp_inc, 1st_4th, Not_in_family, Asian_Pac_Islander, Male, Portugal,53<x<71,21174<x<274186,x>12,x>74,1
 Self_emp_inc, 7th_8th, Own_child, Other, Male, Dominican_Republic,17<x<35,21174<x<274186,x<1,25<x<50,1
 Self_emp_not_inc, Assoc_acdm, Wife, Other, Male, Cambodia,17<x<35,21174<x<274186,1<x<4,1<x<25,1
 Self_emp_not_inc, 7th_8th, Unmarried, Black, Male, France,x>71,274186<x<527198,4<x<8,50<x<74,1
 Federal_gov, 5th_6th, Wife, White, Male, Laos,x>71,21174<x<274186,4<x<8,25<x<50,1
 State_gov, Assoc_voc, Own_child, Other, Female, Puerto_Rico,x>71,21174<x<274186,1<x<4,x>74,1
 State_gov, Masters, Own_child, Asian_Pac_Islander, Male, South,x<17,21174<x<274186,8<x<12,25<x<50,1
 Federal_gov, HS_grad, Other_relative, White, Female, Germany,53<x<71,21174<x<274186,x>12,25<x<50,1
 Private, Bachelors, Husband, White, Male, Dominican_Republic,17<x<35,21174<x<274186,x>12,1<x<25,1
 Local_gov, HS_grad, Not_in_family, Other, Female, Cambodia,53<x<71,21174<x<274186,8<x<12,1<x<25,1
 Private, 11th, Not_in_family, Black, Male, Italy,53<x<71,274186<x<527198,x>12,25<x<50,1
 Private, Preschool, Wife, Amer_Indian_Eskimo, Female, Columbia,35<x<53,274186<x<527198,1<x<4,1<x<25,1
 Self_emp_not_inc, Some_college, Husband, Other, Female, Jamaica,35<x<53,21174<x<274186,x>12,x>74,1
 State_gov, Masters, Wife, Asian_Pac_Islander, Male, Taiwan,35<x<53,21174<x<274186,8<x<12,1<x<25,1
 Local_gov, 1st_4th, Husband, Black, Female, Columbia,35<x<53,21174<x<274186,x<1,25<x<50,1
 Private, Masters, Unmarried, Black, Female, Puerto_Rico,17<x<35,21174<x<274186,1<x<4,50<x<74,1
 Self_emp_inc, 7th_8th, Husband, White, Female, Canada,35<x<53,274186<x<527198,8<x<12,50<x<74,1
 Local_gov, 9th, Unmarried, Asian_Pac_Islander, Male, El_Salvador,x>71,21174<x<274186,8<x<12,50<x<74,1
 Federal_gov, Assoc_voc, Wife, Asian_Pac_Islander, Female, Portugal,35<x<53,274186<x<527198,8<x<12,1<x<25,1
 Private, 7th_8th, Not_in_family, Asian_Pac_Islander, Female, Taiwan,35<x<53,21174<x<274186,1<x<4,25<x<50,1
 Local_gov, 12th, Wife, Asian_Pac_Islander, Male, Columbia,53<x<71,21174<x<274186,x>12,25<x<50,1
 Self_emp_inc, Assoc_voc, Unmarried, White, Female, Cambodia,53<x<71,274186<x<527198,1<x<4,50<x<74,1
 Local_gov, Masters, Own_child, Asian_Pac_Islander, Female, China,17<x<35,21174<x<274186,1<x<4,50<x<74,1
 Private, Masters, Wife, Black, Female, Cambodia,x>71,21174<x<274186,x>12,25<x<50,1
 Private, Some_college, Husband, Other, Female, Cuba,17<x<35,21174<x<274186,4<x<8,25<x<50,1
 State_gov, Assoc_acdm, Other_relative, Asian_Pac_Islander, Female, Japan,53<x<71,21174<x<274186,1<x<4,50<x<74,1
 State_gov, Doctorate, Wife, Black, Male, El_Salvador,53<x<71,21174<x<274186,8<x<12,1<x<25,1
 State_gov, 1st_4th, Not_in_family, Black, Male, Guatemala,17<x<35,21174<x<274186,4<x<8,25<x<50,1
 Local_gov, 10th, Wife, Amer_Indian_Eskimo, Female, China,35<x<53,21174<x<274186,4<x<8,25<x<50,1
 Federal_gov, Masters, Unmarried, Black, Female, El_Salvador,17<x<35,21174<x<274186,x>12,1<x<25,1
 State_gov, Assoc_voc, Unmarried, White, Female, Honduras,x>71,274186<x<527198,8<x<12,x>74,1
 Federal_gov, 1st_4th, Not_in_family, Asian_Pac_Islander, Female, China,17<x<35,21174<x<274186,4<x<8,50<x<74,1
 Self_emp_inc, Some_college, Wife, Asian_Pac_Islander, Male, Poland,17<x<35,21174<x<274186,8<x<12,50<x<74,1
 Local_gov, 10th, Unmarried, Asian_Pac_Islander, Female, Japan,17<x<35,274186<x<527198,8<x<12,25<x<50,1
 State_gov, HS_grad, Unmarried, Other, Female, Yugoslavia,x>71,21174<x<274186,1<x<4,25<x<50,1
 Federal_gov, Preschool, Husband, White, Male, Poland,17<x<35,274186<x<527198,4<x<8,1<x<25,1
 Self_emp_not_inc, Assoc_acdm, Wife, Asian_Pac_Islander, Female, Germany,35<x<53,21174<x<274186,4<x<8,1<x<25,1
 Local_gov, Masters, Husband, Other, Female, Taiwan,53<x<71,21174<x<274186,x>12,x>74,0
 Private, Assoc_acdm, Husband, White, Female, Taiwan,17<x<35,21174<x<274186,x>12,1<x<25,1
 Self_emp_inc, Assoc_voc, Other_relative, White, Female, Taiwan,17<x<35,21174<x<274186,1<x<4,25<x<50,1
 Private, Assoc_acdm, Not_in_family, Black, Male, El_Salvador,35<x<53,21174<x<274186,x<1,50<x<74,1
 Federal_gov, Preschool, Unmarried, Amer_Indian_Eskimo, Female, Mexico,35<x<53,21174<x<274186,x>12,1<x<25,1
 Federal_gov, Assoc_acdm, Not_in_family, Amer_Indian_Eskimo, Female, Poland,x<17,274186<x<527198,x>12,1<x<25,1
 Self_emp_not_inc, Doctorate, Unmarried, Amer_Indian_Eskimo, Male, Portugal,53<x<71,21174<x<274186,x>12,25<x<50,1
 Local_gov, Assoc_voc, Other_relative, Amer_Indian_Eskimo, Female, China,53<x<71,21174<x<274186,1<x<4,25<x<50,1
 Self_emp_inc, 11th, Not_in_family, Other, Male, China,53<x<71,21174<x<274186,4<x<8,x>74,1
 Private, 5th_6th, Wife, Asian_Pac_Islander, Male, England,x>71,21174<x<274186,4<x<8,x>74,1
 Local_gov, HS_grad, Husband, Asian_Pac_Islander, Male, Cuba,x>71,21174<x<274186,x>12,1<x<25,1
 Private, 7th_8th, Other_relative, Other, Male, Laos,53<x<71,21174<x<274186,x<1,1<x<25,1
 Self_emp_not_inc, 9th, Unmarried, White, Female, Canada,53<x<71,21174<x<274186,x>12,1<x<25,1
 Federal_gov, Some_college, Unmarried, Asian_Pac_Islander, Male, South,53<x<71,21174<x<274186,1<x<4,1<x<25,1
 Self_emp_inc, 9th, Own_child, White, Female, Taiwan,35<x<53,21174<x<274186,x>12,25<x<50,1
 State_gov, Masters, Own_child, Amer_Indian_Eskimo, Female, China,x>71,274186<x<527198,4<x<8,25<x<50,1
 Self_emp_inc, 5th_6th, Unmarried, Amer_Indian_Eskimo, Female, El_Salvador,35<x<53,274186<x<527198,1<x<4,50<x<74,1
 Local_gov, 10th, Wife, Black, Female, China,17<x<35,274186<x<527198,1<x<4,1<x<25,1
 Federal_gov, Prof_school, Wife, Asian_Pac_Islander, Female, Haiti,35<x<53,21174<x<274186,4<x<8,1<x<25,1
 Local_gov, 1st_4th, Other_relative, Other, Female, United_States,53<x<71,21174<x<274186,4<x<8,1<x<25,1
 Federal_gov, 11th, Other_relative, Black, Male, Canada,35<x<53,21174<x<274186,x>12,25<x<50,1
 State_gov, Some_college, Own_child, Amer_Indian_Eskimo, Female, United_States,35<x<53,21174<x<274186,1<x<4,1<x<25,1
 Self_emp_inc, Preschool, Wife, Asian_Pac_Islander, Female, Cuba,x>71,21174<x<274186,1<x<4,1<x<25,1
 Self_emp_inc, Some_college, Other_relative, Black, Male, China,x>71,21174<x<274186,1<x<4,1<x<25,1
 Self_emp_not_inc, Assoc_acdm, Wife, Other, Female, Thailand,53<x<71,21174<x<274186,1<x<4,x>74,0
 Self_emp_inc, Assoc_voc, Unmarried, Asian_Pac_Islander, Male, South,17<x<35,21174<x<274186,4<x<8,25<x<50,1
 Self_emp_inc, 5th_6th, Husband, Asian_Pac_Islander, Male, Thailand,35<x<53,21174<x<274186,8<x<12,50<x<74,1
 Local_gov, Assoc_voc, Other_relative, Other, Female, Germany,17<x<35,274186<x<527198,4<x<8,50<x<74,1
 Self_emp_not_inc, 10th, Unmarried, Other, Male, France,35<x<53,21174<x<274186,x>12,x>74,1
 Local_gov, Prof_school, Own_child, Amer_Indian_Eskimo, Male, Italy,17<x<35,21174<x<274186,x>12,50<x<74,1
 State_gov, 12th, Not_in_family, White, Male, Thailand,53<x<71,274186<x<527198,1<x<4,25<x<50,1
 Self_emp_inc, Masters, Own_child, Asian_Pac_Islander, Female, Dominican_Republic,x>71,21174<x<274186,4<x<8,1<x<25,1
 Self_emp_inc, 9th, Own_child, Black, Female, Cuba,53<x<71,21174<x<274186,1<x<4,x>74,1
 Private, Doctorate, Own_child, Black, Male, Dominican_Republic,17<x<35,274186<x<527198,x<1,1<x<25,1
 Federal_gov, 10th, Wife, Black, Female, Dominican_Republic,35<x<53,21174<x<274186,x<1,25<x<50,1
 Local_gov, Doctorate, Other_relative, Black, Male, United_States,53<x<71,21174<x<274186,x>12,1<x<25,1
 Self_emp_inc, 1st_4th, Wife, Amer_Indian_Eskimo, Male, Taiwan,35<x<53,21174<x<274186,8<x<12,25<x<50,1
 Self_emp_inc, Doctorate, Not_in_family, Other, Male, Poland,17<x<35,21174<x<274186,x>12,25<x<50,1
 Federal_gov, Bachelors, Unmarried, Asian_Pac_Islander, Male, Japan,53<x<71,21174<x<274186,1<x<4,50<x<74,1
 State_gov, 5th_6th, Wife, White, Male, Puerto_Rico,35<x<53,21174<x<274186,8<x<12,1<x<25,1
 Federal_gov, 1st_4th, Husband, Black, Female, Honduras,53<x<71,274186<x<527198,x>12,x>74,1
 Local_gov, Bachelors, Wife, White, Female, Germany,53<x<71,21174<x<274186,8<x<12,50<x<74,1
 Local_gov, 1st_4th, Unmarried, Black, Female, Ecuador,x>71,274186<x<527198,8<x<12,x>74,1
 Self_emp_not_inc, Doctorate, Unmarried, White, Female, Iran,53<x<71,21174<x<274186,1<x<4,1<x<25,1
 Self_emp_not_inc, Some_college, Husband, Asian_Pac_Islander, Female, United_States,x>71,21174<x<274186,1<x<4,50<x<74,1
 Federal_gov, Preschool, Other_relative, Asian_Pac_Islander, Male, Thailand,17<x<35,21174<x<274186,x<1,25<x<50,1
 Federal_gov, 10th, Not_in_family, Asian_Pac_Islander, Female, Cambodia,35<x<53,274186<x<527198,1<x<4,1<x<25,1
 Local_gov, Doctorate, Husband, Other, Female, Iran,35<x<53,21174<x<274186,8<x<12,1<x<25,1
 Private, Doctorate, Not_in_family, Asian_Pac_Islander, Female, Taiwan,x>71,274186<x<527198,8<x<12,x>74,1
 Self_emp_not_inc, Assoc_voc, Husband, Asian_Pac_Islander, Male, Japan,17<x<35,21174<x<274186,8<x<12,1<x<25,1
 Private, 7th_8th, Own_child, White, Female, Ecuador,x>71,21174<x<274186,1<x<4,1<x<25,1
 Federal_gov, Prof_school, Own_child, Other, Female, Columbia,x>71,21174<x<274186,8<x<12,1<x<25,1
 State_gov, Assoc_acdm, Other_relative, Asian_Pac_Islander, Female, Taiwan,x>71,21174<x<274186,1<x<4,1<x<25,1
 Federal_gov, HS_grad, Unmarried, Amer_Indian_Eskimo, Female, Taiwan,53<x<71,274186<x<527198,x<1,1<x<25,1
 Federal_gov, Doctorate, Wife, Black, Male, Germany,53<x<71,21174<x<274186,x>12,1<x<25,1
 Local_gov, Some_college, Wife, Other, Male, Cambodia,17<x<35,21174<x<274186,x<1,25<x<50,1
 Self_emp_inc, Doctorate, Other_relative, Other, Female, Dominican_Republic,53<x<71,21174<x<274186,8<x<12,25<x<50,1
 Private, Assoc_acdm, Not_in_family, Amer_Indian_Eskimo, Female, Italy,x<17,21174<x<274186,x<1,25<x<50,1
 Self_emp_inc, 12th, Not_in_family, Asian_Pac_Islander, Female, England,35<x<53,21174<x<274186,8<x<12,1<x<25,1
 Local_gov, 7th_8th, Wife, Amer_Indian_Eskimo, Female, Japan,35<x<53,21174<x<274186,8<x<12,25<x<50,1
 Local_gov, Prof_school, Not_in_family, Amer_Indian_Eskimo, Female, Mexico,35<x<53,274186<x<527198,x>12,1<x<25,1
 Private, 7th_8th, Husband, Amer_Indian_Eskimo, Female, Italy,17<x<35,274186<x<527198,8<x<12,25<x<50,1
 Local_gov, HS_grad, Other_relative, Amer_Indian_Eskimo, Female, Iran,17<x<35,21174<x<274186,8<x<12,25<x<50,1
 Self_emp_not_inc, Masters, Unmarried, Asian_Pac_Islander, Female, India,35<x<53,21174<x<274186,x<1,1<x<25,1
 Self_emp_not_inc, Assoc_voc, Unmarried, Other, Female, United_States,53<x<71,274186<x<527198,1<x<4,25<x<50,1
 Self_emp_not_inc, 11th, Not_in_family, Black, Male, India,53<x<71,21174<x<274186,8<x<12,1<x<25,1
 State_gov, Preschool, Unmarried, Other, Male, Dominican_Republic,x>71,21174<x<274186,4<x<8,25<x<50,1
 Self_emp_inc, 1st_4th, Unmarried, Asian_Pac_Islander, Female, Columbia,53<x<71,21174<x<274186,x>12,25<x<50,1
 Federal_gov, 5th_6th, Husband, White, Female, South,35<x<53,21174<x<274186,x>12,1<x<25,1
 Federal_gov, HS_grad, Wife, Amer_Indian_Eskimo, Male, Cambodia,17<x<35,21174<x<274186,x>12,25<x<50,1
 Private, Assoc_voc, Other_relative, Black, Female, Cambodia,35<x<53,21174<x<274186,1<x<4,1<x<25,1
 Self_emp_not_inc, 10th, Unmarried, White, Male, Germany,35<x<53,274186<x<527198,8<x<12,25<x<50,1
 State_gov, HS_grad, Own_child, Asian_Pac_Islander, Male, Japan,53<x<71,274186<x<527198,1<x<4,50<x<74,1
 Self_emp_not_inc, Bachelors, Unmarried, Other, Male, Portugal,53<x<71,274186<x<527198,8<x<12,1<x<25,1
 State_gov, Assoc_acdm, Own_child, Other, Male, Portugal,35<x<53,21174<x<274186,x>12,25<x<50,1
 Federal_gov, 10th, Unmarried, Amer_Indian_Eskimo, Female, United_States,35<x<53,21174<x<274186,x>12,25<x<50,1
 Federal_gov, 10th, Unmarried, Other, Female, Taiwan,17<x<35,21174<x<274186,x>12,1<x<25,1
 Self_emp_inc, HS_grad, Wife, Amer_Indian_Eskimo, Male, Honduras,17<x<35,21174<x<274186,1<x<4,50<x<74,1
 Federal_gov, 12th, Wife, White, Male, India,x>71,21174<x<274186,4<x<8,1<x<25,1
 Local_gov, 5th_6th, Husband, Other, Male, El_Salvador,17<x<35,21174<x<274186,x<1,1<x<25,1
 Local_gov, Bachelors, Husband, Asian_Pac_Islander, Male, Guatemala,53<x<71,274186<x<527198,x>12,50<x<74,1
 State_gov, Assoc_voc, Own_child, Black, Male, Jamaica,35<x<53,21174<x<274186,x>12,25<x<50,1
 Federal_gov, Doctorate, Other_relative, Asian_Pac_Islander, Female, France,35<x<53,21174<x<274186,x>12,25<x<50,1
 Federal_gov, Assoc_acdm, Husband, White, Male, Mexico,53<x<71,21174<x<274186,8<x<12,50<x<74,1
 Local_gov, 11th, Unmarried, Black, Female, Jamaica,35<x<53,274186<x<527198,4<x<8,x>74,1
 Self_emp_not_inc, 5th_6th, Unmarried, Asian_Pac_Islander, Female, Mexico,x>71,21174<x<274186,x<1,50<x<74,1
 State_gov, Prof_school, Own_child, Black, Male, Thailand,17<x<35,21174<x<274186,x>12,50<x<74,1
 Private, 7th_8th, Husband, Black, Female, Japan,17<x<35,21174<x<274186,8<x<12,25<x<50,1
 Private, 10th, Unmarried, Asian_Pac_Islander, Male, India,35<x<53,21174<x<274186,1<x<4,25<x<50,1
 Self_emp_not_inc, 5th_6th, Unmarried, Black, Female, Yugoslavia,17<x<35,21174<x<274186,8<x<12,50<x<74,1
 Self_emp_inc, 5th_6th, Other_relative, Amer_Indian_Eskimo, Female, Columbia,53<x<71,21174<x<274186,1<x<4,25<x<50,1
 State_gov, 7th_8th, Husband, Amer_Indian_Eskimo, Male, Cambodia,17<x<35,21174<x<274186,8<x<12,25<x<50,1
 Private, Bachelors, Unmarried, Other, Male, China,35<x<53,274186<x<527198,8<x<12,1<x<25,1
 Self_emp_not_inc, Assoc_voc, Wife, White, Male, Guatemala,35<x<53,21174<x<274186,x>12,1<x<25,1
 Private, Some_college, Other_relative, Asian_Pac_Islander, Male, Honduras,17<x<35,21174<x<274186,4<x<8,1<x<25,1
 Private, Preschool, Unmarried, Black, Male, Yugoslavia,35<x<53,21174<x<274186,4<x<8,1<x<25,1
 State_gov, Preschool, Other_relative, Amer_Indian_Eskimo, Female, England,x>71,21174<x<274186,x>12,x>74,1
 Local_gov, Bachelors, Husband, Other, Female, Italy,35<x<53,21174<x<274186,4<x<8,25<x<50,1
 Federal_gov, Some_college, Own_child, Other, Male, Yugoslavia,35<x<53,21174<x<274186,1<x<4,25<x<50,1
 Local_gov, Masters, Husband, Other, Male, United_States,35<x<53,527198<x<780210,1<x<4,x>74,0
 State_gov, 12th, Not_in_family, White, Male, Guatemala,53<x<71,21174<x<274186,4<x<8,1<x<25,1
 Self_emp_not_inc, Assoc_acdm, Unmarried, Amer_Indian_Eskimo, Female, Mexico,35<x<53,21174<x<274186,x>12,1<x<25,1
 Self_emp_not_inc, 7th_8th, Husband, Amer_Indian_Eskimo, Female, Germany,x>71,21174<x<274186,8<x<12,25<x<50,1
 Federal_gov, 1st_4th, Not_in_family, Amer_Indian_Eskimo, Female, Cambodia,17<x<35,21174<x<274186,8<x<12,x>74,1
 Local_gov, 5th_6th, Unmarried, Black, Male, Jamaica,35<x<53,274186<x<527198,x<1,1<x<25,1
 State_gov, 10th, Unmarried, Asian_Pac_Islander, Female, Philippines,53<x<71,274186<x<527198,x>12,25<x<50,1
 Private, 5th_6th, Own_child, Amer_Indian_Eskimo, Male, United_States,x>71,274186<x<527198,1<x<4,x>74,1
 Federal_gov, Preschool, Unmarried, Other, Male, Haiti,x>71,274186<x<527198,4<x<8,50<x<74,1
 Local_gov, 10th, Other_relative, Black, Male, Cuba,35<x<53,21174<x<274186,1<x<4,1<x<25,1
 State_gov, Some_college, Unmarried, Other, Female, Canada,x>71,21174<x<274186,8<x<12,50<x<74,1
 Self_emp_inc, Assoc_voc, Own_child, Other, Female, India,35<x<53,274186<x<527198,x>12,1<x<25,1
 Federal_gov, 11th, Not_in_family, Amer_Indian_Eskimo, Female, Iran,17<x<35,21174<x<274186,4<x<8,25<x<50,1
 Federal_gov, Assoc_voc, Husband, Amer_Indian_Eskimo, Female, Jamaica,53<x<71,527198<x<780210,8<x<12,1<x<25,1
 Local_gov, Prof_school, Husband, Amer_Indian_Eskimo, Male, Yugoslavia,17<x<35,21174<x<274186,8<x<12,25<x<50,1
 Local_gov, Assoc_voc, Unmarried, Other, Female, Italy,x>71,21174<x<274186,4<x<8,50<x<74,1
 Local_gov, HS_grad, Other_relative, Black, Male, South,53<x<71,21174<x<274186,x<1,1<x<25,1
 State_gov, 7th_8th, Own_child, Amer_Indian_Eskimo, Female, Puerto_Rico,35<x<53,274186<x<527198,1<x<4,50<x<74,1
 Private, Prof_school, Not_in_family, Asian_Pac_Islander, Male, South,x>71,21174<x<274186,8<x<12,25<x<50,1
 Local_gov, Assoc_voc, Other_relative, White, Female, Columbia,x<17,21174<x<274186,1<x<4,25<x<50,1
 State_gov, Bachelors, Unmarried, Black, Female, India,53<x<71,21174<x<274186,8<x<12,1<x<25,1
 Federal_gov, Doctorate, Other_relative, Asian_Pac_Islander, Male, Columbia,53<x<71,527198<x<780210,1<x<4,1<x<25,1
 State_gov, 11th, Not_in_family, Amer_Indian_Eskimo, Female, England,x>71,274186<x<527198,x>12,x<1,1
 Self_emp_inc, 1st_4th, Not_in_family, White, Female, England,17<x<35,21174<x<274186,4<x<8,1<x<25,1
 Federal_gov, 1st_4th, Wife, Asian_Pac_Islander, Female, Mexico,35<x<53,21174<x<274186,1<x<4,50<x<74,1
 Federal_gov, 10th, Wife, Black, Female, United_States,17<x<35,21174<x<274186,4<x<8,1<x<25,1
 Self_emp_not_inc, HS_grad, Husband, Black, Female, Ecuador,53<x<71,21174<x<274186,1<x<4,1<x<25,1
 Private, 5th_6th, Wife, Asian_Pac_Islander, Male, Puerto_Rico,17<x<35,21174<x<274186,4<x<8,1<x<25,1
 Private, Some_college, Unmarried, Amer_Indian_Eskimo, Male, Philippines,17<x<35,21174<x<274186,4<x<8,25<x<50,1
 Self_emp_not_inc, 10th, Not_in_family, Amer_Indian_Eskimo, Female, Portugal,35<x<53,21174<x<274186,8<x<12,50<x<74,1
 Self_emp_inc, Bachelors, Other_relative, Asian_Pac_Islander, Female, Ecuador,35<x<53,274186<x<527198,x<1,25<x<50,1
 Private, Doctorate, Own_child, Amer_Indian_Eskimo, Female, Taiwan,53<x<71,274186<x<527198,8<x<12,25<x<50,1
 Self_emp_not_inc, 9th, Own_child, Black, Male, Columbia,x<17,21174<x<274186,8<x<12,1<x<25,1
 Federal_gov, Assoc_acdm, Unmarried, Black, Male, Thailand,53<x<71,21174<x<274186,8<x<12,25<x<50,1
 Self_emp_not_inc, Preschool, Not_in_family, Black, Female, Philippines,53<x<71,21174<x<274186,1<x<4,50<x<74,1
 Local_gov, 7th_8th, Other_relative, Black, Male, South,35<x<53,21174<x<274186,4<x<8,x>74,1
 Private, 1st_4th, Wife, White, Male, United_States,35<x<53,21174<x<274186,4<x<8,50<x<74,1
 Self_emp_not_inc, 11th, Wife, Amer_Indian_Eskimo, Female, France,53<x<71,21174<x<274186,4<x<8,25<x<50,1
 Local_gov, HS_grad, Own_child, Asian_Pac_Islander, Male, Italy,x<17,274186<x<527198,x<1,50<x<74,1
 Self_emp_not_inc, Masters, Other_relative, Other, Male, Guatemala,17<x<35,274186<x<527198,8<x<12,25<x<50,1
 Self_emp_not_inc, HS_grad, Not_in_family, White, Female, Cuba,53<x<71,21174<x<274186,x<1,1<x<25,1
 Federal_gov, HS_grad, Husband, Asian_Pac_Islander, Male, Canada,35<x<53,274186<x<527198,1<x<4,1<x<25,1
 Private, Some_college, Other_relative, Other, Male, Japan,35<x<53,21174<x<274186,8<x<12,x>74,1
 Local_gov, Assoc_voc, Wife, Black, Male, United_States,17<x<35,21174<x<274186,x>12,25<x<50,1
 Local_gov, Preschool, Wife, Black, Male, Ecuador,17<x<35,21174<x<274186,x>12,25<x<50,1
 Self_emp_not_inc, Bachelors, Other_relative, Black, Female, France,17<x<35,21174<x<274186,8<x<12,25<x<50,1
 Federal_gov, Some_college, Unmarried, Other, Female, Columbia,35<x<53,21174<x<274186,8<x<12,50<x<74,1
 Local_gov, 7th_8th, Husband, Asian_Pac_Islander, Male, South,35<x<53,21174<x<274186,1<x<4,1<x<25,1
 Self_emp_not_inc, Bachelors, Not_in_family, Asian_Pac_Islander, Female, Taiwan,35<x<53,21174<x<274186,x>12,50<x<74,1
 Private, Assoc_acdm, Unmarried, Asian_Pac_Islander, Male, Cuba,x<17,21174<x<274186,x>12,50<x<74,1
 Self_emp_not_inc, Assoc_voc, Wife, Amer_Indian_Eskimo, Male, Canada,17<x<35,21174<x<274186,x>12,25<x<50,1
 Local_gov, Bachelors, Other_relative, White, Male, Honduras,17<x<35,21174<x<274186,x>12,25<x<50,1
 State_gov, HS_grad, Unmarried, Black, Male, France,53<x<71,21174<x<274186,x>12,1<x<25,1
 State_gov, HS_grad, Wife, Amer_Indian_Eskimo, Male, Taiwan,35<x<53,21174<x<274186,x>12,25<x<50,1
 Federal_gov, Some_college, Husband, White, Male, Canada,x>71,21174<x<274186,1<x<4,50<x<74,1
 Self_emp_not_inc, Doctorate, Wife, Asian_Pac_Islander, Male, South,17<x<35,21174<x<274186,4<x<8,25<x<50,1
 Self_emp_not_inc, 7th_8th, Unmarried, White, Female, Jamaica,53<x<71,21174<x<274186,x<1,25<x<50,1
 Local_gov, 9th, Own_child, Other, Male, Taiwan,35<x<53,21174<x<274186,4<x<8,25<x<50,1
 Self_emp_not_inc, Masters, Husband, Other, Female, Japan,35<x<53,21174<x<274186,x<1,25<x<50,1
 State_gov, Masters, Other_relative, Black, Male, Germany,53<x<71,21174<x<274186,1<x<4,1<x<25,1
 Self_emp_inc, Assoc_voc, Wife, White, Female, Canada,53<x<71,21174<x<274186,x>12,1<x<25,1
 Local_gov, Masters, Wife, Asian_Pac_Islander, Male, United_States,35<x<53,21174<x<274186,x<1,x>74,1
 State_gov, Prof_school, Wife, Amer_Indian_Eskimo, Female, Poland,17<x<35,21174<x<274186,8<x<12,1<x<25,1
 Self_emp_not_inc, Bachelors, Other_relative, White, Female, India,35<x<53,21174<x<274186,x>12,25<x<50,1
 Self_emp_not_inc, 12th, Own_child, Amer_Indian_Eskimo, Male, France,35<x<53,21174<x<274186,4<x<8,x>74,1
 Private, Bachelors, Unmarried, Black, Female, Columbia,x<17,21174<x<274186,8<x<12,50<x<74,1
 Private, 12th, Own_child, Amer_Indian_Eskimo, Male, Puerto_Rico,53<x<71,21174<x<274186,8<x<12,1<x<25,1
 Self_emp_inc, 12th, Wife, Other, Male, Ecuador,35<x<53,21174<x<274186,x>12,25<x<50,1
 Private, 5th_6th, Husband, Other, Female, Guatemala,17<x<35,21174<x<274186,8<x<12,25<x<50,1
 Private, 9th, Unmarried, Other, Male, Ecuador,35<x<53,274186<x<527198,4<x<8,1<x<25,1
 Local_gov, 1st_4th, Husband, Other, Female, Puerto_Rico,53<x<71,21174<x<274186,1<x<4,50<x<74,1
 Private, Doctorate, Own_child, Black, Female, Jamaica,17<x<35,21174<x<274186,4<x<8,50<x<74,1
 Local_gov, Doctorate, Other_relative, Asian_Pac_Islander, Female, Cambodia,53<x<71,21174<x<274186,8<x<12,25<x<50,1
 Self_emp_inc, Assoc_voc, Not_in_family, White, Male, Taiwan,35<x<53,274186<x<527198,x>12,50<x<74,1
 Self_emp_not_inc, 7th_8th, Own_child, White, Male, Cuba,35<x<53,21174<x<274186,1<x<4,50<x<74,1
 Self_emp_not_inc, HS_grad, Other_relative, Other, Male, Canada,35<x<53,21174<x<274186,4<x<8,50<x<74,1
 Self_emp_not_inc, Bachelors, Not_in_family, Other, Male, Portugal,17<x<35,21174<x<274186,x>12,1<x<25,1
 Private, Preschool, Wife, White, Female, Honduras,17<x<35,21174<x<274186,x>12,50<x<74,1
 Self_emp_inc, 7th_8th, Unmarried, Other, Male, Thailand,53<x<71,21174<x<274186,8<x<12,50<x<74,1
 Private, Masters, Unmarried, Other, Male, Honduras,17<x<35,21174<x<274186,4<x<8,1<x<25,1
 Local_gov, Doctorate, Unmarried, Other, Female, Thailand,53<x<71,274186<x<527198,8<x<12,50<x<74,1
 Local_gov, 12th, Not_in_family, Amer_Indian_Eskimo, Male, England,53<x<71,21174<x<274186,8<x<12,50<x<74,1
 Federal_gov, 1st_4th, Wife, White, Male, Dominican_Republic,53<x<71,21174<x<274186,x<1,25<x<50,1
 Private, 9th, Unmarried, Asian_Pac_Islander, Female, Haiti,x<17,21174<x<274186,8<x<12,1<x<25,1
 Federal_gov, Doctorate, Husband, Other, Female, Haiti,53<x<71,21174<x<274186,1<x<4,1<x<25,1
 Private, 12th, Wife, Black, Male, Cuba,17<x<35,21174<x<274186,1<x<4,1<x<25,1
 Local_gov, Doctorate, Unmarried, Other, Female, South,53<x<71,21174<x<274186,1<x<4,1<x<25,1
 Local_gov, Some_college, Not_in_family, Amer_Indian_Eskimo, Male, Mexico,17<x<35,21174<x<274186,x>12,x>74,1
 State_gov, Prof_school, Unmarried, Amer_Indian_Eskimo, Male, Poland,x>71,21174<x<274186,1<x<4,50<x<74,1
 Self_emp_not_inc, Assoc_acdm, Other_relative, Black, Female, Taiwan,x>71,21174<x<274186,1<x<4,25<x<50,1
 Self_emp_inc, 1st_4th, Husband, White, Female, Yugoslavia,x>71,21174<x<274186,8<x<12,1<x<25,1
 Self_emp_inc, Masters, Wife, Amer_Indian_Eskimo, Male, France,17<x<35,21174<x<274186,4<x<8,1<x<25,1
 Self_emp_not_inc, 11th, Unmarried, Amer_Indian_Eskimo, Male, Dominican_Republic,17<x<35,21174<x<274186,4<x<8,25<x<50,1
 Local_gov, Bachelors, Own_child, Other, Female, Jamaica,35<x<53,274186<x<527198,x>12,1<x<25,1
 State_gov, Doctorate, Unmarried, Asian_Pac_Islander, Male, Italy,x>71,21174<x<274186,4<x<8,x>74,1
 Self_emp_inc, Prof_school, Husband, Black, Male, Poland,53<x<71,21174<x<274186,x<1,25<x<50,1
 Self_emp_not_inc, 12th, Wife, Amer_Indian_Eskimo, Female, Italy,17<x<35,21174<x<274186,1<x<4,25<x<50,1
 Federal_gov, HS_grad, Other_relative, Amer_Indian_Eskimo, Male, Ecuador,35<x<53,274186<x<527198,x>12,25<x<50,1
 Federal_gov, 12th, Not_in_family, Asian_Pac_Islander, Male, Puerto_Rico,53<x<71,274186<x<527198,x<1,1<x<25,1
 State_gov, Assoc_acdm, Wife, Black, Female, Haiti,35<x<53,274186<x<527198,8<x<12,25<x<50,1
 Private, Masters, Wife, White, Female, India,35<x<53,21174<x<274186,4<x<8,25<x<50,1
 Self_emp_not_inc, 11th, Husband, Asian_Pac_Islander, Female, Dominican_Republic,35<x<53,21174<x<274186,4<x<8,25<x<50,1
 Federal_gov, Assoc_acdm, Not_in_family, Black, Male, Haiti,17<x<35,21174<x<274186,8<x<12,1<x<25,1
 Federal_gov, 12th, Wife, Amer_Indian_Eskimo, Male, El_Salvador,17<x<35,21174<x<274186,8<x<12,1<x<25,1
 Private, 1st_4th, Not_in_family, White, Male, Yugoslavia,35<x<53,274186<x<527198,4<x<8,25<x<50,1
 State_gov, Preschool, Husband, Black, Male, Iran,53<x<71,21174<x<274186,x>12,50<x<74,1
 Private, Bachelors, Husband, Other, Male, India,53<x<71,21174<x<274186,x>12,25<x<50,1
 Private, 12th, Other_relative, Amer_Indian_Eskimo, Female, Philippines,17<x<35,21174<x<274186,x>12,25<x<50,1
 Private, 11th, Unmarried, Other, Male, Germany,35<x<53,274186<x<527198,x>12,1<x<25,1
 Self_emp_not_inc, Preschool, Own_child, Amer_Indian_Eskimo, Male, England,53<x<71,21174<x<274186,4<x<8,1<x<25,1
 Federal_gov, Bachelors, Husband, Asian_Pac_Islander, Female, Germany,17<x<35,21174<x<274186,4<x<8,25<x<50,1
 Local_gov, 10th, Husband, Black, Male, South,53<x<71,21174<x<274186,4<x<8,50<x<74,1
 Local_gov, 5th_6th, Own_child, Other, Female, Laos,53<x<71,21174<x<274186,4<x<8,x>74,1
 Self_emp_inc, Preschool, Not_in_family, Other, Female, Germany,35<x<53,274186<x<527198,x>12,1<x<25,1
 Private, 1st_4th, Own_child, Amer_Indian_Eskimo, Male, China,x>71,21174<x<274186,8<x<12,50<x<74,1
 Private, Doctorate, Not_in_family, Asian_Pac_Islander, Male, Jamaica,35<x<53,21174<x<274186,1<x<4,50<x<74,1
 Local_gov, 9th, Unmarried, Amer_Indian_Eskimo, Female, England,35<x<53,21174<x<274186,1<x<4,50<x<74,1
 Self_emp_not_inc, 9th, Unmarried, Asian_Pac_Islander, Female, South,17<x<35,21174<x<274186,1<x<4,1<x<25,1
 Self_emp_inc, Prof_school, Own_child, Asian_Pac_Islander, Female, Jamaica,x>71,21174<x<274186,x>12,1<x<25,1
 Federal_gov, Some_college, Other_relative, Amer_Indian_Eskimo, Female, Canada,17<x<35,21174<x<274186,8<x<12,25<x<50,1
 Federal_gov, 9th, Wife, Black, Male, Columbia,53<x<71,21174<x<274186,1<x<4,50<x<74,1
 Self_emp_not_inc, Assoc_acdm, Not_in_family, Black, Male, El_Salvador,17<x<35,21174<x<274186,4<x<8,1<x<25,1
 Private, 7th_8th, Own_child, Asian_Pac_Islander, Female, Italy,17<x<35,21174<x<274186,1<x<4,25<x<50,1
 Self_emp_not_inc, Some_college, Not_in_family, Other, Female, Honduras,17<x<35,21174<x<274186,8<x<12,25<x<50,1
 Private, Assoc_voc, Own_child, White, Male, Poland,x>71,21174<x<274186,x>12,25<x<50,1
 Federal_gov, Assoc_voc, Other_relative, Amer_Indian_Eskimo, Female, China,35<x<53,274186<x<527198,1<x<4,50<x<74,1
 Local_gov, Assoc_voc, Wife, Asian_Pac_Islander, Female, El_Salvador,17<x<35,21174<x<274186,8<x<12,25<x<50,1
 Self_emp_inc, Masters, Wife, White, Male, Dominican_Republic,53<x<71,21174<x<274186,x<1,25<x<50,1
 State_gov, 7th_8th, Wife, Amer_Indian_Eskimo, Male, Ecuador,53<x<71,21174<x<274186,x>12,1<x<25,1
 State_gov, 5th_6th, Wife, Black, Male, Japan,17<x<35,21174<x<274186,4<x<8,x<1,1
 Self_emp_inc, Assoc_acdm, Not_in_family, White, Male, Philippines,x>71,274186<x<527198,4<x<8,50<x<74,1
 Federal_gov, Prof_school, Husband, Amer_Indian_Eskimo, Female, Italy,53<x<71,21174<x<274186,1<x<4,25<x<50,1
 State_gov, 1st_4th, Husband, Other, Female, Taiwan,35<x<53,21174<x<274186,4<x<8,25<x<50,1
 Self_emp_not_inc, Bachelors, Other_relative, Black, Male, Germany,35<x<53,274186<x<527198,x<1,25<x<50,1
 Private, 11th, Husband, Black, Male, China,x>71,21174<x<274186,x>12,1<x<25,1
 Self_emp_inc, Some_college, Not_in_family, Other, Male, Canada,17<x<35,21174<x<274186,4<x<8,25<x<50,1
 Self_emp_inc, Preschool, Unmarried, Asian_Pac_Islander, Female, Philippines,x>71,21174<x<274186,4<x<8,1<x<25,1
 Self_emp_not_inc, 1st_4th, Own_child, Asian_Pac_Islander, Male, South,53<x<71,21174<x<274186,x>12,50<x<74,1
 Self_emp_not_inc, 1st_4th, Husband, Black, Female, Guatemala,35<x<53,21174<x<274186,1<x<4,25<x<50,1
 State_gov, Assoc_acdm, Not_in_family, Amer_Indian_Eskimo, Male, Haiti,x>71,21174<x<274186,8<x<12,25<x<50,1
 Private, Assoc_voc, Husband, Other, Male, Taiwan,35<x<53,21174<x<274186,x<1,x>74,1
 Private, HS_grad, Other_relative, Black, Female, Guatemala,53<x<71,21174<x<274186,8<x<12,25<x<50,1
 Self_emp_inc, 10th, Unmarried, Asian_Pac_Islander, Male, Columbia,17<x<35,274186<x<527198,8<x<12,50<x<74,1
 Federal_gov, Bachelors, Unmarried, Other, Female, China,53<x<71,21174<x<274186,8<x<12,50<x<74,1
 Local_gov, 10th, Other_relative, White, Female, France,35<x<53,21174<x<274186,x<1,50<x<74,1
 Private, 7th_8th, Own_child, White, Male, Japan,53<x<71,21174<x<274186,x>12,25<x<50,1
 State_gov, Masters, Wife, Other, Female, Iran,17<x<35,274186<x<527198,4<x<8,1<x<25,1
 State_gov, Preschool, Unmarried, White, Male, Germany,35<x<53,21174<x<274186,1<x<4,25<x<50,1
 Local_gov, Assoc_voc, Wife, Asian_Pac_Islander, Male, Laos,35<x<53,21174<x<274186,1<x<4,25<x<50,1
 Self_emp_inc, Doctorate, Own_child, Asian_Pac_Islander, Female, Guatemala,53<x<71,21174<x<274186,1<x<4,1<x<25,1
 Private, 11th, Own_child, Asian_Pac_Islander, Male, Canada,35<x<53,21174<x<274186,8<x<12,1<x<25,1
 Self_emp_inc, 5th_6th, Unmarried, Other, Female, France,53<x<71,21174<x<274186,4<x<8,1<x<25,1
 Private, 9th, Other_relative, White, Male, France,x>71,21174<x<274186,4<x<8,1<x<25,1
 Federal_gov, Assoc_acdm, Wife, Other, Male, Cambodia,x>71,274186<x<527198,x>12,25<x<50,1
 Private, 10th, Other_relative, Other, Female, Japan,x<17,274186<x<527198,1<x<4,50<x<74,1
 State_gov, 11th, Not_in_family, Asian_Pac_Islander, Male, Honduras,17<x<35,21174<x<274186,8<x<12,x>74,1
 Private, 7th_8th, Unmarried, White, Female, Poland,53<x<71,21174<x<274186,x>12,1<x<25,1
 Federal_gov, 12th, Other_relative, Black, Female, El_Salvador,35<x<53,21174<x<274186,x>12,x>74,1
 Local_gov, Assoc_voc, Other_relative, White, Female, Cambodia,17<x<35,21174<x<274186,4<x<8,50<x<74,1
 Private, Masters, Husband, Asian_Pac_Islander, Male, England,17<x<35,21174<x<274186,4<x<8,1<x<25,1
 Self_emp_inc, 7th_8th, Own_child, Asian_Pac_Islander, Female, Iran,35<x<53,21174<x<274186,1<x<4,x>74,1
 State_gov, Bachelors, Wife, Other, Female, Guatemala,35<x<53,21174<x<274186,8<x<12,25<x<50,1
 Federal_gov, Preschool, Unmarried, Black, Male, Haiti,53<x<71,21174<x<274186,8<x<12,25<x<50,1
 Self_emp_inc, 5th_6th, Wife, Other, Male, Jamaica,53<x<71,274186<x<527198,8<x<12,1<x<25,1
 Local_gov, Masters, Wife, Amer_Indian_Eskimo, Female, England,35<x<53,21174<x<274186,x>12,50<x<74,1
 State_gov, Assoc_acdm, Other_relative, Amer_Indian_Eskimo, Female, Guatemala,35<x<53,21174<x<274186,x>12,25<x<50,1
 Local_gov, Assoc_voc, Husband, Asian_Pac_Islander, Female, Guatemala,35<x<53,274186<x<527198,x<1,1<x<25,1
 State_gov, HS_grad, Not_in_family, Black, Female, United_States,53<x<71,21174<x<274186,4<x<8,1<x<25,1
 Local_gov, 12th, Wife, Other, Male, Portugal,53<x<71,21174<x<274186,4<x<8,1<x<25,1
 Federal_gov, 9th, Own_child, White, Female, France,x>71,21174<x<274186,4<x<8,1<x<25,1
 Private, 10th, Other_relative, Other, Male, Jamaica,17<x<35,274186<x<527198,x>12,50<x<74,1
 Self_emp_not_inc, Assoc_voc, Husband, Amer_Indian_Eskimo, Male, Laos,17<x<35,21174<x<274186,x>12,25<x<50,1
 Federal_gov, 11th, Not_in_family, Asian_Pac_Islander, Male, Iran,x>71,21174<x<274186,1<x<4,1<x<25,1
 Self_emp_not_inc, 7th_8th, Wife, Amer_Indian_Eskimo, Male, Portugal,35<x<53,21174<x<274186,4<x<8,25<x<50,1
 Local_gov, 12th, Not_in_family, Asian_Pac_Islander, Female, China,x>71,21174<x<274186,x>12,x>74,1
 Federal_gov, HS_grad, Own_child, Black, Female, Germany,17<x<35,274186<x<527198,x>12,1<x<25,1
 Federal_gov, 9th, Own_child, Black, Male, Haiti,17<x<35,274186<x<527198,x>12,1<x<25,1
 State_gov, 11th, Own_child, Amer_Indian_Eskimo, Female, Italy,35<x<53,274186<x<527198,4<x<8,x<1,1
 Self_emp_inc, Doctorate, Not_in_family, Black, Female, Poland,35<x<53,21174<x<274186,8<x<12,x<1,1
 Federal_gov, Some_college, Husband, Other, Female, Guatemala,17<x<35,274186<x<527198,4<x<8,x<1,1
 State_gov, 1st_4th, Not_in_family, Black, Female, Haiti,x>71,21174<x<274186,4<x<8,1<x<25,1
 Private, Preschool, Wife, Black, Male, England,35<x<53,21174<x<274186,4<x<8,25<x<50,1
 State_gov, 1st_4th, Not_in_family, Other, Male, Philippines,35<x<53,21174<x<274186,4<x<8,25<x<50,1
 Local_gov, Masters, Other_relative, Amer_Indian_Eskimo, Male, Guatemala,17<x<35,274186<x<527198,x>12,25<x<50,1
 Self_emp_not_inc, 11th, Unmarried, Asian_Pac_Islander, Female, Taiwan,x>71,21174<x<274186,8<x<12,25<x<50,1
 Federal_gov, Assoc_voc, Not_in_family, White, Male, Puerto_Rico,35<x<53,274186<x<527198,4<x<8,1<x<25,1
 Local_gov, Doctorate, Husband, Other, Male, England,x>71,21174<x<274186,x>12,50<x<74,1
 Private, 9th, Husband, Asian_Pac_Islander, Female, Japan,53<x<71,21174<x<274186,x<1,25<x<50,1
 Federal_gov, 10th, Own_child, Amer_Indian_Eskimo, Male, Cambodia,53<x<71,21174<x<274186,4<x<8,25<x<50,1
 Self_emp_inc, 5th_6th, Other_relative, Black, Male, India,35<x<53,21174<x<274186,x>12,25<x<50,1
 Self_emp_inc, Prof_school, Other_relative, Other, Male, Honduras,17<x<35,21174<x<274186,1<x<4,50<x<74,1
 Self_emp_inc, Assoc_voc, Husband, Asian_Pac_Islander, Male, Cambodia,53<x<71,21174<x<274186,4<x<8,x>74,1
 Private, Prof_school, Not_in_family, White, Male, Iran,53<x<71,21174<x<274186,x>12,1<x<25,1
 Self_emp_inc, Some_college, Unmarried, Asian_Pac_Islander, Female, France,17<x<35,21174<x<274186,x>12,25<x<50,1
 State_gov, Some_college, Unmarried, White, Female, England,53<x<71,21174<x<274186,x<1,50<x<74,1
 Private, Assoc_voc, Own_child, Amer_Indian_Eskimo, Male, Germany,x>71,21174<x<274186,4<x<8,25<x<50,1
 State_gov, Doctorate, Wife, Amer_Indian_Eskimo, Female, Honduras,17<x<35,21174<x<274186,x>12,50<x<74,1
 Local_gov, Assoc_voc, Wife, Other, Female, Dominican_Republic,17<x<35,274186<x<527198,8<x<12,25<x<50,1
 Self_emp_not_inc, 12th, Not_in_family, Black, Female, Haiti,x>71,21174<x<274186,1<x<4,25<x<50,1
 Private, 7th_8th, Wife, White, Male, Iran,17<x<35,21174<x<274186,1<x<4,50<x<74,1
 Self_emp_not_inc, Some_college, Not_in_family, Other, Male, Italy,17<x<35,274186<x<527198,1<x<4,1<x<25,1
 Self_emp_inc, Some_college, Not_in_family, Asian_Pac_Islander, Male, Cuba,17<x<35,21174<x<274186,1<x<4,1<x<25,1
 Federal_gov, Some_college, Own_child, Other, Female, Portugal,35<x<53,21174<x<274186,4<x<8,x>74,1
 Private, Prof_school, Husband, Other, Male, Jamaica,35<x<53,21174<x<274186,x<1,25<x<50,1
 Self_emp_not_inc, Bachelors, Wife, White, Female, Japan,53<x<71,21174<x<274186,4<x<8,25<x<50,1
 Local_gov, Assoc_acdm, Husband, White, Male, India,x>71,21174<x<274186,x>12,1<x<25,1
 Self_emp_inc, 9th, Own_child, White, Male, Japan,x>71,21174<x<274186,4<x<8,25<x<50,1
 Federal_gov, Assoc_acdm, Husband, White, Female, South,x>71,21174<x<274186,4<x<8,1<x<25,1
 Self_emp_not_inc, 5th_6th, Wife, White, Female, Mexico,x>71,21174<x<274186,x>12,25<x<50,1
 Federal_gov, Some_college, Husband, Asian_Pac_Islander, Female, Columbia,35<x<53,21174<x<274186,4<x<8,1<x<25,1
 Local_gov, 9th, Other_relative, Asian_Pac_Islander, Female, Haiti,53<x<71,21174<x<274186,4<x<8,25<x<50,1
 Self_emp_inc, Bachelors, Unmarried, White, Male, Ecuador,x>71,21174<x<274186,x>12,x>74,1
 Federal_gov, Prof_school, Wife, Amer_Indian_Eskimo, Female, Canada,x>71,21174<x<274186,x>12,1<x<25,1
 State_gov, 1st_4th, Unmarried, Black, Male, Columbia,17<x<35,21174<x<274186,x>12,1<x<25,1
 Federal_gov, HS_grad, Not_in_family, Asian_Pac_Islander, Female, Columbia,35<x<53,274186<x<527198,1<x<4,1<x<25,1
 Self_emp_not_inc, 11th, Husband, Other, Female, Ecuador,17<x<35,21174<x<274186,4<x<8,1<x<25,1
 Self_emp_not_inc, 11th, Own_child, Asian_Pac_Islander, Male, Portugal,17<x<35,21174<x<274186,x>12,1<x<25,1
 Self_emp_not_inc, Assoc_acdm, Unmarried, Amer_Indian_Eskimo, Male, Portugal,35<x<53,21174<x<274186,8<x<12,50<x<74,1
 Private, Bachelors, Wife, Asian_Pac_Islander, Male, Cuba,x>71,527198<x<780210,1<x<4,25<x<50,1
 Local_gov, 5th_6th, Own_child, White, Male, Guatemala,17<x<35,21174<x<274186,x<1,25<x<50,1
 Private, HS_grad, Other_relative, Other, Female, Guatemala,35<x<53,21174<x<274186,8<x<12,x>74,1
 State_gov, Bachelors, Own_child, Black, Male, United_States,53<x<71,21174<x<274186,1<x<4,1<x<25,1
 State_gov, 12th, Other_relative, Black, Male, Taiwan,17<x<35,21174<x<274186,x>12,25<x<50,1
 Private, 10th, Not_in_family, Asian_Pac_Islander, Female, Thailand,35<x<53,x>780210,x>12,x>74,1
 Self_emp_not_inc, Some_college, Unmarried, Asian_Pac_Islander, Male, Portugal,53<x<71,274186<x<527198,1<x<4,25<x<50,1
 Private, 5th_6th, Husband, White, Male, Columbia,35<x<53,274186<x<527198,x<1,25<x<50,1
 Private, 10th, Not_in_family, Other, Male, India,17<x<35,21174<x<274186,4<x<8,50<x<74,1
 Self_emp_not_inc, Some_college, Wife, Amer_Indian_Eskimo, Female, Cambodia,53<x<71,527198<x<780210,8<x<12,1<x<25,1
 Local_gov, Preschool, Other_relative, White, Female, Columbia,x>71,21174<x<274186,x>12,1<x<25,1
 Federal_gov, Assoc_voc, Wife, Black, Male, China,17<x<35,21174<x<274186,x>12,1<x<25,1
 Self_emp_inc, 9th, Own_child, Asian_Pac_Islander, Female, Haiti,35<x<53,527198<x<780210,1<x<4,25<x<50,1
 Private, 7th_8th, Wife, Black, Female, Japan,17<x<35,21174<x<274186,1<x<4,25<x<50,1
 Local_gov, Masters, Unmarried, White, Male, South,53<x<71,21174<x<274186,x>12,1<x<25,1
 Self_emp_inc, 12th, Other_relative, Asian_Pac_Islander, Male, South,53<x<71,21174<x<274186,x>12,x>74,1
 Self_emp_inc, 12th, Unmarried, Amer_Indian_Eskimo, Female, Portugal,35<x<53,21174<x<274186,8<x<12,1<x<25,1
 State_gov, Assoc_voc, Husband, Asian_Pac_Islander, Male, United_States,x>71,21174<x<274186,x>12,1<x<25,0
 State_gov, 9th, Wife, Amer_Indian_Eskimo, Female, Laos,17<x<35,274186<x<527198,1<x<4,1<x<25,1
 Private, 11th, Wife, Asian_Pac_Islander, Female, Mexico,53<x<71,274186<x<527198,8<x<12,25<x<50,1
 State_gov, 5th_6th, Other_relative, White, Male, China,53<x<71,274186<x<527198,x>12,50<x<74,1
 Self_emp_inc, Some_college, Not_in_family, Amer_Indian_Eskimo, Female, Cambodia,35<x<53,21174<x<274186,4<x<8,25<x<50,1
 Federal_gov, 5th_6th, Not_in_family, Amer_Indian_Eskimo, Male, Haiti,35<x<53,21174<x<274186,8<x<12,25<x<50,1
 State_gov, Doctorate, Other_relative, Other, Female, Cambodia,53<x<71,21174<x<274186,1<x<4,1<x<25,1
 State_gov, 1st_4th, Unmarried, Amer_Indian_Eskimo, Female, South,35<x<53,274186<x<527198,x<1,25<x<50,1
 Private, Some_college, Unmarried, Black, Male, Yugoslavia,53<x<71,21174<x<274186,x>12,1<x<25,1
 Federal_gov, 9th, Unmarried, Amer_Indian_Eskimo, Male, China,35<x<53,21174<x<274186,4<x<8,50<x<74,1
 Local_gov, Doctorate, Husband, White, Female, Portugal,53<x<71,21174<x<274186,x>12,50<x<74,0
 Self_emp_inc, Doctorate, Own_child, White, Male, Thailand,x>71,274186<x<527198,x>12,25<x<50,1
 Self_emp_inc, Assoc_voc, Own_child, Asian_Pac_Islander, Male, United_States,35<x<53,21174<x<274186,x<1,1<x<25,1
 Local_gov, 1st_4th, Not_in_family, Other, Male, Philippines,53<x<71,274186<x<527198,8<x<12,1<x<25,1
 Self_emp_inc, 12th, Other_relative, Amer_Indian_Eskimo, Female, Iran,x>71,21174<x<274186,x>12,50<x<74,1
 Local_gov, Preschool, Own_child, Other, Female, Canada,x>71,21174<x<274186,4<x<8,25<x<50,1
 Self_emp_inc, 10th, Own_child, Other, Female, Jamaica,x>71,274186<x<527198,x>12,25<x<50,1
 Local_gov, Masters, Wife, Other, Male, Laos,35<x<53,21174<x<274186,1<x<4,50<x<74,1
 State_gov, Prof_school, Other_relative, Black, Female, Japan,53<x<71,21174<x<274186,8<x<12,1<x<25,1
 Federal_gov, 5th_6th, Husband, Amer_Indian_Eskimo, Female, Laos,35<x<53,21174<x<274186,x>12,1<x<25,1
 Private, Prof_school, Not_in_family, Other, Male, Japan,53<x<71,21174<x<274186,4<x<8,25<x<50,1
 Private, 5th_6th, Other_relative, Amer_Indian_Eskimo, Male, Germany,17<x<35,21174<x<274186,4<x<8,1<x<25,1
 Federal_gov, 1st_4th, Wife, Asian_Pac_Islander, Female, Cambodia,53<x<71,21174<x<274186,4<x<8,x<1,1
 Self_emp_not_inc, Bachelors, Husband, Black, Male, Haiti,35<x<53,21174<x<274186,x>12,1<x<25,1
 State_gov, Masters, Not_in_family, Other, Female, Haiti,17<x<35,274186<x<527198,x>12,25<x<50,1
 State_gov, 7th_8th, Husband, Other, Male, Poland,35<x<53,21174<x<274186,4<x<8,50<x<74,1
 State_gov, 11th, Not_in_family, White, Female, El_Salvador,x>71,274186<x<527198,1<x<4,25<x<50,1
 Self_emp_not_inc, 11th, Not_in_family, Amer_Indian_Eskimo, Male, Jamaica,35<x<53,21174<x<274186,4<x<8,25<x<50,1
 Federal_gov, 12th, Not_in_family, Amer_Indian_Eskimo, Female, England,35<x<53,21174<x<274186,x>12,50<x<74,1
 Federal_gov, 5th_6th, Not_in_family, Black, Male, El_Salvador,35<x<53,21174<x<274186,x<1,1<x<25,1
 Self_emp_inc, 12th, Unmarried, Asian_Pac_Islander, Male, Laos,17<x<35,21174<x<274186,x>12,25<x<50,1
 Local_gov, 1st_4th, Wife, Other, Female, Ecuador,35<x<53,21174<x<274186,1<x<4,25<x<50,1
 State_gov, Some_college, Unmarried, Other, Female, England,x>71,274186<x<527198,x>12,x>74,1
 Private, 12th, Other_relative, White, Male, Iran,17<x<35,21174<x<274186,x>12,50<x<74,1
 Local_gov, 7th_8th, Not_in_family, Asian_Pac_Islander, Female, Mexico,17<x<35,21174<x<274186,8<x<12,x>74,1
 State_gov, 9th, Other_relative, Amer_Indian_Eskimo, Female, Honduras,53<x<71,21174<x<274186,8<x<12,25<x<50,1
 Self_emp_inc, 10th, Unmarried, Black, Male, Ecuador,35<x<53,21174<x<274186,4<x<8,25<x<50,1
 Local_gov, 12th, Own_child, Asian_Pac_Islander, Male, Poland,35<x<53,21174<x<274186,4<x<8,1<x<25,1
 Private, 1st_4th, Husband, Black, Female, Philippines,53<x<71,21174<x<274186,4<x<8,50<x<74,1
 Federal_gov, 12th, Own_child, Other, Female, Germany,17<x<35,21174<x<274186,x>12,25<x<50,1
 Federal_gov, 11th, Unmarried, Amer_Indian_Eskimo, Male, Germany,17<x<35,21174<x<274186,8<x<12,x>74,1
 State_gov, Prof_school, Other_relative, White, Female, Ecuador,x>71,21174<x<274186,1<x<4,x>74,1
 Self_emp_inc, 11th, Not_in_family, Asian_Pac_Islander, Female, Jamaica,17<x<35,21174<x<274186,8<x<12,25<x<50,1
 Self_emp_inc, 9th, Other_relative, Other, Female, England,35<x<53,21174<x<274186,4<x<8,25<x<50,1
 Federal_gov, Assoc_voc, Own_child, Amer_Indian_Eskimo, Male, Guatemala,35<x<53,274186<x<527198,4<x<8,25<x<50,1
 Private, Bachelors, Husband, White, Female, Canada,35<x<53,21174<x<274186,x>12,50<x<74,1
 Federal_gov, Prof_school, Other_relative, White, Female, Dominican_Republic,53<x<71,21174<x<274186,1<x<4,25<x<50,1
 Local_gov, Doctorate, Not_in_family, Amer_Indian_Eskimo, Male, Honduras,53<x<71,21174<x<274186,8<x<12,25<x<50,1
 State_gov, Masters, Wife, Amer_Indian_Eskimo, Female, El_Salvador,17<x<35,274186<x<527198,x>12,1<x<25,1
 Self_emp_inc, Some_college, Husband, White, Female, Cambodia,17<x<35,21174<x<274186,x>12,1<x<25,1
 Self_emp_not_inc, HS_grad, Own_child, Amer_Indian_Eskimo, Female, Honduras,35<x<53,21174<x<274186,1<x<4,25<x<50,1
 Federal_gov, Bachelors, Husband, Asian_Pac_Islander, Male, Iran,17<x<35,21174<x<274186,1<x<4,25<x<50,1
 Self_emp_not_inc, 12th, Other_relative, Other, Male, Poland,17<x<35,21174<x<274186,x>12,25<x<50,1
 Private, 12th, Not_in_family, Asian_Pac_Islander, Male, Iran,53<x<71,21174<x<274186,1<x<4,1<x<25,1
 Private, 1st_4th, Own_child, White, Female, Mexico,53<x<71,21174<x<274186,4<x<8,25<x<50,1
 Federal_gov, 9th, Unmarried, Asian_Pac_Islander, Female, Jamaica,35<x<53,21174<x<274186,8<x<12,50<x<74,1
 Local_gov, 7th_8th, Wife, Asian_Pac_Islander, Male, China,x>71,21174<x<274186,x<1,x<1,1
 State_gov, Preschool, Not_in_family, Asian_Pac_Islander, Male, Italy,35<x<53,21174<x<274186,4<x<8,1<x<25,1
 Local_gov, Doctorate, Own_child, Other, Female, Puerto_Rico,35<x<53,21174<x<274186,x>12,1<x<25,1
 Self_emp_not_inc, Assoc_acdm, Other_relative, Black, Male, Yugoslavia,35<x<53,274186<x<527198,8<x<12,25<x<50,1
 Federal_gov, Preschool, Unmarried, Black, Male, Yugoslavia,35<x<53,274186<x<527198,4<x<8,50<x<74,1
 State_gov, Assoc_acdm, Own_child, Black, Male, Columbia,x>71,21174<x<274186,x>12,x>74,1
 Private, Some_college, Other_relative, Other, Male, Cambodia,17<x<35,21174<x<274186,4<x<8,25<x<50,1
 Local_gov, 5th_6th, Not_in_family, White, Male, Taiwan,53<x<71,21174<x<274186,4<x<8,50<x<74,1
 Self_emp_inc, 7th_8th, Husband, Other, Female, Thailand,17<x<35,21174<x<274186,8<x<12,50<x<74,1
 State_gov, Doctorate, Unmarried, Other, Male, Haiti,35<x<53,21174<x<274186,4<x<8,50<x<74,1
 Private, 12th, Not_in_family, Black, Male, Philippines,35<x<53,21174<x<274186,x<1,25<x<50,1
 Federal_gov, 12th, Own_child, Amer_Indian_Eskimo, Male, Honduras,x<17,274186<x<527198,1<x<4,25<x<50,1
 State_gov, Assoc_voc, Husband, Other, Male, Cambodia,35<x<53,21174<x<274186,8<x<12,1<x<25,1
 State_gov, Masters, Wife, Black, Male, Guatemala,53<x<71,274186<x<527198,4<x<8,25<x<50,1
 State_gov, 10th, Other_relative, Black, Female, United_States,53<x<71,274186<x<527198,8<x<12,1<x<25,1
 State_gov, Assoc_acdm, Unmarried, Amer_Indian_Eskimo, Male, United_States,53<x<71,21174<x<274186,8<x<12,1<x<25,1
 Federal_gov, 5th_6th, Unmarried, Other, Male, Honduras,35<x<53,274186<x<527198,x>12,1<x<25,1
 Self_emp_inc, 1st_4th, Wife, Other, Male, Mexico,53<x<71,21174<x<274186,x>12,x>74,1
 Federal_gov, Assoc_voc, Other_relative, Amer_Indian_Eskimo, Female, Jamaica,53<x<71,274186<x<527198,8<x<12,x<1,1
 Self_emp_inc, Assoc_voc, Not_in_family, Other, Male, Columbia,x>71,21174<x<274186,x>12,1<x<25,1
 State_gov, 9th, Wife, Other, Female, India,53<x<71,21174<x<274186,x>12,1<x<25,1
 Self_emp_inc, Assoc_voc, Unmarried, White, Male, England,x>71,21174<x<274186,4<x<8,1<x<25,1
 Private, 1st_4th, Wife, Black, Male, Mexico,17<x<35,21174<x<274186,4<x<8,1<x<25,1
 Local_gov, 12th, Unmarried, White, Male, Japan,17<x<35,21174<x<274186,x>12,25<x<50,1
 Self_emp_not_inc, Bachelors, Other_relative, White, Female, Poland,53<x<71,21174<x<274186,1<x<4,1<x<25,1
 Private, Prof_school, Own_child, White, Male, Columbia,35<x<53,21174<x<274186,1<x<4,1<x<25,1
 State_gov, 9th, Not_in_family, Other, Female, Japan,35<x<53,21174<x<274186,x<1,25<x<50,1
 Private, Preschool, Own_child, Black, Male, Iran,53<x<71,21174<x<274186,4<x<8,x>74,1
 State_gov, Some_college, Not_in_family, Black, Female, Honduras,17<x<35,21174<x<274186,8<x<12,50<x<74,1
 Federal_gov, Some_college, Unmarried, Other, Female, South,35<x<53,21174<x<274186,4<x<8,1<x<25,1
 Self_emp_inc, Assoc_voc, Husband, White, Male, France,17<x<35,21174<x<274186,4<x<8,x>74,1
 Self_emp_not_inc, 10th, Husband, Black, Male, Jamaica,53<x<71,21174<x<274186,4<x<8,1<x<25,1
 Private, 7th_8th, Wife, Asian_Pac_Islander, Male, Philippines,17<x<35,274186<x<527198,8<x<12,1<x<25,1
 Local_gov, 12th, Not_in_family, Other, Male, Guatemala,x>71,21174<x<274186,x>12,1<x<25,1
 Self_emp_inc, Bachelors, Wife, Black, Female, Mexico,17<x<35,274186<x<527198,4<x<8,50<x<74,1
 Private, 7th_8th, Own_child, Asian_Pac_Islander, Female, El_Salvador,17<x<35,21174<x<274186,4<x<8,25<x<50,1
 Self_emp_not_inc, Assoc_acdm, Husband, White, Male, El_Salvador,53<x<71,21174<x<274186,4<x<8,25<x<50,1
 Federal_gov, 7th_8th, Own_child, Amer_Indian_Eskimo, Female, India,53<x<71,21174<x<274186,8<x<12,25<x<50,1
 Self_emp_not_inc, 1st_4th, Husband, White, Male, United_States,17<x<35,21174<x<274186,8<x<12,1<x<25,1
 Federal_gov, Preschool, Not_in_family, White, Male, Iran,17<x<35,21174<x<274186,4<x<8,25<x<50,1
 Self_emp_inc, 11th, Wife, White, Male, Laos,35<x<53,21174<x<274186,x>12,25<x<50,1
 Self_emp_inc, HS_grad, Husband, Black, Male, Cuba,53<x<71,21174<x<274186,1<x<4,25<x<50,1
 Self_emp_not_inc, Assoc_voc, Own_child, Amer_Indian_Eskimo, Male, India,17<x<35,21174<x<274186,x>12,25<x<50,1
 Local_gov, Doctorate, Wife, White, Male, India,35<x<53,21174<x<274186,4<x<8,25<x<50,1
 Local_gov, 12th, Not_in_family, White, Male, China,35<x<53,274186<x<527198,8<x<12,x>74,1
 Local_gov, Prof_school, Own_child, Amer_Indian_Eskimo, Female, Dominican_Republic,17<x<35,21174<x<274186,8<x<12,1<x<25,1
 Private, 11th, Not_in_family, Amer_Indian_Eskimo, Female, Cambodia,17<x<35,21174<x<274186,x<1,x>74,1
 Federal_gov, 11th, Other_relative, Black, Female, Taiwan,53<x<71,21174<x<274186,4<x<8,50<x<74,1
 Local_gov, 7th_8th, Other_relative, White, Male, South,53<x<71,21174<x<274186,4<x<8,1<x<25,1
 Self_emp_not_inc, 9th, Other_relative, Amer_Indian_Eskimo, Female, Iran,35<x<53,21174<x<274186,1<x<4,25<x<50,1
 Self_emp_inc, Bachelors, Unmarried, Amer_Indian_Eskimo, Male, Portugal,53<x<71,21174<x<274186,8<x<12,1<x<25,1
 Private, 11th, Wife, Asian_Pac_Islander, Female, Yugoslavia,x>71,274186<x<527198,x>12,1<x<25,1
 State_gov, 5th_6th, Wife, Black, Male, Taiwan,x>71,21174<x<274186,4<x<8,25<x<50,1
 Private, 10th, Unmarried, Amer_Indian_Eskimo, Female, India,53<x<71,274186<x<527198,4<x<8,25<x<50,1
 Private, HS_grad, Other_relative, Amer_Indian_Eskimo, Female, Germany,53<x<71,274186<x<527198,x>12,50<x<74,1
 State_gov, 5th_6th, Unmarried, Black, Female, India,17<x<35,274186<x<527198,8<x<12,25<x<50,1
 Self_emp_inc, Bachelors, Own_child, Black, Female, Mexico,17<x<35,21174<x<274186,8<x<12,25<x<50,1
 Local_gov, Bachelors, Unmarried, White, Male, South,17<x<35,21174<x<274186,1<x<4,25<x<50,1
 Federal_gov, 5th_6th, Unmarried, Asian_Pac_Islander, Male, Columbia,53<x<71,21174<x<274186,1<x<4,50<x<74,1
 Local_gov, 5th_6th, Husband, Asian_Pac_Islander, Female, Japan,35<x<53,21174<x<274186,4<x<8,1<x<25,1
 Private, Doctorate, Other_relative, Amer_Indian_Eskimo, Female, El_Salvador,x>71,21174<x<274186,8<x<12,25<x<50,1
 Local_gov, 5th_6th, Unmarried, Other, Male, Canada,x>71,21174<x<274186,8<x<12,50<x<74,1
 Local_gov, Doctorate, Own_child, Asian_Pac_Islander, Female, Philippines,x>71,21174<x<274186,1<x<4,1<x<25,1
 State_gov, Assoc_voc, Unmarried, Black, Female, Honduras,53<x<71,274186<x<527198,4<x<8,25<x<50,1
 Private, 12th, Other_relative, Amer_Indian_Eskimo, Female, Puerto_Rico,17<x<35,21174<x<274186,x>12,50<x<74,1
 Federal_gov, 11th, Other_relative, Black, Female, Laos,35<x<53,21174<x<274186,8<x<12,25<x<50,1
 Federal_gov, Bachelors, Unmarried, Asian_Pac_Islander, Female, Cambodia,x>71,21174<x<274186,4<x<8,25<x<50,1
 Local_gov, 11th, Not_in_family, Amer_Indian_Eskimo, Female, Japan,35<x<53,274186<x<527198,4<x<8,50<x<74,1
 State_gov, Preschool, Unmarried, Asian_Pac_Islander, Male, Taiwan,53<x<71,21174<x<274186,1<x<4,25<x<50,1
 Private, 10th, Not_in_family, Asian_Pac_Islander, Male, India,x<17,21174<x<274186,8<x<12,1<x<25,1
 Federal_gov, 7th_8th, Husband, Other, Male, South,53<x<71,21174<x<274186,4<x<8,25<x<50,1
