marriage,sex,age,job,housing,savings_status,checking_status,credit_amount,duration,purpose,class
single,male,67,skilled,own,no known savings,<0,1169,6,radio/tv,1
div/dep/mar,female,22,skilled,own,<100,0<=X<200,5951,48,radio/tv,0
single,male,49,unskilled resident,own,<100,no checking,2096,12,education,1
single,male,45,skilled,for free,<100,<0,7882,42,furniture/equipment,1
single,male,53,skilled,for free,<100,<0,4870,24,new car,0
single,male,35,unskilled resident,for free,no known savings,no checking,9055,36,education,1
single,male,53,skilled,own,500<=X<1000,no checking,2835,24,furniture/equipment,1
single,male,35,high qualif/self emp/mgmt,rent,<100,0<=X<200,6948,36,used car,1
div/sep,male,61,unskilled resident,own,>=1000,no checking,3059,12,radio/tv,1
mar/wid,male,28,high qualif/self emp/mgmt,own,<100,0<=X<200,5234,30,new car,0
div/dep/mar,female,25,skilled,rent,<100,0<=X<200,1295,12,new car,0
div/dep/mar,female,24,skilled,rent,<100,<0,4308,48,business,0
div/dep/mar,female,22,skilled,own,<100,0<=X<200,1567,12,radio/tv,1
single,male,60,unskilled resident,own,<100,<0,1199,24,new car,0
div/dep/mar,female,28,skilled,rent,<100,<0,1403,15,new car,1
div/dep/mar,female,32,unskilled resident,own,100<=X<500,<0,1282,24,radio/tv,0
single,male,53,skilled,own,no known savings,no checking,2424,24,radio/tv,1
single,male,25,skilled,own,no known savings,<0,8072,30,business,1
div/dep/mar,female,44,high qualif/self emp/mgmt,for free,<100,0<=X<200,12579,24,used car,0
single,male,31,skilled,own,500<=X<1000,no checking,3430,24,radio/tv,1
single,male,48,skilled,own,<100,no checking,2134,9,new car,1
single,male,44,skilled,rent,500<=X<1000,<0,2647,6,radio/tv,1
single,male,48,unskilled resident,rent,<100,<0,2241,10,new car,1
single,male,44,skilled,own,100<=X<500,0<=X<200,1804,12,used car,1
mar/wid,male,26,skilled,own,no known savings,no checking,2069,10,furniture/equipment,1
single,male,36,unskilled resident,own,<100,<0,1374,6,furniture/equipment,1
mar/wid,male,39,unskilled resident,own,<100,no checking,426,6,radio/tv,1
div/dep/mar,female,42,skilled,rent,>=1000,>=200,409,12,radio/tv,1
single,male,34,skilled,own,<100,0<=X<200,2415,7,radio/tv,1
single,male,63,skilled,own,<100,<0,6836,60,business,0
mar/wid,male,36,skilled,own,>=1000,0<=X<200,1913,18,business,1
single,male,27,skilled,own,<100,<0,4020,24,furniture/equipment,1
single,male,30,skilled,own,100<=X<500,0<=X<200,5866,18,new car,1
single,male,57,unskilled resident,rent,no known savings,no checking,1264,12,business,1
div/dep/mar,female,33,high qualif/self emp/mgmt,own,<100,>=200,1474,12,furniture/equipment,1
single,male,25,unskilled resident,own,<100,0<=X<200,4746,45,radio/tv,0
single,male,31,skilled,for free,<100,no checking,6110,48,education,1
single,male,37,skilled,own,<100,>=200,2100,18,radio/tv,0
single,male,37,skilled,own,<100,>=200,1225,10,domestic appliance,1
single,male,24,skilled,own,<100,0<=X<200,458,9,radio/tv,1
single,male,30,high qualif/self emp/mgmt,own,500<=X<1000,no checking,2333,30,radio/tv,1
div/sep,male,26,skilled,own,500<=X<1000,0<=X<200,1158,12,radio/tv,1
single,male,44,unskilled resident,own,<100,0<=X<200,6204,18,repairs,1
mar/wid,male,24,skilled,rent,100<=X<500,<0,6187,30,used car,1
div/dep/mar,female,58,unskilled resident,for free,<100,<0,6143,48,used car,0
div/dep/mar,female,35,high qualif/self emp/mgmt,own,<100,no checking,1393,11,new car,1
single,male,39,skilled,own,500<=X<1000,no checking,2299,36,radio/tv,1
div/dep/mar,female,23,unemp/unskilled non res,rent,500<=X<1000,<0,1352,6,used car,1
single,male,39,unskilled resident,own,<100,no checking,7228,11,new car,1
div/dep/mar,female,28,skilled,own,100<=X<500,no checking,2073,12,radio/tv,1
single,male,29,unskilled resident,own,no known savings,0<=X<200,2333,24,furniture/equipment,1
single,male,30,high qualif/self emp/mgmt,own,<100,0<=X<200,5965,27,used car,1
single,male,25,skilled,own,<100,no checking,1262,12,radio/tv,1
single,male,31,skilled,own,no known savings,no checking,3378,18,used car,1
single,male,57,skilled,for free,<100,0<=X<200,2225,36,new car,0
single,male,26,unskilled resident,own,no known savings,no checking,783,6,new car,1
single,male,52,high qualif/self emp/mgmt,own,no known savings,0<=X<200,6468,12,radio/tv,0
div/dep/mar,female,31,skilled,own,<100,no checking,9566,36,radio/tv,1
div/dep/mar,female,23,high qualif/self emp/mgmt,own,<100,>=200,1961,18,new car,1
div/dep/mar,female,23,unskilled resident,rent,<100,<0,6229,36,furniture/equipment,0
mar/wid,male,27,skilled,own,<100,0<=X<200,1391,9,business,1
single,male,50,skilled,own,no known savings,0<=X<200,1537,15,radio/tv,1
single,male,61,high qualif/self emp/mgmt,for free,<100,0<=X<200,1953,36,business,0
single,male,25,skilled,own,<100,0<=X<200,14421,48,business,0
div/dep/mar,female,26,skilled,own,<100,no checking,3181,24,radio/tv,1
single,male,48,skilled,own,no known savings,no checking,5190,27,repairs,1
div/dep/mar,female,29,skilled,own,<100,no checking,2171,12,radio/tv,1
mar/wid,male,22,skilled,own,>=1000,0<=X<200,1007,12,new car,1
single,male,37,skilled,for free,<100,no checking,1819,36,education,0
div/dep/mar,female,25,skilled,own,no known savings,no checking,2394,36,radio/tv,1
div/dep/mar,female,30,skilled,own,<100,no checking,8133,36,used car,1
single,male,46,unskilled resident,rent,no known savings,no checking,730,7,radio/tv,1
single,male,51,high qualif/self emp/mgmt,for free,<100,<0,1164,8,other,1
div/dep/mar,female,41,unskilled resident,own,<100,0<=X<200,5954,42,business,1
single,male,40,high qualif/self emp/mgmt,own,no known savings,<0,1977,36,education,0
single,male,66,high qualif/self emp/mgmt,for free,<100,<0,1526,12,used car,1
single,male,34,skilled,own,<100,<0,3965,42,radio/tv,0
single,male,51,skilled,own,<100,0<=X<200,4771,11,radio/tv,1
single,male,39,unskilled resident,own,no known savings,no checking,9436,54,used car,1
mar/wid,male,22,skilled,own,<100,0<=X<200,3832,30,furniture/equipment,1
div/dep/mar,female,44,skilled,own,no known savings,no checking,5943,24,radio/tv,0
single,male,47,skilled,own,500<=X<1000,no checking,1213,15,radio/tv,1
div/dep/mar,female,24,unskilled resident,rent,100<=X<500,no checking,1568,18,business,1
div/dep/mar,female,58,unskilled resident,own,<100,<0,1755,24,other,1
single,male,52,unskilled resident,own,<100,<0,2315,10,radio/tv,1
div/dep/mar,female,29,high qualif/self emp/mgmt,own,<100,no checking,1412,12,business,1
div/dep/mar,female,27,skilled,own,<100,0<=X<200,1295,18,furniture/equipment,1
single,male,47,skilled,for free,100<=X<500,0<=X<200,12612,36,education,0
single,male,30,high qualif/self emp/mgmt,own,100<=X<500,<0,2249,18,new car,1
single,male,28,skilled,own,<100,<0,1108,12,repairs,0
single,male,56,skilled,own,<100,no checking,618,12,radio/tv,1
single,male,54,skilled,own,<100,<0,1409,12,used car,1
div/dep/mar,female,33,unskilled resident,own,no known savings,no checking,797,12,radio/tv,0
single,male,20,skilled,rent,no known savings,>=200,3617,24,furniture/equipment,1
single,male,54,skilled,own,>=1000,0<=X<200,1318,12,new car,1
single,male,58,skilled,rent,<100,0<=X<200,15945,54,business,0
div/dep/mar,female,61,skilled,own,no known savings,no checking,2012,12,education,1
single,male,34,skilled,own,100<=X<500,0<=X<200,2622,18,business,1
single,male,36,skilled,own,<100,0<=X<200,2337,36,radio/tv,1
single,male,36,high qualif/self emp/mgmt,rent,no known savings,0<=X<200,7057,20,used car,1
mar/wid,male,41,unskilled resident,rent,100<=X<500,no checking,1469,24,new car,1
single,male,24,skilled,rent,<100,0<=X<200,2323,36,radio/tv,1
div/dep/mar,female,24,skilled,own,<100,no checking,932,6,radio/tv,1
single,male,35,skilled,rent,<100,0<=X<200,1919,9,furniture/equipment,1
mar/wid,male,26,skilled,rent,no known savings,no checking,2445,12,used car,1
single,male,39,high qualif/self emp/mgmt,own,<100,0<=X<200,11938,24,other,0
single,male,39,high qualif/self emp/mgmt,own,<100,no checking,6458,18,new car,0
single,male,32,skilled,own,<100,0<=X<200,6078,12,new car,1
div/dep/mar,female,30,skilled,own,no known savings,<0,7721,24,furniture/equipment,1
mar/wid,male,35,skilled,own,500<=X<1000,0<=X<200,1410,14,business,1
div/sep,male,31,skilled,own,100<=X<500,0<=X<200,1449,6,business,1
div/dep/mar,female,23,skilled,rent,<100,>=200,392,15,education,1
single,male,28,unskilled resident,rent,<100,0<=X<200,6260,18,new car,1
div/dep/mar,female,25,skilled,own,<100,no checking,7855,36,new car,0
mar/wid,male,35,skilled,own,500<=X<1000,<0,1680,12,radio/tv,1
single,male,47,skilled,own,no known savings,no checking,3578,48,radio/tv,1
div/dep/mar,female,30,high qualif/self emp/mgmt,own,no known savings,<0,7174,42,radio/tv,0
div/dep/mar,female,27,skilled,rent,no known savings,<0,2132,10,furniture/equipment,1
div/dep/mar,female,23,skilled,own,500<=X<1000,<0,4281,33,furniture/equipment,0
div/sep,male,36,high qualif/self emp/mgmt,own,500<=X<1000,0<=X<200,2366,12,new car,1
div/dep/mar,female,25,skilled,own,<100,<0,1835,21,radio/tv,0
div/dep/mar,female,41,high qualif/self emp/mgmt,rent,<100,no checking,3868,24,used car,1
single,male,24,unskilled resident,rent,<100,no checking,1768,12,furniture/equipment,1
single,male,63,skilled,for free,<100,>=200,781,10,new car,1
div/dep/mar,female,27,skilled,rent,no known savings,0<=X<200,1924,18,furniture/equipment,0
single,male,30,skilled,own,<100,<0,2121,12,new car,1
mar/wid,male,40,unskilled resident,own,<100,<0,701,12,radio/tv,1
single,male,30,skilled,own,<100,0<=X<200,639,12,repairs,0
single,male,34,high qualif/self emp/mgmt,own,<100,0<=X<200,1860,12,used car,1
div/dep/mar,female,29,skilled,own,<100,<0,3499,12,new car,0
div/dep/mar,female,24,skilled,own,no known savings,0<=X<200,8487,48,new car,1
single,male,29,skilled,own,<100,<0,6887,36,education,0
single,male,27,unskilled resident,own,<100,no checking,2708,15,furniture/equipment,1
single,male,47,skilled,for free,<100,no checking,1984,18,furniture/equipment,1
div/dep/mar,female,21,skilled,own,100<=X<500,no checking,10144,60,radio/tv,1
div/dep/mar,female,38,skilled,own,no known savings,no checking,1240,12,radio/tv,1
single,male,27,skilled,own,>=1000,no checking,8613,27,used car,1
single,male,66,unskilled resident,own,500<=X<1000,0<=X<200,766,12,radio/tv,0
single,male,35,skilled,own,no known savings,0<=X<200,2728,15,radio/tv,1
div/dep/mar,female,44,unskilled resident,rent,<100,>=200,1881,12,radio/tv,1
mar/wid,male,27,unemp/unskilled non res,own,>=1000,>=200,709,6,new car,1
div/dep/mar,female,30,high qualif/self emp/mgmt,own,<100,0<=X<200,4795,36,radio/tv,1
single,male,27,high qualif/self emp/mgmt,own,<100,<0,3416,27,radio/tv,1
single,male,22,skilled,own,<100,<0,2462,18,furniture/equipment,0
div/dep/mar,female,23,skilled,own,<100,no checking,2288,21,furniture/equipment,1
single,male,30,skilled,own,100<=X<500,0<=X<200,3566,48,business,1
div/dep/mar,female,39,skilled,own,<100,<0,860,6,new car,1
div/dep/mar,female,51,skilled,own,100<=X<500,no checking,682,12,new car,1
single,male,28,skilled,own,<100,<0,5371,36,furniture/equipment,1
single,male,46,skilled,own,>=1000,no checking,1582,18,radio/tv,1
single,male,42,skilled,for free,100<=X<500,no checking,1346,6,radio/tv,1
single,male,38,skilled,own,<100,no checking,1924,10,radio/tv,1
single,male,24,skilled,own,<100,>=200,5848,36,radio/tv,1
div/dep/mar,female,29,skilled,rent,>=1000,0<=X<200,7758,24,used car,1
single,male,36,high qualif/self emp/mgmt,rent,100<=X<500,0<=X<200,6967,24,business,1
div/dep/mar,female,20,skilled,rent,<100,<0,1282,12,furniture/equipment,0
single,male,48,skilled,own,100<=X<500,<0,1288,9,repairs,1
mar/wid,male,45,unskilled resident,own,<100,<0,339,12,retraining,1
single,male,38,skilled,own,100<=X<500,0<=X<200,3512,24,new car,1
single,male,34,unskilled resident,own,no known savings,no checking,1898,6,radio/tv,1
single,male,36,skilled,own,100<=X<500,no checking,2872,24,radio/tv,1
div/dep/mar,female,30,skilled,own,<100,no checking,1055,18,new car,1
single,male,36,skilled,own,500<=X<1000,no checking,1262,15,domestic appliance,1
single,male,70,high qualif/self emp/mgmt,for free,<100,0<=X<200,7308,10,new car,1
single,male,36,skilled,own,500<=X<1000,no checking,909,36,new car,1
single,male,32,skilled,own,500<=X<1000,no checking,2978,6,furniture/equipment,1
div/dep/mar,female,33,skilled,own,<100,<0,1131,18,furniture/equipment,0
div/dep/mar,female,20,skilled,own,>=1000,0<=X<200,1577,11,furniture/equipment,1
div/dep/mar,female,25,skilled,rent,<100,no checking,3972,24,furniture/equipment,1
div/sep,male,31,skilled,own,<100,0<=X<200,1935,24,business,0
single,male,33,skilled,rent,<100,<0,950,15,new car,0
div/dep/mar,female,26,skilled,own,<100,no checking,763,12,furniture/equipment,1
div/dep/mar,female,34,high qualif/self emp/mgmt,own,<100,0<=X<200,2064,24,furniture/equipment,0
single,male,33,skilled,own,<100,0<=X<200,1414,8,radio/tv,1
single,male,26,skilled,own,<100,<0,3414,21,education,0
div/dep/mar,female,53,high qualif/self emp/mgmt,own,no known savings,no checking,7485,30,used car,0
div/sep,male,42,skilled,own,<100,<0,2577,12,furniture/equipment,1
single,male,52,skilled,own,500<=X<1000,<0,338,6,radio/tv,1
single,male,31,high qualif/self emp/mgmt,rent,<100,no checking,1963,12,radio/tv,1
single,male,65,skilled,own,<100,<0,571,21,new car,1
div/sep,male,28,skilled,own,<100,no checking,9572,36,business,0
div/sep,male,30,high qualif/self emp/mgmt,own,<100,0<=X<200,4455,36,business,0
single,male,40,unskilled resident,own,no known savings,<0,1647,21,new car,0
single,male,50,skilled,own,>=1000,no checking,3777,24,furniture/equipment,1
single,male,36,skilled,own,<100,0<=X<200,884,18,new car,0
single,male,31,skilled,own,<100,no checking,1360,15,radio/tv,1
div/dep/mar,female,74,high qualif/self emp/mgmt,for free,<100,0<=X<200,5129,9,used car,0
single,male,68,unemp/unskilled non res,for free,<100,0<=X<200,1175,16,new car,1
mar/wid,male,20,skilled,own,100<=X<500,<0,674,12,radio/tv,0
div/dep/mar,female,33,skilled,own,<100,0<=X<200,3244,18,furniture/equipment,1
single,male,54,high qualif/self emp/mgmt,own,>=1000,no checking,4591,24,business,0
single,male,34,unskilled resident,for free,100<=X<500,0<=X<200,3844,48,business,0
single,male,36,skilled,own,<100,0<=X<200,3915,27,business,0
mar/wid,male,29,skilled,rent,<100,no checking,2108,6,radio/tv,1
single,male,21,skilled,rent,100<=X<500,0<=X<200,3031,45,radio/tv,0
div/dep/mar,female,34,high qualif/self emp/mgmt,own,<100,0<=X<200,1501,9,education,0
div/dep/mar,female,28,skilled,own,<100,no checking,1382,6,radio/tv,1
div/dep/mar,female,27,skilled,rent,100<=X<500,0<=X<200,951,12,furniture/equipment,0
single,male,36,skilled,for free,no known savings,0<=X<200,2760,24,used car,1
div/sep,male,40,high qualif/self emp/mgmt,own,<100,0<=X<200,4297,18,furniture/equipment,0
single,male,52,skilled,own,500<=X<1000,no checking,936,9,education,1
mar/wid,male,27,unskilled resident,own,<100,<0,1168,12,new car,1
single,male,26,skilled,own,<100,no checking,5117,27,business,1
mar/wid,male,21,skilled,rent,<100,<0,902,12,retraining,0
single,male,38,unskilled resident,own,<100,no checking,1495,12,new car,1
single,male,38,high qualif/self emp/mgmt,for free,<100,<0,10623,30,used car,1
single,male,43,skilled,own,<100,no checking,1935,12,furniture/equipment,1
single,male,26,skilled,own,<100,0<=X<200,1424,12,domestic appliance,1
mar/wid,male,21,unskilled resident,own,<100,<0,6568,24,business,1
single,male,55,skilled,own,>=1000,no checking,1413,12,used car,1
single,male,33,skilled,own,no known savings,no checking,3074,9,radio/tv,1
div/dep/mar,female,45,unskilled resident,own,no known savings,no checking,3835,36,radio/tv,1
single,male,50,skilled,own,<100,<0,5293,27,business,0
single,male,66,high qualif/self emp/mgmt,own,<100,>=200,1908,30,business,0
single,male,51,skilled,own,no known savings,no checking,3342,36,radio/tv,1
div/dep/mar,female,39,unskilled resident,own,no known savings,0<=X<200,932,6,retraining,1
single,male,31,skilled,own,<100,<0,3104,18,business,1
single,male,23,skilled,own,<100,>=200,3913,36,radio/tv,1
div/sep,male,24,unskilled resident,rent,<100,<0,3021,24,furniture/equipment,1
div/dep/mar,female,64,skilled,own,<100,no checking,1364,10,new car,1
mar/wid,male,26,unskilled resident,own,<100,0<=X<200,625,12,radio/tv,1
div/dep/mar,female,23,skilled,rent,no known savings,<0,1200,12,education,1
single,male,30,skilled,own,<100,no checking,707,12,radio/tv,1
single,male,32,skilled,own,no known savings,no checking,2978,24,business,1
single,male,30,skilled,own,<100,no checking,4657,15,used car,1
single,male,27,skilled,own,<100,no checking,2613,36,repairs,1
single,male,27,skilled,own,>=1000,0<=X<200,10961,48,radio/tv,0
single,male,53,high qualif/self emp/mgmt,for free,<100,<0,7865,12,furniture/equipment,0
single,male,22,skilled,own,<100,no checking,1478,9,radio/tv,0
single,male,22,skilled,for free,<100,<0,3149,24,furniture/equipment,1
single,male,26,skilled,own,<100,>=200,4210,36,radio/tv,0
single,male,51,unskilled resident,for free,500<=X<1000,no checking,2507,9,new car,1
single,male,35,skilled,own,100<=X<500,no checking,2141,12,radio/tv,1
mar/wid,male,25,unskilled resident,own,<100,0<=X<200,866,18,radio/tv,1
single,male,42,unskilled resident,own,<100,no checking,1544,4,radio/tv,1
single,male,30,high qualif/self emp/mgmt,own,<100,<0,1823,24,radio/tv,0
single,male,23,unemp/unskilled non res,own,no known savings,0<=X<200,14555,6,new car,0
div/sep,male,61,unskilled resident,rent,100<=X<500,0<=X<200,2767,21,business,0
div/dep/mar,female,35,skilled,own,<100,no checking,1291,12,radio/tv,1
single,male,39,skilled,own,<100,<0,2522,30,radio/tv,1
div/dep/mar,female,29,skilled,own,no known savings,<0,915,24,new car,0
single,male,51,skilled,own,<100,no checking,1595,6,radio/tv,1
single,male,24,skilled,for free,<100,<0,4605,48,used car,0
div/dep/mar,female,27,skilled,own,<100,no checking,1185,12,business,1
div/dep/mar,female,35,unskilled resident,own,500<=X<1000,no checking,3447,12,retraining,1
single,male,25,skilled,own,<100,no checking,1258,24,business,1
single,male,52,skilled,own,<100,no checking,717,12,radio/tv,1
single,male,35,skilled,rent,100<=X<500,no checking,1204,6,new car,1
single,male,26,skilled,own,<100,>=200,1925,24,furniture/equipment,1
div/dep/mar,female,22,skilled,rent,<100,no checking,433,18,radio/tv,0
div/dep/mar,female,39,unskilled resident,own,>=1000,<0,666,6,new car,1
div/dep/mar,female,46,unskilled resident,own,<100,>=200,2251,12,furniture/equipment,1
div/dep/mar,female,24,skilled,own,<100,0<=X<200,2150,30,new car,0
single,male,35,skilled,own,100<=X<500,no checking,4151,24,furniture/equipment,1
single,male,24,skilled,own,no known savings,0<=X<200,2030,9,furniture/equipment,1
single,male,27,unskilled resident,own,no known savings,0<=X<200,7418,60,radio/tv,1
single,male,35,unskilled resident,own,<100,no checking,2684,24,radio/tv,1
div/sep,male,29,skilled,for free,<100,<0,2149,12,radio/tv,0
div/dep/mar,female,23,skilled,own,100<=X<500,no checking,3812,15,used car,1
div/dep/mar,female,57,unskilled resident,own,100<=X<500,no checking,1154,11,radio/tv,1
single,male,27,skilled,own,<100,<0,1657,12,furniture/equipment,1
div/dep/mar,female,55,skilled,own,<100,<0,1603,24,radio/tv,1
single,male,36,high qualif/self emp/mgmt,for free,<100,<0,5302,18,new car,1
div/dep/mar,female,57,unskilled resident,for free,<100,no checking,2748,12,education,1
single,male,32,unskilled resident,own,<100,no checking,1231,10,new car,1
single,male,37,skilled,own,<100,0<=X<200,802,15,radio/tv,0
single,male,36,skilled,own,no known savings,no checking,6304,36,business,1
div/dep/mar,female,38,skilled,own,<100,no checking,1533,24,radio/tv,1
div/sep,male,45,high qualif/self emp/mgmt,own,<100,<0,8978,14,new car,0
single,male,25,skilled,own,no known savings,no checking,999,24,radio/tv,1
single,male,32,skilled,own,no known savings,no checking,2662,18,new car,1
div/dep/mar,female,37,skilled,rent,500<=X<1000,no checking,1402,12,furniture/equipment,1
single,male,36,high qualif/self emp/mgmt,for free,no known savings,0<=X<200,12169,48,new car,1
single,male,28,skilled,own,<100,0<=X<200,3060,48,radio/tv,0
div/sep,male,34,unskilled resident,own,<100,<0,11998,30,repairs,0
single,male,32,skilled,own,<100,no checking,2697,9,radio/tv,1
div/dep/mar,female,26,skilled,own,<100,no checking,2404,18,radio/tv,1
div/sep,male,49,unskilled resident,own,no known savings,<0,1262,12,furniture/equipment,1
div/dep/mar,female,32,skilled,own,<100,no checking,4611,6,furniture/equipment,0
single,male,29,high qualif/self emp/mgmt,rent,100<=X<500,no checking,1901,24,radio/tv,1
single,male,23,skilled,rent,>=1000,no checking,3368,15,used car,1
single,male,50,skilled,own,<100,no checking,1574,12,furniture/equipment,1
single,male,49,unskilled resident,own,no known savings,>=200,1445,18,radio/tv,1
single,male,63,skilled,own,no known savings,no checking,1520,15,furniture/equipment,1
div/sep,male,37,skilled,own,100<=X<500,0<=X<200,3878,24,new car,1
div/dep/mar,female,35,unskilled resident,own,<100,<0,10722,47,new car,1
single,male,26,skilled,own,<100,<0,4788,48,used car,1
single,male,31,high qualif/self emp/mgmt,for free,100<=X<500,0<=X<200,7582,48,other,1
div/dep/mar,female,49,skilled,own,<100,0<=X<200,1092,12,radio/tv,1
mar/wid,male,48,skilled,own,<100,<0,1024,24,radio/tv,0
mar/wid,male,26,skilled,own,<100,no checking,1076,12,business,1
mar/wid,male,28,high qualif/self emp/mgmt,rent,<100,0<=X<200,9398,36,used car,0
div/dep/mar,female,44,high qualif/self emp/mgmt,for free,<100,<0,6419,24,used car,1
single,male,56,skilled,for free,<100,>=200,4796,42,used car,1
div/sep,male,46,high qualif/self emp/mgmt,own,no known savings,no checking,7629,48,business,1
div/dep/mar,female,26,skilled,own,<100,0<=X<200,9960,48,furniture/equipment,0
div/dep/mar,female,20,skilled,rent,no known savings,no checking,4675,12,used car,1
single,male,45,unskilled resident,own,no known savings,no checking,1287,10,new car,1
single,male,43,skilled,own,<100,no checking,2515,18,furniture/equipment,1
single,male,32,skilled,own,>=1000,0<=X<200,2745,21,furniture/equipment,1
div/dep/mar,female,54,unemp/unskilled non res,own,<100,no checking,672,6,new car,1
div/dep/mar,female,42,skilled,own,<100,0<=X<200,3804,36,radio/tv,0
single,male,37,unskilled resident,own,no known savings,>=200,1344,24,new car,0
single,male,49,skilled,own,<100,<0,1038,10,new car,1
single,male,44,skilled,for free,500<=X<1000,no checking,10127,48,new car,0
div/sep,male,33,skilled,own,>=1000,no checking,1543,6,furniture/equipment,1
div/dep/mar,female,24,unskilled resident,rent,no known savings,no checking,4811,30,used car,1
mar/wid,male,33,unskilled resident,own,100<=X<500,<0,727,12,radio/tv,0
div/dep/mar,female,24,skilled,own,<100,0<=X<200,1237,8,furniture/equipment,0
mar/wid,male,22,unskilled resident,rent,<100,0<=X<200,276,9,new car,1
single,male,40,unemp/unskilled non res,for free,no known savings,0<=X<200,5381,48,other,1
single,male,25,skilled,own,100<=X<500,no checking,5511,24,furniture/equipment,1
div/dep/mar,female,26,skilled,own,<100,>=200,3749,24,furniture/equipment,1
mar/wid,male,25,unskilled resident,own,<100,0<=X<200,685,12,new car,0
single,male,29,unskilled resident,own,no known savings,>=200,1494,4,new car,1
single,male,31,skilled,own,<100,<0,2746,36,furniture/equipment,0
single,male,38,unskilled resident,own,<100,<0,708,12,furniture/equipment,1
div/dep/mar,female,48,unskilled resident,own,no known savings,0<=X<200,4351,24,furniture/equipment,1
single,male,32,skilled,own,<100,no checking,701,12,education,1
div/dep/mar,female,27,unskilled resident,own,<100,<0,3643,15,furniture/equipment,1
mar/wid,male,28,high qualif/self emp/mgmt,own,<100,0<=X<200,4249,30,new car,0
div/sep,male,32,skilled,own,<100,<0,1938,24,radio/tv,0
single,male,34,high qualif/self emp/mgmt,for free,<100,<0,2910,24,used car,1
single,male,28,skilled,own,>=1000,<0,2659,18,furniture/equipment,1
div/dep/mar,female,36,skilled,own,<100,no checking,1028,18,new car,1
single,male,39,unskilled resident,own,<100,<0,3398,8,new car,1
single,male,49,skilled,rent,no known savings,no checking,5801,12,furniture/equipment,1
div/dep/mar,female,34,skilled,own,>=1000,no checking,1525,24,new car,1
single,male,31,skilled,own,<100,>=200,4473,36,radio/tv,1
single,male,28,skilled,own,<100,0<=X<200,1068,6,radio/tv,1
single,male,75,high qualif/self emp/mgmt,for free,<100,<0,6615,24,used car,1
div/dep/mar,female,30,skilled,own,100<=X<500,no checking,1864,18,education,0
div/dep/mar,female,24,high qualif/self emp/mgmt,own,100<=X<500,0<=X<200,7408,60,new car,0
div/dep/mar,female,24,unskilled resident,rent,100<=X<500,no checking,11590,48,used car,0
single,male,23,skilled,rent,<100,<0,4110,24,furniture/equipment,0
div/sep,male,44,high qualif/self emp/mgmt,rent,<100,<0,3384,6,furniture/equipment,0
div/dep/mar,female,23,unskilled resident,own,<100,0<=X<200,2101,13,radio/tv,1
div/dep/mar,female,24,skilled,rent,no known savings,<0,1275,15,domestic appliance,0
single,male,28,skilled,own,<100,<0,4169,24,furniture/equipment,1
div/sep,male,31,unskilled resident,own,<100,0<=X<200,1521,10,furniture/equipment,1
div/dep/mar,female,24,skilled,for free,<100,0<=X<200,5743,24,education,1
div/dep/mar,female,26,unskilled resident,rent,<100,<0,3599,21,furniture/equipment,1
mar/wid,male,25,skilled,rent,500<=X<1000,0<=X<200,3213,18,radio/tv,1
single,male,33,high qualif/self emp/mgmt,own,<100,0<=X<200,4439,18,business,1
single,male,37,unskilled resident,own,<100,>=200,3949,10,new car,1
div/dep/mar,female,43,unskilled resident,own,<100,no checking,1459,15,radio/tv,1
single,male,23,skilled,own,<100,0<=X<200,882,13,radio/tv,1
div/dep/mar,female,23,unemp/unskilled non res,rent,500<=X<1000,0<=X<200,3758,24,radio/tv,1
single,male,34,unskilled resident,own,100<=X<500,no checking,1743,6,business,1
single,male,32,skilled,for free,>=1000,0<=X<200,1136,9,education,0
div/dep/mar,female,23,skilled,rent,<100,no checking,1236,9,domestic appliance,1
div/dep/mar,female,29,skilled,own,<100,0<=X<200,959,9,furniture/equipment,0
single,male,38,high qualif/self emp/mgmt,own,no known savings,no checking,3229,18,used car,1
single,male,28,skilled,rent,<100,<0,6199,12,radio/tv,0
single,male,46,skilled,for free,500<=X<1000,no checking,727,10,education,1
single,male,23,unskilled resident,own,<100,0<=X<200,1246,24,new car,0
single,male,49,skilled,own,no known savings,no checking,2331,12,radio/tv,1
single,male,26,high qualif/self emp/mgmt,own,<100,no checking,4463,36,radio/tv,0
mar/wid,male,28,skilled,own,<100,no checking,776,12,radio/tv,1
div/dep/mar,female,23,skilled,rent,<100,<0,2406,30,furniture/equipment,0
single,male,61,skilled,for free,no known savings,0<=X<200,1239,18,education,1
single,male,37,high qualif/self emp/mgmt,own,no known savings,>=200,3399,12,radio/tv,1
div/dep/mar,female,36,skilled,own,<100,>=200,2247,12,new car,1
mar/wid,male,21,skilled,rent,<100,no checking,1766,6,furniture/equipment,1
single,male,25,unemp/unskilled non res,own,<100,<0,2473,18,furniture/equipment,0
single,male,36,skilled,own,<100,no checking,1542,12,business,1
single,male,27,skilled,own,<100,no checking,3850,18,used car,1
div/dep/mar,female,22,skilled,rent,<100,<0,3650,18,furniture/equipment,1
single,male,42,skilled,own,<100,<0,3446,36,furniture/equipment,0
div/dep/mar,female,40,skilled,rent,<100,0<=X<200,3001,18,furniture/equipment,1
single,male,36,skilled,own,no known savings,no checking,3079,36,new car,1
single,male,33,skilled,own,<100,no checking,6070,18,radio/tv,1
div/dep/mar,female,23,skilled,rent,<100,no checking,2146,10,furniture/equipment,1
single,male,63,high qualif/self emp/mgmt,for free,no known savings,no checking,13756,60,new car,1
div/dep/mar,female,60,high qualif/self emp/mgmt,for free,100<=X<500,0<=X<200,14782,60,other,0
div/dep/mar,female,37,skilled,rent,<100,<0,7685,48,business,0
mar/wid,male,34,skilled,own,<100,no checking,2320,18,radio/tv,1
single,male,36,skilled,for free,no known savings,no checking,846,7,radio/tv,1
single,male,57,high qualif/self emp/mgmt,for free,<100,0<=X<200,14318,36,new car,0
div/dep/mar,female,52,unskilled resident,own,100<=X<500,no checking,362,6,new car,1
single,male,39,skilled,own,no known savings,<0,2212,20,furniture/equipment,1
div/dep/mar,female,38,high qualif/self emp/mgmt,for free,<100,0<=X<200,12976,18,used car,0
div/dep/mar,female,25,skilled,rent,no known savings,no checking,1283,22,new car,1
single,male,26,skilled,own,<100,>=200,1330,12,new car,1
single,male,26,unskilled resident,own,100<=X<500,no checking,4272,30,business,1
div/dep/mar,female,25,skilled,own,<100,no checking,2238,18,radio/tv,1
div/dep/mar,female,21,skilled,rent,no known savings,no checking,1126,18,radio/tv,1
single,male,40,high qualif/self emp/mgmt,own,<100,0<=X<200,7374,18,furniture/equipment,1
single,male,27,skilled,own,500<=X<1000,0<=X<200,2326,15,business,1
div/dep/mar,female,27,skilled,own,<100,no checking,1449,9,business,1
mar/wid,male,30,high qualif/self emp/mgmt,own,<100,no checking,1820,18,new car,1
div/dep/mar,female,19,unskilled resident,rent,>=1000,0<=X<200,983,12,furniture/equipment,1
single,male,39,high qualif/self emp/mgmt,for free,<100,<0,3249,36,new car,1
div/dep/mar,female,31,skilled,own,<100,<0,1957,6,radio/tv,1
single,male,31,high qualif/self emp/mgmt,own,<100,no checking,2406,9,furniture/equipment,1
single,male,32,skilled,rent,100<=X<500,0<=X<200,11760,39,education,1
div/dep/mar,female,55,high qualif/self emp/mgmt,for free,<100,<0,2578,12,furniture/equipment,1
mar/wid,male,46,skilled,own,<100,<0,2348,36,furniture/equipment,1
div/sep,male,46,skilled,rent,<100,0<=X<200,1223,12,new car,0
div/dep/mar,female,43,unskilled resident,own,>=1000,no checking,1516,24,radio/tv,1
mar/wid,male,39,skilled,own,<100,no checking,1473,18,radio/tv,1
mar/wid,male,28,skilled,own,no known savings,0<=X<200,1887,18,business,1
single,male,27,skilled,own,<100,no checking,8648,24,business,0
single,male,27,unskilled resident,own,<100,no checking,802,14,new car,1
single,male,43,skilled,own,no known savings,0<=X<200,2899,18,new car,1
mar/wid,male,22,skilled,own,<100,0<=X<200,2039,24,radio/tv,0
single,male,43,skilled,own,no known savings,no checking,2197,24,used car,1
mar/wid,male,27,skilled,own,<100,<0,1053,15,radio/tv,1
div/sep,male,26,high qualif/self emp/mgmt,own,500<=X<1000,no checking,3235,24,radio/tv,1
mar/wid,male,28,skilled,own,500<=X<1000,>=200,939,12,new car,0
div/dep/mar,female,20,skilled,own,<100,0<=X<200,1967,24,radio/tv,1
single,male,35,high qualif/self emp/mgmt,own,<100,no checking,7253,33,used car,1
single,male,42,high qualif/self emp/mgmt,own,<100,no checking,2292,12,business,0
single,male,40,unskilled resident,rent,500<=X<1000,no checking,1597,10,new car,1
div/dep/mar,female,35,skilled,own,no known savings,<0,1381,24,new car,0
single,male,35,skilled,own,<100,no checking,5842,36,used car,1
single,male,33,unskilled resident,own,<100,<0,2579,12,new car,0
div/dep/mar,female,23,skilled,rent,no known savings,<0,8471,18,education,1
div/dep/mar,female,31,high qualif/self emp/mgmt,own,500<=X<1000,no checking,2782,21,new car,1
div/dep/mar,female,33,skilled,own,no known savings,0<=X<200,1042,18,new car,0
div/dep/mar,female,20,skilled,rent,>=1000,no checking,3186,15,new car,1
single,male,30,skilled,own,no known savings,0<=X<200,2028,12,used car,1
single,male,47,unskilled resident,own,<100,0<=X<200,958,12,new car,1
single,male,34,high qualif/self emp/mgmt,own,100<=X<500,no checking,1591,21,furniture/equipment,1
div/dep/mar,female,25,skilled,own,no known savings,0<=X<200,2762,12,furniture/equipment,0
mar/wid,male,21,skilled,rent,<100,0<=X<200,2779,18,used car,1
single,male,29,skilled,own,<100,no checking,2743,28,radio/tv,1
single,male,46,skilled,own,>=1000,no checking,1149,18,radio/tv,1
single,male,20,skilled,own,<100,no checking,1313,9,furniture/equipment,1
div/dep/mar,female,55,unemp/unskilled non res,for free,<100,<0,1190,18,repairs,0
single,male,74,unskilled resident,own,<100,no checking,3448,5,business,1
single,male,29,high qualif/self emp/mgmt,own,<100,0<=X<200,11328,24,other,0
single,male,36,high qualif/self emp/mgmt,for free,<100,<0,1872,6,furniture/equipment,1
div/sep,male,33,skilled,own,<100,no checking,2058,24,repairs,1
single,male,25,skilled,own,<100,<0,2136,9,furniture/equipment,1
mar/wid,male,25,skilled,own,no known savings,0<=X<200,1484,12,radio/tv,0
mar/wid,male,23,unskilled resident,rent,500<=X<1000,no checking,660,6,repairs,1
div/dep/mar,female,37,skilled,own,>=1000,no checking,1287,24,new car,1
single,male,65,unemp/unskilled non res,own,<100,<0,3394,42,repairs,1
div/dep/mar,female,26,unemp/unskilled non res,own,<100,>=200,609,12,business,0
single,male,39,high qualif/self emp/mgmt,own,<100,no checking,1884,12,new car,1
div/dep/mar,female,30,skilled,own,<100,<0,1620,12,furniture/equipment,1
single,male,29,skilled,own,<100,0<=X<200,2629,20,other,1
single,male,41,unskilled resident,own,<100,no checking,719,12,education,0
div/dep/mar,female,30,high qualif/self emp/mgmt,own,<100,0<=X<200,5096,48,furniture/equipment,0
div/dep/mar,female,41,unskilled resident,rent,no known savings,no checking,1244,9,education,1
div/dep/mar,female,34,skilled,own,<100,<0,1842,36,new car,0
single,male,35,skilled,own,<100,0<=X<200,2576,7,radio/tv,1
div/dep/mar,female,55,high qualif/self emp/mgmt,own,no known savings,>=200,1424,12,furniture/equipment,1
mar/wid,male,61,skilled,own,>=1000,0<=X<200,1512,15,repairs,0
single,male,30,high qualif/self emp/mgmt,own,no known savings,no checking,11054,36,used car,1
div/dep/mar,female,29,skilled,own,<100,no checking,518,6,radio/tv,1
single,male,34,skilled,own,<100,no checking,2759,12,furniture/equipment,1
single,male,35,high qualif/self emp/mgmt,own,<100,no checking,2670,24,used car,1
single,male,31,skilled,own,<100,<0,4817,24,new car,0
div/dep/mar,female,29,high qualif/self emp/mgmt,own,<100,no checking,2679,24,used car,1
single,male,36,skilled,rent,<100,<0,3905,11,new car,1
single,male,35,skilled,for free,<100,<0,3386,12,used car,0
div/dep/mar,female,27,skilled,own,<100,<0,343,6,domestic appliance,1
single,male,32,skilled,own,<100,no checking,4594,18,radio/tv,1
single,male,37,skilled,own,<100,<0,3620,36,furniture/equipment,1
single,male,36,skilled,own,<100,<0,1721,15,new car,1
div/dep/mar,female,34,high qualif/self emp/mgmt,rent,<100,0<=X<200,3017,12,furniture/equipment,1
single,male,38,skilled,own,no known savings,0<=X<200,754,12,retraining,1
single,male,34,skilled,own,<100,no checking,1950,18,business,1
single,male,63,skilled,own,<100,<0,2924,24,used car,1
div/dep/mar,female,29,unskilled resident,rent,<100,<0,1659,24,radio/tv,0
single,male,32,skilled,own,no known savings,no checking,7238,48,radio/tv,1
div/dep/mar,female,26,skilled,own,<100,no checking,2764,33,business,1
single,male,35,unskilled resident,own,<100,no checking,4679,24,used car,1
mar/wid,male,22,skilled,rent,100<=X<500,0<=X<200,3092,24,radio/tv,0
div/dep/mar,female,23,skilled,own,<100,<0,448,6,education,0
single,male,28,unskilled resident,own,<100,<0,654,9,new car,0
single,male,36,high qualif/self emp/mgmt,own,no known savings,no checking,1238,6,retraining,1
mar/wid,male,33,skilled,own,<100,0<=X<200,1245,18,radio/tv,0
div/dep/mar,female,26,skilled,rent,<100,<0,3114,18,furniture/equipment,0
single,male,24,skilled,own,500<=X<1000,no checking,2569,39,used car,1
single,male,25,skilled,own,<100,>=200,5152,24,radio/tv,1
single,male,39,unskilled resident,own,100<=X<500,0<=X<200,1037,12,business,1
single,male,44,skilled,own,<100,<0,1478,15,furniture/equipment,1
div/dep/mar,female,23,unskilled resident,own,<100,0<=X<200,3573,12,radio/tv,1
single,male,26,skilled,own,<100,0<=X<200,1201,24,new car,1
div/dep/mar,female,57,skilled,rent,>=1000,<0,3622,30,furniture/equipment,1
div/dep/mar,female,30,skilled,own,>=1000,no checking,960,15,furniture/equipment,1
single,male,44,skilled,own,500<=X<1000,no checking,1163,12,new car,1
single,male,47,high qualif/self emp/mgmt,own,<100,0<=X<200,1209,6,new car,0
single,male,52,skilled,own,<100,no checking,3077,12,radio/tv,1
div/dep/mar,female,62,skilled,for free,<100,no checking,3757,24,new car,1
single,male,35,unskilled resident,rent,100<=X<500,no checking,1418,10,new car,1
single,male,26,skilled,rent,<100,no checking,3518,6,new car,1
single,male,26,skilled,own,<100,no checking,1934,12,radio/tv,1
div/dep/mar,female,42,high qualif/self emp/mgmt,for free,<100,0<=X<200,8318,27,business,0
div/dep/mar,female,27,skilled,own,100<=X<500,no checking,1237,6,radio/tv,1
single,male,38,skilled,own,no known savings,0<=X<200,368,6,radio/tv,1
single,male,39,unskilled resident,rent,<100,<0,2122,12,new car,1
mar/wid,male,20,skilled,own,no known savings,<0,2996,24,furniture/equipment,0
single,male,29,high qualif/self emp/mgmt,rent,100<=X<500,0<=X<200,9034,36,furniture/equipment,0
single,male,40,skilled,own,<100,no checking,1585,24,furniture/equipment,1
mar/wid,male,32,unskilled resident,own,<100,0<=X<200,1301,18,radio/tv,1
div/sep,male,28,skilled,own,100<=X<500,>=200,1323,6,new car,1
div/dep/mar,female,27,skilled,own,<100,<0,3123,24,new car,0
single,male,42,skilled,for free,<100,<0,5493,36,used car,1
div/sep,male,49,skilled,own,100<=X<500,>=200,1126,9,radio/tv,1
single,male,38,skilled,own,100<=X<500,0<=X<200,1216,24,radio/tv,0
div/dep/mar,female,24,skilled,rent,<100,<0,1207,24,new car,0
single,male,27,unskilled resident,own,no known savings,no checking,1309,10,new car,0
single,male,36,skilled,own,500<=X<1000,>=200,2360,15,used car,1
single,male,34,high qualif/self emp/mgmt,own,100<=X<500,0<=X<200,6850,15,new car,0
mar/wid,male,28,skilled,own,<100,no checking,1413,24,radio/tv,1
single,male,45,high qualif/self emp/mgmt,own,100<=X<500,no checking,8588,39,used car,1
single,male,26,skilled,own,<100,<0,759,12,new car,0
single,male,32,high qualif/self emp/mgmt,for free,<100,no checking,4686,36,used car,1
single,male,26,skilled,rent,<100,>=200,2687,15,business,1
mar/wid,male,20,skilled,rent,<100,0<=X<200,585,12,radio/tv,1
single,male,54,skilled,own,no known savings,no checking,2255,24,new car,1
div/dep/mar,female,37,skilled,own,<100,<0,609,6,new car,1
single,male,40,unskilled resident,own,<100,<0,1361,6,new car,1
div/dep/mar,female,23,skilled,rent,<100,no checking,7127,36,furniture/equipment,0
single,male,43,skilled,own,100<=X<500,<0,1203,6,new car,1
single,male,36,skilled,for free,no known savings,no checking,700,6,radio/tv,1
single,male,44,skilled,for free,<100,no checking,5507,24,repairs,1
div/dep/mar,female,24,skilled,own,<100,<0,3190,18,radio/tv,0
single,male,53,skilled,for free,<100,<0,7119,48,furniture/equipment,0
div/dep/mar,female,23,skilled,own,100<=X<500,no checking,3488,24,used car,1
div/dep/mar,female,26,unskilled resident,own,<100,0<=X<200,1113,18,radio/tv,1
single,male,30,skilled,own,<100,0<=X<200,7966,26,used car,1
div/dep/mar,female,31,skilled,own,100<=X<500,no checking,1532,15,education,1
single,male,42,unskilled resident,own,<100,no checking,1503,4,radio/tv,1
div/sep,male,31,skilled,rent,<100,<0,2302,36,radio/tv,0
single,male,41,unskilled resident,own,<100,<0,662,6,new car,1
single,male,32,skilled,own,<100,0<=X<200,2273,36,education,1
div/dep/mar,female,28,skilled,rent,100<=X<500,0<=X<200,2631,15,new car,0
mar/wid,male,41,skilled,rent,<100,no checking,1503,12,used car,1
mar/wid,male,26,skilled,own,100<=X<500,no checking,1311,24,radio/tv,1
single,male,25,skilled,own,no known savings,no checking,3105,24,radio/tv,1
div/sep,male,33,skilled,rent,<100,>=200,2319,21,education,0
div/dep/mar,female,75,high qualif/self emp/mgmt,own,no known savings,<0,1374,6,new car,1
div/dep/mar,female,37,skilled,own,<100,0<=X<200,3612,18,furniture/equipment,1
single,male,42,high qualif/self emp/mgmt,for free,<100,<0,7763,48,new car,0
div/dep/mar,female,45,unskilled resident,own,<100,>=200,3049,18,furniture/equipment,1
mar/wid,male,23,skilled,rent,<100,0<=X<200,1534,12,radio/tv,0
single,male,60,skilled,for free,<100,no checking,2032,24,new car,1
single,male,31,skilled,own,no known savings,<0,6350,30,furniture/equipment,0
single,male,34,unskilled resident,own,<100,>=200,2864,18,furniture/equipment,0
single,male,61,unskilled resident,own,<100,no checking,1255,12,new car,1
single,male,43,skilled,for free,<100,<0,1333,24,new car,0
div/dep/mar,female,37,skilled,own,<100,no checking,2022,24,new car,1
single,male,32,skilled,own,<100,no checking,1552,24,radio/tv,1
div/dep/mar,female,24,unskilled resident,own,<100,<0,626,12,radio/tv,0
single,male,35,skilled,for free,no known savings,no checking,8858,48,used car,1
div/dep/mar,female,23,skilled,own,no known savings,no checking,996,12,repairs,1
single,male,45,unskilled resident,own,500<=X<1000,no checking,1750,6,radio/tv,1
mar/wid,male,34,skilled,own,<100,<0,6999,48,radio/tv,0
single,male,27,skilled,own,100<=X<500,0<=X<200,1995,12,new car,1
div/dep/mar,female,67,high qualif/self emp/mgmt,own,<100,0<=X<200,1199,9,education,1
single,male,22,skilled,own,<100,0<=X<200,1331,12,radio/tv,0
div/dep/mar,female,28,skilled,own,100<=X<500,0<=X<200,2278,18,new car,0
div/dep/mar,female,29,skilled,own,no known savings,no checking,5003,21,new car,0
single,male,27,skilled,own,<100,<0,3552,24,furniture/equipment,0
single,male,31,unskilled resident,own,<100,0<=X<200,1928,18,furniture/equipment,0
single,male,49,skilled,for free,no known savings,<0,2964,24,used car,1
single,male,24,unskilled resident,rent,<100,<0,1546,24,radio/tv,0
div/dep/mar,female,29,skilled,own,<100,>=200,683,6,radio/tv,1
single,male,37,skilled,for free,no known savings,0<=X<200,12389,36,new car,0
single,male,37,high qualif/self emp/mgmt,own,no known savings,0<=X<200,4712,24,business,1
div/dep/mar,female,23,skilled,rent,100<=X<500,0<=X<200,1553,24,radio/tv,1
div/sep,male,36,skilled,own,<100,<0,1372,12,new car,0
single,male,34,skilled,own,>=1000,no checking,2578,24,radio/tv,1
single,male,41,skilled,own,no known savings,0<=X<200,3979,48,radio/tv,1
div/dep/mar,female,31,skilled,own,<100,<0,6758,48,radio/tv,0
div/dep/mar,female,23,unskilled resident,rent,<100,<0,3234,24,furniture/equipment,0
single,male,38,skilled,own,<100,no checking,5954,30,radio/tv,1
div/dep/mar,female,26,high qualif/self emp/mgmt,rent,no known savings,no checking,5433,24,used car,1
div/dep/mar,female,22,unskilled resident,own,<100,<0,806,15,business,1
single,male,27,unskilled resident,own,<100,0<=X<200,1082,9,radio/tv,1
div/dep/mar,female,24,skilled,own,<100,no checking,2788,15,furniture/equipment,1
div/dep/mar,female,27,skilled,own,<100,0<=X<200,2930,12,radio/tv,1
div/dep/mar,female,33,skilled,own,no known savings,no checking,1927,24,education,1
div/sep,male,27,skilled,own,<100,0<=X<200,2820,36,new car,0
mar/wid,male,27,unskilled resident,own,<100,no checking,937,24,retraining,1
single,male,30,skilled,own,<100,0<=X<200,1056,18,new car,0
single,male,49,unskilled resident,own,<100,0<=X<200,3124,12,new car,1
div/dep/mar,female,26,skilled,rent,<100,no checking,1388,9,furniture/equipment,1
single,male,33,unskilled resident,rent,<100,0<=X<200,2384,36,repairs,0
div/dep/mar,female,52,high qualif/self emp/mgmt,for free,no known savings,no checking,2133,12,new car,1
div/dep/mar,female,20,skilled,rent,<100,<0,2039,18,furniture/equipment,0
single,male,36,skilled,rent,<100,<0,2799,9,new car,1
single,male,21,unskilled resident,own,<100,<0,1289,12,furniture/equipment,1
mar/wid,male,47,unskilled resident,own,<100,<0,1217,18,domestic appliance,0
single,male,60,skilled,own,<100,<0,2246,12,furniture/equipment,0
div/dep/mar,female,58,unskilled resident,own,<100,<0,385,12,radio/tv,1
div/dep/mar,female,42,skilled,rent,no known savings,0<=X<200,1965,24,new car,1
div/dep/mar,female,36,unskilled resident,own,>=1000,no checking,1572,21,business,1
div/dep/mar,female,20,unskilled resident,rent,<100,0<=X<200,2718,24,new car,0
single,male,40,high qualif/self emp/mgmt,own,no known savings,<0,1358,24,other,0
div/dep/mar,female,32,unskilled resident,own,100<=X<500,0<=X<200,931,6,new car,0
div/dep/mar,female,23,skilled,rent,<100,<0,1442,24,new car,0
single,male,36,unskilled resident,own,<100,0<=X<200,4241,24,business,0
single,male,31,skilled,own,<100,no checking,2775,18,new car,0
single,male,32,skilled,for free,<100,no checking,3863,24,business,1
div/dep/mar,female,45,skilled,own,<100,0<=X<200,2329,7,radio/tv,1
div/dep/mar,female,30,skilled,own,<100,0<=X<200,918,9,furniture/equipment,0
div/dep/mar,female,34,unskilled resident,for free,<100,0<=X<200,1837,24,education,0
div/dep/mar,female,28,high qualif/self emp/mgmt,own,<100,no checking,3349,36,furniture/equipment,0
div/dep/mar,female,23,skilled,own,<100,>=200,1275,10,furniture/equipment,1
single,male,22,skilled,own,500<=X<1000,<0,2828,24,furniture/equipment,1
single,male,74,high qualif/self emp/mgmt,own,<100,no checking,4526,24,business,1
div/dep/mar,female,50,skilled,for free,100<=X<500,0<=X<200,2671,36,radio/tv,0
single,male,33,skilled,own,<100,no checking,2051,18,radio/tv,1
single,male,45,skilled,for free,no known savings,no checking,1300,15,used car,1
div/dep/mar,female,22,skilled,own,100<=X<500,<0,741,12,domestic appliance,0
div/dep/mar,female,48,unskilled resident,for free,100<=X<500,>=200,1240,10,new car,0
div/dep/mar,female,29,skilled,own,>=1000,<0,3357,21,radio/tv,1
div/dep/mar,female,22,skilled,rent,<100,<0,3632,24,used car,1
div/dep/mar,female,22,skilled,own,<100,no checking,1808,18,furniture/equipment,0
single,male,48,high qualif/self emp/mgmt,own,no known savings,0<=X<200,12204,48,business,1
single,male,27,high qualif/self emp/mgmt,for free,no known savings,0<=X<200,9157,60,radio/tv,1
single,male,37,skilled,rent,<100,<0,3676,6,new car,1
div/dep/mar,female,21,skilled,rent,100<=X<500,0<=X<200,3441,30,furniture/equipment,0
div/sep,male,49,unskilled resident,own,<100,no checking,640,12,new car,1
single,male,27,skilled,own,<100,0<=X<200,3652,21,business,1
single,male,32,skilled,own,<100,no checking,1530,18,new car,0
div/sep,male,38,skilled,own,no known savings,no checking,3914,48,business,0
div/dep/mar,female,22,skilled,rent,<100,<0,1858,12,furniture/equipment,1
single,male,65,skilled,for free,<100,<0,2600,18,radio/tv,0
single,male,35,skilled,own,no known savings,no checking,1979,15,radio/tv,1
single,male,41,skilled,own,<100,>=200,2116,6,furniture/equipment,1
single,male,29,skilled,own,100<=X<500,0<=X<200,1437,9,new car,0
single,male,36,skilled,own,500<=X<1000,no checking,4042,42,furniture/equipment,1
single,male,64,unskilled resident,own,no known savings,no checking,3832,9,education,1
div/dep/mar,female,28,skilled,own,<100,<0,3660,24,radio/tv,1
single,male,44,skilled,own,<100,<0,1553,18,furniture/equipment,0
single,male,23,skilled,own,no known savings,0<=X<200,1444,15,radio/tv,1
div/dep/mar,female,19,skilled,rent,<100,no checking,1980,9,furniture/equipment,0
div/dep/mar,female,25,unskilled resident,own,<100,0<=X<200,1355,24,new car,0
single,male,47,skilled,own,<100,no checking,1393,12,education,1
div/dep/mar,female,28,skilled,own,500<=X<1000,no checking,1376,24,radio/tv,1
single,male,21,skilled,own,<100,no checking,15653,60,radio/tv,1
div/dep/mar,female,34,skilled,own,<100,no checking,1493,12,radio/tv,1
single,male,26,skilled,own,<100,<0,4370,42,radio/tv,0
div/dep/mar,female,27,unemp/unskilled non res,own,<100,<0,750,18,education,0
single,male,38,unskilled resident,own,<100,0<=X<200,1308,15,repairs,1
single,male,40,high qualif/self emp/mgmt,own,100<=X<500,no checking,4623,15,education,0
mar/wid,male,33,skilled,own,<100,no checking,1851,24,radio/tv,1
mar/wid,male,32,high qualif/self emp/mgmt,own,<100,<0,1880,18,radio/tv,1
single,male,27,skilled,rent,no known savings,no checking,7980,36,business,0
div/sep,male,32,skilled,own,<100,<0,4583,30,furniture/equipment,1
div/dep/mar,female,26,skilled,own,500<=X<1000,no checking,1386,12,new car,0
single,male,38,skilled,for free,<100,>=200,947,24,new car,0
single,male,40,unskilled resident,rent,<100,<0,684,12,education,0
single,male,50,high qualif/self emp/mgmt,for free,<100,<0,7476,48,education,1
single,male,37,unskilled resident,own,<100,0<=X<200,1922,12,furniture/equipment,0
single,male,45,skilled,own,<100,<0,2303,24,new car,0
single,male,42,high qualif/self emp/mgmt,own,100<=X<500,0<=X<200,8086,36,new car,0
single,male,35,skilled,own,<100,no checking,2346,24,used car,1
single,male,22,skilled,for free,<100,<0,3973,14,new car,1
single,male,41,unskilled resident,own,<100,0<=X<200,888,12,new car,0
single,male,37,skilled,own,no known savings,no checking,10222,48,radio/tv,1
div/dep/mar,female,28,skilled,own,<100,0<=X<200,4221,30,business,1
single,male,41,skilled,own,<100,0<=X<200,6361,18,furniture/equipment,1
mar/wid,male,23,skilled,rent,<100,>=200,1297,12,radio/tv,1
mar/wid,male,23,skilled,own,no known savings,<0,900,12,new car,0
single,male,50,skilled,own,<100,no checking,2241,21,furniture/equipment,1
single,male,35,high qualif/self emp/mgmt,own,<100,0<=X<200,1050,6,furniture/equipment,1
div/dep/mar,female,50,unskilled resident,own,<100,>=200,1047,6,education,1
single,male,27,high qualif/self emp/mgmt,own,<100,no checking,6314,24,other,1
single,male,34,skilled,own,>=1000,0<=X<200,3496,30,furniture/equipment,1
div/dep/mar,female,27,skilled,own,<100,no checking,3609,48,business,1
single,male,43,skilled,rent,<100,<0,4843,12,new car,0
single,male,47,skilled,own,<100,>=200,3017,30,radio/tv,1
single,male,27,unskilled resident,own,100<=X<500,no checking,4139,24,business,1
single,male,31,skilled,own,100<=X<500,no checking,5742,36,business,1
single,male,42,high qualif/self emp/mgmt,own,<100,no checking,10366,60,new car,1
mar/wid,male,24,skilled,own,500<=X<1000,no checking,2080,6,new car,1
single,male,41,unskilled resident,own,500<=X<1000,no checking,2580,21,business,0
div/dep/mar,female,26,high qualif/self emp/mgmt,rent,<100,no checking,4530,30,radio/tv,1
single,male,33,skilled,own,<100,no checking,5150,24,furniture/equipment,1
mar/wid,male,24,skilled,own,100<=X<500,0<=X<200,5595,72,radio/tv,0
single,male,64,unskilled resident,rent,<100,<0,2384,24,radio/tv,1
div/dep/mar,female,26,skilled,own,<100,no checking,1453,18,radio/tv,1
div/dep/mar,female,56,skilled,own,<100,no checking,1538,6,education,1
single,male,37,skilled,for free,no known savings,no checking,2279,12,radio/tv,1
mar/wid,male,33,skilled,own,<100,no checking,1478,15,radio/tv,1
mar/wid,male,47,skilled,for free,<100,no checking,5103,24,radio/tv,1
single,male,31,unskilled resident,own,100<=X<500,0<=X<200,9857,36,business,1
single,male,34,skilled,for free,no known savings,no checking,6527,60,new car,1
single,male,27,skilled,own,no known savings,>=200,1347,10,radio/tv,1
single,male,30,skilled,for free,100<=X<500,0<=X<200,2862,36,new car,1
single,male,35,skilled,own,100<=X<500,no checking,2753,9,radio/tv,1
single,male,31,skilled,own,>=1000,<0,3651,12,new car,1
div/sep,male,25,skilled,own,<100,<0,975,15,furniture/equipment,1
div/dep/mar,female,25,unskilled resident,own,100<=X<500,0<=X<200,2631,15,repairs,1
single,male,29,skilled,own,100<=X<500,0<=X<200,2896,24,radio/tv,1
single,male,44,unskilled resident,own,no known savings,<0,4716,6,new car,1
single,male,28,skilled,own,<100,no checking,2284,24,radio/tv,1
single,male,50,skilled,rent,500<=X<1000,no checking,1236,6,used car,1
single,male,29,skilled,own,<100,0<=X<200,1103,12,radio/tv,1
div/dep/mar,female,38,unemp/unskilled non res,own,<100,no checking,926,12,new car,1
single,male,24,skilled,own,<100,no checking,1800,18,radio/tv,1
single,male,40,high qualif/self emp/mgmt,rent,<100,>=200,1905,15,education,1
div/dep/mar,female,29,unskilled resident,rent,500<=X<1000,no checking,1123,12,furniture/equipment,0
single,male,46,skilled,for free,<100,<0,6331,48,used car,0
div/dep/mar,female,47,skilled,for free,100<=X<500,>=200,1377,24,radio/tv,1
single,male,41,skilled,own,100<=X<500,0<=X<200,2503,30,business,1
div/dep/mar,female,32,skilled,own,<100,0<=X<200,2528,27,business,1
div/dep/mar,female,35,skilled,for free,500<=X<1000,no checking,5324,15,new car,1
single,male,24,skilled,own,100<=X<500,0<=X<200,6560,48,new car,0
div/dep/mar,female,25,skilled,rent,<100,0<=X<200,2969,12,furniture/equipment,0
div/dep/mar,female,25,skilled,own,<100,0<=X<200,1206,9,radio/tv,1
single,male,37,unskilled resident,own,<100,0<=X<200,2118,9,radio/tv,1
single,male,32,high qualif/self emp/mgmt,own,500<=X<1000,no checking,629,18,radio/tv,1
div/dep/mar,female,35,skilled,for free,<100,<0,1198,6,education,0
single,male,46,high qualif/self emp/mgmt,own,no known savings,no checking,2476,21,used car,1
single,male,25,unskilled resident,own,<100,<0,1138,9,radio/tv,1
single,male,27,high qualif/self emp/mgmt,own,<100,0<=X<200,14027,60,new car,0
single,male,63,skilled,own,no known savings,no checking,7596,30,used car,1
single,male,40,skilled,own,no known savings,no checking,3077,30,radio/tv,1
single,male,32,high qualif/self emp/mgmt,for free,<100,no checking,1505,18,radio/tv,1
single,male,31,skilled,own,no known savings,>=200,3148,24,radio/tv,1
mar/wid,male,31,skilled,own,100<=X<500,0<=X<200,6148,20,used car,1
single,male,34,high qualif/self emp/mgmt,own,<100,>=200,1337,9,radio/tv,0
div/dep/mar,female,24,skilled,rent,>=1000,0<=X<200,433,6,education,0
div/dep/mar,female,24,unskilled resident,own,<100,<0,1228,12,new car,0
div/dep/mar,female,66,unskilled resident,own,500<=X<1000,0<=X<200,790,9,radio/tv,1
div/dep/mar,female,21,skilled,rent,<100,no checking,2570,27,new car,0
div/dep/mar,female,41,unskilled resident,own,>=1000,no checking,250,6,new car,1
mar/wid,male,47,unskilled resident,own,500<=X<1000,no checking,1316,15,radio/tv,1
div/dep/mar,female,25,skilled,rent,<100,<0,1882,18,radio/tv,0
div/dep/mar,female,59,skilled,rent,<100,0<=X<200,6416,48,business,0
div/sep,male,36,skilled,own,>=1000,>=200,1275,24,business,1
single,male,33,skilled,own,<100,0<=X<200,6403,24,radio/tv,1
single,male,21,unskilled resident,rent,<100,<0,1987,24,radio/tv,0
div/dep/mar,female,44,unskilled resident,own,<100,0<=X<200,760,8,radio/tv,1
div/dep/mar,female,28,skilled,rent,>=1000,no checking,2603,24,used car,1
div/dep/mar,female,37,skilled,own,<100,no checking,3380,4,new car,1
div/dep/mar,female,29,unemp/unskilled non res,own,no known savings,0<=X<200,3990,36,domestic appliance,1
div/dep/mar,female,23,high qualif/self emp/mgmt,rent,<100,0<=X<200,11560,24,used car,0
single,male,35,unskilled resident,own,100<=X<500,<0,4380,18,new car,1
single,male,45,high qualif/self emp/mgmt,own,<100,no checking,6761,6,new car,1
div/dep/mar,female,26,unskilled resident,rent,100<=X<500,0<=X<200,4280,30,business,0
single,male,32,skilled,own,100<=X<500,<0,2325,24,new car,1
single,male,23,unskilled resident,own,<100,0<=X<200,1048,10,radio/tv,1
single,male,41,skilled,own,no known savings,no checking,3160,21,radio/tv,1
single,male,22,skilled,own,500<=X<1000,<0,2483,24,furniture/equipment,1
single,male,30,high qualif/self emp/mgmt,own,no known savings,<0,14179,39,furniture/equipment,1
single,male,28,unskilled resident,own,<100,<0,1797,13,business,1
div/dep/mar,female,23,skilled,rent,<100,<0,2511,15,new car,1
div/dep/mar,female,37,unskilled resident,own,<100,<0,1274,12,new car,0
single,male,26,skilled,own,no known savings,no checking,5248,21,used car,1
single,male,33,skilled,own,<100,no checking,3029,15,used car,1
div/dep/mar,female,49,skilled,own,<100,<0,428,6,furniture/equipment,1
div/dep/mar,female,23,unskilled resident,own,<100,<0,976,18,new car,0
div/dep/mar,female,23,unskilled resident,rent,100<=X<500,0<=X<200,841,12,business,1
div/dep/mar,female,25,skilled,own,<100,no checking,5771,30,radio/tv,1
single,male,55,skilled,for free,>=1000,no checking,1555,12,repairs,0
div/dep/mar,female,32,skilled,rent,no known savings,<0,1285,24,new car,0
single,male,74,unemp/unskilled non res,own,<100,>=200,1299,6,new car,1
single,male,39,skilled,for free,no known savings,>=200,1271,15,radio/tv,0
single,male,31,skilled,own,<100,no checking,1393,24,new car,1
single,male,35,skilled,own,<100,<0,691,12,new car,0
div/dep/mar,female,59,skilled,own,no known savings,no checking,5045,15,new car,1
div/dep/mar,female,24,skilled,rent,<100,<0,2124,18,furniture/equipment,0
single,male,24,unskilled resident,own,<100,<0,2214,12,radio/tv,1
single,male,30,high qualif/self emp/mgmt,for free,no known savings,no checking,12680,21,new car,0
mar/wid,male,27,skilled,own,100<=X<500,no checking,2463,24,new car,1
mar/wid,male,40,unskilled resident,own,<100,0<=X<200,1155,12,radio/tv,1
div/sep,male,31,unskilled resident,own,<100,<0,3108,30,furniture/equipment,0
div/dep/mar,female,31,skilled,rent,no known savings,no checking,2901,10,used car,1
single,male,28,skilled,rent,<100,0<=X<200,3617,12,furniture/equipment,1
single,male,63,unskilled resident,own,<100,no checking,1655,12,radio/tv,1
div/dep/mar,female,26,skilled,rent,no known savings,<0,2812,24,used car,1
div/dep/mar,female,25,high qualif/self emp/mgmt,own,<100,<0,8065,36,education,0
single,male,36,high qualif/self emp/mgmt,own,<100,no checking,3275,21,used car,1
single,male,52,skilled,own,100<=X<500,no checking,2223,24,radio/tv,1
single,male,66,unemp/unskilled non res,for free,500<=X<1000,>=200,1480,12,new car,1
div/dep/mar,female,25,skilled,rent,no known savings,<0,1371,24,new car,0
single,male,37,skilled,own,<100,no checking,3535,36,new car,1
div/dep/mar,female,25,skilled,own,<100,<0,3509,18,radio/tv,1
single,male,38,high qualif/self emp/mgmt,own,>=1000,no checking,5711,36,used car,1
div/dep/mar,female,67,skilled,own,<100,0<=X<200,3872,18,repairs,1
single,male,25,skilled,own,<100,0<=X<200,4933,39,radio/tv,0
single,male,60,skilled,own,>=1000,no checking,1940,24,new car,1
single,male,31,unskilled resident,own,<100,0<=X<200,1410,12,retraining,1
div/dep/mar,female,23,unskilled resident,own,100<=X<500,0<=X<200,836,12,new car,0
div/sep,male,60,high qualif/self emp/mgmt,own,no known savings,0<=X<200,6468,20,used car,1
single,male,35,unskilled resident,own,>=1000,0<=X<200,1941,18,business,1
single,male,40,skilled,own,500<=X<1000,no checking,2675,22,radio/tv,1
single,male,38,skilled,own,no known savings,no checking,2751,48,used car,1
single,male,50,skilled,for free,<100,0<=X<200,6224,48,education,0
single,male,27,skilled,own,<100,<0,5998,40,education,0
div/dep/mar,female,39,skilled,own,<100,0<=X<200,1188,21,business,0
single,male,41,high qualif/self emp/mgmt,own,no known savings,no checking,6313,24,used car,1
mar/wid,male,27,skilled,own,no known savings,no checking,1221,6,furniture/equipment,1
div/sep,male,51,skilled,for free,<100,>=200,2892,24,furniture/equipment,1
single,male,32,skilled,rent,500<=X<1000,no checking,3062,24,furniture/equipment,1
div/dep/mar,female,22,skilled,rent,100<=X<500,no checking,2301,9,furniture/equipment,1
single,male,51,skilled,for free,no known savings,<0,7511,18,used car,0
div/dep/mar,female,22,unskilled resident,rent,<100,no checking,1258,12,furniture/equipment,1
mar/wid,male,54,skilled,own,no known savings,no checking,717,24,new car,1
single,male,35,unemp/unskilled non res,own,no known savings,0<=X<200,1549,9,new car,1
single,male,54,skilled,for free,<100,no checking,1597,24,education,1
div/dep/mar,female,48,unskilled resident,rent,<100,0<=X<200,1795,18,radio/tv,1
div/dep/mar,female,24,skilled,own,<100,<0,4272,20,furniture/equipment,1
single,male,35,skilled,own,no known savings,no checking,976,12,radio/tv,1
div/dep/mar,female,24,unemp/unskilled non res,rent,no known savings,0<=X<200,7472,12,new car,1
single,male,24,skilled,own,<100,<0,9271,36,new car,0
mar/wid,male,26,unskilled resident,own,<100,0<=X<200,590,6,radio/tv,1
single,male,65,skilled,own,no known savings,no checking,930,12,radio/tv,1
single,male,55,high qualif/self emp/mgmt,for free,<100,0<=X<200,9283,42,used car,1
div/dep/mar,female,26,unemp/unskilled non res,rent,<100,0<=X<200,1778,15,new car,0
mar/wid,male,26,skilled,own,<100,0<=X<200,907,8,business,1
mar/wid,male,28,unskilled resident,own,<100,0<=X<200,484,6,radio/tv,1
single,male,24,skilled,own,<100,<0,9629,36,used car,0
single,male,54,skilled,own,<100,<0,3051,48,domestic appliance,0
single,male,46,skilled,for free,<100,<0,3931,48,new car,0
div/dep/mar,female,54,skilled,rent,<100,0<=X<200,7432,36,new car,1
div/sep,male,62,skilled,own,500<=X<1000,no checking,1338,6,domestic appliance,1
div/dep/mar,female,24,skilled,rent,<100,no checking,1554,6,radio/tv,1
div/sep,male,43,high qualif/self emp/mgmt,own,<100,<0,15857,36,other,1
mar/wid,male,26,skilled,own,<100,<0,1345,18,radio/tv,0
mar/wid,male,27,skilled,own,<100,no checking,1101,12,new car,1
mar/wid,male,24,skilled,own,<100,>=200,3016,12,radio/tv,1
single,male,41,skilled,own,<100,<0,2712,36,furniture/equipment,0
single,male,47,unskilled resident,own,<100,<0,731,8,new car,1
div/sep,male,35,high qualif/self emp/mgmt,own,<100,no checking,3780,18,furniture/equipment,1
mar/wid,male,30,skilled,own,<100,<0,1602,21,new car,1
div/dep/mar,female,33,skilled,rent,<100,<0,3966,18,new car,0
single,male,36,skilled,own,<100,no checking,4165,18,business,0
single,male,47,skilled,for free,no known savings,<0,8335,36,used car,0
single,male,38,skilled,for free,no known savings,0<=X<200,6681,48,business,1
single,male,44,skilled,own,500<=X<1000,no checking,2375,24,business,1
div/dep/mar,female,23,skilled,rent,<100,<0,1216,18,new car,0
single,male,29,skilled,rent,<100,<0,11816,45,business,0
div/dep/mar,female,42,skilled,own,no known savings,0<=X<200,5084,24,radio/tv,1
div/dep/mar,female,25,unskilled resident,own,<100,>=200,2327,15,radio/tv,0
single,male,48,skilled,own,<100,<0,1082,12,new car,0
div/dep/mar,female,21,skilled,own,no known savings,no checking,886,12,radio/tv,1
div/dep/mar,female,23,unskilled resident,rent,<100,no checking,601,4,furniture/equipment,1
single,male,63,skilled,own,<100,<0,2957,24,used car,1
mar/wid,male,46,skilled,own,<100,no checking,2611,24,radio/tv,1
single,male,29,skilled,own,<100,<0,5179,36,furniture/equipment,0
single,male,28,unskilled resident,own,<100,no checking,2993,21,used car,1
div/dep/mar,female,23,skilled,own,<100,no checking,1943,18,repairs,0
single,male,50,skilled,own,<100,no checking,1559,24,business,1
single,male,47,skilled,own,<100,no checking,3422,18,furniture/equipment,1
single,male,35,skilled,own,no known savings,0<=X<200,3976,21,furniture/equipment,1
single,male,68,skilled,rent,no known savings,no checking,6761,18,new car,0
mar/wid,male,28,skilled,own,<100,no checking,1249,24,new car,1
single,male,59,skilled,own,<100,<0,1364,9,radio/tv,1
single,male,57,unskilled resident,own,<100,<0,709,12,radio/tv,0
mar/wid,male,33,skilled,rent,<100,<0,2235,20,new car,0
single,male,43,skilled,own,no known savings,no checking,4042,24,used car,1
single,male,35,skilled,for free,<100,no checking,1471,15,radio/tv,1
single,male,32,unskilled resident,for free,<100,<0,1442,18,new car,0
single,male,45,skilled,own,<100,no checking,10875,36,new car,1
mar/wid,male,33,skilled,own,100<=X<500,no checking,1474,24,new car,1
div/dep/mar,female,40,skilled,own,no known savings,no checking,894,10,retraining,1
single,male,28,skilled,for free,<100,no checking,3343,15,furniture/equipment,1
div/dep/mar,female,29,skilled,own,<100,<0,3959,15,new car,0
single,male,26,skilled,rent,100<=X<500,no checking,3577,9,new car,1
single,male,27,skilled,own,>=1000,no checking,5804,24,used car,1
mar/wid,male,28,skilled,own,<100,no checking,2169,18,business,0
div/dep/mar,female,35,skilled,own,<100,<0,2439,24,radio/tv,0
single,male,32,unskilled resident,own,>=1000,no checking,4526,27,furniture/equipment,1
single,male,25,unskilled resident,rent,<100,no checking,2210,10,furniture/equipment,0
div/dep/mar,female,20,skilled,rent,500<=X<1000,no checking,2221,15,furniture/equipment,1
div/dep/mar,female,27,skilled,own,<100,<0,2389,18,radio/tv,1
single,male,42,skilled,own,<100,no checking,3331,12,furniture/equipment,1
single,male,37,skilled,own,no known savings,no checking,7409,36,business,1
div/dep/mar,female,24,skilled,rent,<100,<0,652,12,furniture/equipment,1
div/dep/mar,female,40,skilled,own,500<=X<1000,no checking,7678,36,furniture/equipment,1
single,male,46,skilled,own,<100,>=200,1343,6,new car,1
single,male,26,skilled,own,100<=X<500,<0,1382,24,business,1
div/dep/mar,female,24,skilled,own,no known savings,no checking,874,15,domestic appliance,1
single,male,29,unskilled resident,own,<100,<0,3590,12,furniture/equipment,1
div/dep/mar,female,40,skilled,own,>=1000,0<=X<200,1322,11,new car,1
single,male,36,high qualif/self emp/mgmt,for free,<100,<0,1940,18,radio/tv,1
single,male,28,skilled,own,<100,no checking,3595,36,radio/tv,1
single,male,27,high qualif/self emp/mgmt,for free,<100,<0,1422,9,new car,0
single,male,36,skilled,own,no known savings,no checking,6742,30,radio/tv,1
single,male,38,high qualif/self emp/mgmt,own,<100,no checking,7814,24,used car,1
div/sep,male,48,skilled,for free,no known savings,no checking,9277,24,used car,1
single,male,36,skilled,own,no known savings,0<=X<200,2181,30,new car,1
div/dep/mar,female,65,unemp/unskilled non res,own,<100,no checking,1098,18,radio/tv,1
div/sep,male,43,skilled,own,<100,0<=X<200,4057,24,furniture/equipment,0
div/dep/mar,female,53,skilled,own,<100,<0,795,12,education,0
single,male,34,skilled,own,no known savings,0<=X<200,2825,24,business,1
single,male,23,skilled,own,<100,0<=X<200,15672,48,business,0
single,male,34,high qualif/self emp/mgmt,own,<100,no checking,6614,36,new car,1
single,male,40,skilled,rent,no known savings,no checking,7824,28,used car,1
single,male,43,high qualif/self emp/mgmt,own,<100,<0,2442,27,business,1
single,male,46,skilled,own,<100,no checking,1829,15,radio/tv,1
single,male,38,unskilled resident,own,<100,<0,2171,12,new car,1
single,male,34,skilled,own,<100,0<=X<200,5800,36,used car,1
single,male,29,skilled,own,no known savings,no checking,1169,18,radio/tv,1
single,male,31,high qualif/self emp/mgmt,own,no known savings,no checking,8947,36,used car,1
div/dep/mar,female,28,high qualif/self emp/mgmt,rent,<100,<0,2606,21,radio/tv,1
div/dep/mar,female,35,skilled,own,>=1000,no checking,1592,12,furniture/equipment,1
div/dep/mar,female,33,unskilled resident,rent,no known savings,no checking,2186,15,furniture/equipment,1
single,male,42,skilled,own,<100,<0,4153,18,furniture/equipment,0
single,male,43,skilled,rent,<100,<0,2625,16,new car,0
div/sep,male,44,skilled,own,no known savings,no checking,3485,20,new car,1
single,male,42,skilled,for free,no known savings,no checking,10477,36,used car,1
mar/wid,male,40,skilled,rent,no known savings,no checking,1386,15,radio/tv,1
single,male,36,high qualif/self emp/mgmt,own,<100,no checking,1278,24,radio/tv,1
single,male,20,high qualif/self emp/mgmt,rent,<100,<0,1107,12,radio/tv,1
single,male,24,unskilled resident,own,no known savings,<0,3763,21,new car,1
mar/wid,male,27,skilled,own,no known savings,0<=X<200,3711,36,education,1
div/dep/mar,female,46,unskilled resident,own,<100,no checking,3594,15,used car,1
div/dep/mar,female,33,unskilled resident,own,no known savings,0<=X<200,3195,9,new car,1
div/dep/mar,female,34,skilled,own,<100,no checking,4454,36,radio/tv,1
div/dep/mar,female,25,unskilled resident,own,<100,0<=X<200,4736,24,furniture/equipment,0
div/dep/mar,female,25,skilled,own,no known savings,0<=X<200,2991,30,radio/tv,1
div/sep,male,28,skilled,own,>=1000,no checking,2142,11,business,1
single,male,31,skilled,rent,<100,<0,3161,24,business,0
div/dep/mar,female,32,high qualif/self emp/mgmt,own,<100,0<=X<200,18424,48,other,0
single,male,32,skilled,own,100<=X<500,no checking,2848,10,used car,1
single,male,68,high qualif/self emp/mgmt,own,<100,<0,14896,6,new car,0
div/sep,male,33,skilled,own,100<=X<500,<0,2359,24,furniture/equipment,0
single,male,39,high qualif/self emp/mgmt,rent,<100,<0,3345,24,furniture/equipment,0
div/dep/mar,female,28,skilled,own,<100,no checking,1817,18,furniture/equipment,1
single,male,37,high qualif/self emp/mgmt,own,500<=X<1000,no checking,12749,48,radio/tv,1
div/dep/mar,female,22,skilled,rent,<100,<0,1366,9,radio/tv,0
single,male,30,skilled,rent,<100,0<=X<200,2002,12,new car,1
div/sep,male,55,skilled,own,<100,<0,6872,24,furniture/equipment,0
single,male,46,skilled,own,<100,<0,697,12,new car,0
div/dep/mar,female,21,skilled,rent,<100,<0,1049,18,furniture/equipment,1
single,male,39,skilled,for free,<100,<0,10297,48,used car,0
single,male,58,skilled,own,no known savings,no checking,1867,30,radio/tv,1
single,male,43,unskilled resident,own,<100,<0,1344,12,new car,1
single,male,24,unskilled resident,own,<100,<0,1747,24,furniture/equipment,1
div/dep/mar,female,22,skilled,own,<100,0<=X<200,1670,9,radio/tv,0
single,male,30,skilled,own,<100,no checking,1224,9,new car,1
single,male,42,skilled,own,500<=X<1000,no checking,522,12,radio/tv,1
div/dep/mar,female,23,skilled,own,<100,<0,1498,12,radio/tv,1
single,male,30,high qualif/self emp/mgmt,own,100<=X<500,0<=X<200,1919,30,radio/tv,0
div/dep/mar,female,28,unskilled resident,own,<100,>=200,745,9,radio/tv,0
mar/wid,male,30,high qualif/self emp/mgmt,rent,<100,0<=X<200,2063,6,radio/tv,1
single,male,42,skilled,for free,<100,0<=X<200,6288,60,education,0
single,male,46,high qualif/self emp/mgmt,own,no known savings,no checking,6842,24,used car,1
single,male,45,high qualif/self emp/mgmt,own,no known savings,no checking,3527,12,new car,1
single,male,31,unskilled resident,own,<100,no checking,1546,10,new car,1
single,male,31,skilled,own,no known savings,no checking,929,24,furniture/equipment,1
single,male,42,unskilled resident,own,<100,no checking,1455,4,new car,1
div/dep/mar,female,46,skilled,rent,<100,<0,1845,15,furniture/equipment,1
div/dep/mar,female,30,skilled,own,500<=X<1000,0<=X<200,8358,48,new car,1
single,male,30,skilled,for free,500<=X<1000,<0,3349,24,furniture/equipment,0
single,male,38,high qualif/self emp/mgmt,own,no known savings,no checking,2859,12,new car,1
mar/wid,male,43,unskilled resident,own,<100,no checking,1533,18,furniture/equipment,0
single,male,31,skilled,own,100<=X<500,no checking,3621,24,radio/tv,0
mar/wid,male,40,unemp/unskilled non res,own,<100,0<=X<200,3590,18,business,1
single,male,24,skilled,own,<100,<0,2145,36,business,0
div/dep/mar,female,28,skilled,rent,500<=X<1000,0<=X<200,4113,24,used car,0
div/dep/mar,female,26,high qualif/self emp/mgmt,own,<100,no checking,10974,36,furniture/equipment,0
div/dep/mar,female,29,skilled,own,<100,<0,1893,12,new car,1
div/dep/mar,female,57,high qualif/self emp/mgmt,rent,>=1000,<0,1231,24,radio/tv,1
single,male,49,unskilled resident,own,no known savings,>=200,3656,30,radio/tv,1
single,male,37,unskilled resident,own,<100,0<=X<200,1154,9,radio/tv,1
single,male,45,unskilled resident,own,<100,<0,4006,28,new car,0
single,male,30,skilled,for free,100<=X<500,0<=X<200,3069,24,furniture/equipment,1
mar/wid,male,30,skilled,rent,<100,no checking,1740,6,radio/tv,1
div/sep,male,47,skilled,own,<100,0<=X<200,2353,21,new car,1
single,male,29,skilled,own,no known savings,no checking,3556,15,new car,1
single,male,35,skilled,own,500<=X<1000,no checking,2397,24,radio/tv,0
mar/wid,male,22,unskilled resident,own,<100,0<=X<200,454,6,repairs,1
div/dep/mar,female,26,skilled,own,no known savings,0<=X<200,1715,30,radio/tv,1
single,male,23,unskilled resident,own,500<=X<1000,0<=X<200,2520,27,radio/tv,0
div/dep/mar,female,54,high qualif/self emp/mgmt,rent,<100,no checking,3568,15,radio/tv,1
mar/wid,male,29,skilled,rent,no known savings,no checking,7166,42,radio/tv,1
single,male,40,unskilled resident,own,<100,<0,3939,11,new car,1
single,male,22,skilled,own,100<=X<500,0<=X<200,1514,15,repairs,1
single,male,43,unskilled resident,own,<100,no checking,7393,24,new car,1
div/dep/mar,female,29,unemp/unskilled non res,rent,<100,<0,1193,24,new car,0
single,male,36,skilled,rent,<100,<0,7297,60,business,0
div/dep/mar,female,33,skilled,own,<100,no checking,2831,30,radio/tv,1
div/dep/mar,female,57,unskilled resident,own,500<=X<1000,>=200,1258,24,radio/tv,1
div/dep/mar,female,64,skilled,own,<100,0<=X<200,753,6,radio/tv,1
single,male,42,skilled,own,no known savings,0<=X<200,2427,18,business,1
single,male,47,unskilled resident,own,<100,no checking,2538,24,new car,0
mar/wid,male,25,skilled,rent,100<=X<500,0<=X<200,1264,15,new car,0
single,male,49,skilled,own,<100,0<=X<200,8386,30,furniture/equipment,0
single,male,33,high qualif/self emp/mgmt,rent,<100,no checking,4844,48,business,0
div/dep/mar,female,28,high qualif/self emp/mgmt,own,100<=X<500,>=200,2923,21,new car,1
single,male,26,skilled,own,<100,<0,8229,36,used car,0
single,male,30,unskilled resident,own,<100,no checking,2028,24,furniture/equipment,1
div/dep/mar,female,25,skilled,rent,<100,<0,1433,15,furniture/equipment,1
div/sep,male,33,skilled,own,<100,>=200,6289,42,business,1
div/dep/mar,female,64,skilled,own,100<=X<500,no checking,1409,13,radio/tv,1
single,male,29,high qualif/self emp/mgmt,for free,<100,<0,6579,24,used car,1
single,male,48,unskilled resident,own,<100,0<=X<200,1743,24,radio/tv,1
single,male,37,unskilled resident,own,no known savings,no checking,3565,12,education,1
single,male,34,unskilled resident,own,100<=X<500,no checking,1569,15,radio/tv,1
mar/wid,male,23,unskilled resident,rent,no known savings,<0,1936,18,radio/tv,1
single,male,30,high qualif/self emp/mgmt,own,<100,<0,3959,36,furniture/equipment,1
single,male,50,skilled,own,no known savings,no checking,2390,12,new car,1
div/dep/mar,female,31,unskilled resident,own,<100,no checking,1736,12,furniture/equipment,1
div/sep,male,40,high qualif/self emp/mgmt,own,<100,<0,3857,30,used car,1
single,male,38,skilled,own,<100,no checking,804,12,radio/tv,1
single,male,23,skilled,for free,<100,<0,1845,45,radio/tv,0
single,male,27,skilled,own,100<=X<500,0<=X<200,4576,45,used car,1